label,text,category
1,"International Oil Company hiring Field Support Staff in Ibadan. Earn N350,000 monthly. Send application details via WhatsApp: 09032873342",fake_job
0,9mobile: You have successfully activated 1.5GB Data Plan. Valid for 30 days. Dial *312# to check your data balance.,telco_info
0,"Glo: Dear Customer, you have used 80% of your daily data bundle. Dial *323# to buy a top-up.",telco_info
1,"Federal Govt Empowerment Fund: You are eligible to receive N50,000 relief grant. Claim your grant here: http://fg-empowerment-ng.site",grant_fraud
0,"Glo: Dear Customer, you have used 80% of your daily data bundle. Dial *323# to buy a top-up.",telco_info
1,DEBT WARNING: OLUMIDE with phone 08029919848 is a chronic defaulter on FastCash. Pay your debt today to avoid publishing your BVN online.,loan_harassment
0,I have arrived at Surulere. Will call you once the meeting is done.,personal
0,Guy how far? You go dey online tonight for the match? Make we talk football.,personal
1,"Central Bank Investment Scheme: N10,000 gives N30,000 in 24 hours. No loss. Call admin on 08022915163 now.",ponzi
0,"Access Bank: Acct 012***2907 Debited: N5,000.00 Desc: POS PURCHASE - Kano. Bal: N29,000.00.",bank_alert
0,Guy how far? You go dey online tonight for the match? Make we talk football.,personal
1,"Federal Govt Empowerment Fund: You are eligible to receive N50,000 relief grant. Claim your grant here: http://fg-empowerment-ng.site",grant_fraud
1,"Credit Alert: N410,000.00 credited to your account from SUNDAY. Ref: TRX46314728. Call 09012124006 if you did not expect this payment.",fake_alert
1,"Get instant loan of N47,000 directly to your OPay account in 2 minutes! No document needed. Download: bit.ly/ng-loan-11",loan_scam
0,"MTN: Dear Customer, you have used 80% of your daily data bundle. Dial *323# to buy a top-up.",telco_info
1,"Central Bank Investment Scheme: N10,000 gives N30,000 in 24 hours. No loss. Call admin on 08169326334 now.",ponzi
0,9mobile: You have successfully activated 1.5GB Data Plan. Valid for 30 days. Dial *312# to check your data balance.,telco_info
1,"JOB OFFER: Urgently recruiting Admin Officers at Kano, Lagos. Salary: N180,000/month. Text YES to 08136998480 for interview invitation.",fake_job
1,"International Oil Company hiring Field Support Staff in Port Harcourt. Earn N350,000 monthly. Send application details via WhatsApp: 08123918867",fake_job
0,"MTN: Dear Customer, you have used 80% of your daily data bundle. Dial *323# to buy a top-up.",telco_info
1,URGENT: Your UBA account has been restricted due to unverified BVN. Call 08031995009 immediately to update your details.,banking_phishing
0,"Airtel: Dear Customer, you have used 80% of your daily data bundle. Dial *323# to buy a top-up.",telco_info
0,I have arrived at Ikeja. Will call you once the meeting is done.,personal
0,"Bro, abeg transfer N4,000 give me. I dey Abuja like this, money no dey my hand for transport.",personal
1,"ALERT: A transaction of N16,000 was attempted on your UBA app. If not you, click http://zenith-secure-portal.com to block account.",banking_phishing
0,"Bro, abeg transfer N9,000 give me. I dey Yaba like this, money no dey my hand for transport.",personal
1,"ALERT: A transaction of N22,000 was attempted on your Fidelity app. If not you, click http://firstbank-secure-portal.com to block account.",banking_phishing
1,"ALERT: A transaction of N11,000 was attempted on your Access Bank app. If not you, click http://zenith-secure-portal.com to block account.",banking_phishing
1,URGENT: Your Access Bank account has been restricted due to unverified NIN. Call 08126481312 immediately to update your details.,banking_phishing
0,"OPay: Acct 012***6307 Debited: N8,000.00 Desc: POS PURCHASE - Kano. Bal: N27,000.00.",bank_alert
1,URGENT: Your Fidelity account has been restricted due to unverified BVN. Call 08131586904 immediately to update your details.,banking_phishing
0,Good morning ma. Please remember to buy bread and sachet water on your way back from work.,personal
0,"Access Bank: Your One Time Password (OTP) is 502890 for transfer of N3,000.00 to ADAMU. Valid for 5 minutes. DO NOT SHARE.",otp
0,"PalmPay: Acct 012***3846 Debited: N6,000.00 Desc: POS PURCHASE - Yaba. Bal: N32,000.00.",bank_alert
0,"PalmPay: Your One Time Password (OTP) is 747637 for transfer of N5,000.00 to CHUKWUEMEKA. Valid for 5 minutes. DO NOT SHARE.",otp
1,"Invest N6,000 and get N38,000 in 45 minutes! 100% paying platform guaranteed. Join Telegram: t.me/ng_crypto_doubler",ponzi
0,"GTBank: Acct 012***3822 Debited: N1,000.00 Desc: POS PURCHASE - Yaba. Bal: N44,000.00.",bank_alert
0,"PalmPay: Your One Time Password (OTP) is 949710 for transfer of N7,000.00 to KELECHI. Valid for 5 minutes. DO NOT SHARE.",otp
1,"Invest N6,000 and get N29,000 in 45 minutes! 100% paying platform guaranteed. Join Telegram: t.me/ng_crypto_doubler",ponzi
1,"Credit Alert: N612,000.00 credited to your account from CHIOMA. Ref: TRX70571332. Call 08021210314 if you did not expect this payment.",fake_alert
1,"Get instant loan of N37,000 directly to your PalmPay account in 2 minutes! No document needed. Download: bit.ly/ng-loan-24",loan_scam
0,"MTN: Dear Customer, you have used 80% of your daily data bundle. Dial *323# to buy a top-up.",telco_info
0,I have arrived at Enugu. Will call you once the meeting is done.,personal
0,"Fidelity: Your One Time Password (OTP) is 157919 for transfer of N7,000.00 to BLESSING. Valid for 5 minutes. DO NOT SHARE.",otp
1,"Federal Govt Empowerment Fund: You are eligible to receive N50,000 relief grant. Claim your grant here: http://fg-empowerment-ng.site",grant_fraud
1,DEBT WARNING: KELECHI with phone 08137707050 is a chronic defaulter on LendNG. Pay your debt today to avoid publishing your BVN online.,loan_harassment
1,DEBT WARNING: OLUMIDE with phone 09010855110 is a chronic defaulter on FastCash. Pay your debt today to avoid publishing your BVN online.,loan_harassment
1,"Dear customer, your BVN has been flagged for fraud. Kindly text your 11-digit BVN and DOB to 09019845855 to clear your profile.",banking_phishing
0,"FirstBank: Acct 012***8978 Debited: N4,000.00 Desc: POS PURCHASE - Lekki. Bal: N25,000.00.",bank_alert
0,"FirstBank: Your One Time Password (OTP) is 545668 for transfer of N2,000.00 to EMMANUEL. Valid for 5 minutes. DO NOT SHARE.",otp
0,"Bro, abeg transfer N6,000 give me. I dey Surulere like this, money no dey my hand for transport.",personal
0,"GTBank: Your One Time Password (OTP) is 879670 for transfer of N9,000.00 to ADAMU. Valid for 5 minutes. DO NOT SHARE.",otp
0,"Zenith Bank: Credit N32,000.00. Desc: NIP/TRANSFER FROM SUNDAY. Bal: N371,000.00.",bank_alert
0,"PalmPay: Credit N46,000.00. Desc: NIP/TRANSFER FROM ADAMU. Bal: N820,000.00.",bank_alert
0,"Airtel: Dear Customer, you have used 80% of your daily data bundle. Dial *323# to buy a top-up.",telco_info
0,Guy how far? You go dey online tonight for the match? Make we talk football.,personal
1,"Invest N9,000 and get N21,000 in 45 minutes! 100% paying platform guaranteed. Join Telegram: t.me/ng_crypto_doubler",ponzi
1,"Central Bank Investment Scheme: N10,000 gives N30,000 in 24 hours. No loss. Call admin on 08032955485 now.",ponzi
0,Guy how far? You go dey online tonight for the match? Make we talk football.,personal
0,"PalmPay: Credit N36,000.00. Desc: NIP/TRANSFER FROM BLESSING. Bal: N323,000.00.",bank_alert
1,URGENT: Your GTBank account has been restricted due to unverified BVN. Call 08027586373 immediately to update your details.,banking_phishing
0,"Bro, abeg transfer N9,000 give me. I dey Ibadan like this, money no dey my hand for transport.",personal
1,"Invest N9,000 and get N39,000 in 45 minutes! 100% paying platform guaranteed. Join Telegram: t.me/ng_crypto_doubler",ponzi
1,"Get instant loan of N29,000 directly to your Fidelity account in 2 minutes! No document needed. Download: bit.ly/ng-loan-46",loan_scam
0,I have arrived at Ikeja. Will call you once the meeting is done.,personal
1,"Credit Alert: N510,000.00 credited to your account from BLESSING. Ref: TRX38300339. Call 08024542289 if you did not expect this payment.",fake_alert
0,Glo: You have successfully activated 1.5GB Data Plan. Valid for 30 days. Dial *312# to check your data balance.,telco_info
0,Guy how far? You go dey online tonight for the match? Make we talk football.,personal
0,"Zenith Bank: Credit N23,000.00. Desc: NIP/TRANSFER FROM SUNDAY. Bal: N431,000.00.",bank_alert
0,"Access Bank: Credit N24,000.00. Desc: NIP/TRANSFER FROM EMMANUEL. Bal: N366,000.00.",bank_alert
1,"Federal Govt Empowerment Fund: You are eligible to receive N50,000 relief grant. Claim your grant here: http://fg-empowerment-ng.site",grant_fraud
1,"Dear customer, your BVN has been flagged for fraud. Kindly text your 11-digit BVN and DOB to 08024358304 to clear your profile.",banking_phishing
1,"Credit Alert: N489,000.00 credited to your account from IBRAHIM. Ref: TRX67960609. Call 07039156100 if you did not expect this payment.",fake_alert
0,I have arrived at Port Harcourt. Will call you once the meeting is done.,personal
1,URGENT: Your UBA account has been restricted due to unverified BVN. Call 08032748124 immediately to update your details.,banking_phishing
0,I have arrived at Enugu. Will call you once the meeting is done.,personal
1,"Credit Alert: N394,000.00 credited to your account from IBRAHIM. Ref: TRX11305024. Call 07031633565 if you did not expect this payment.",fake_alert
1,"Federal Govt Empowerment Fund: You are eligible to receive N50,000 relief grant. Claim your grant here: http://fg-empowerment-ng.site",grant_fraud
1,"Federal Govt Empowerment Fund: You are eligible to receive N50,000 relief grant. Claim your grant here: http://fg-empowerment-ng.site",grant_fraud
0,"PalmPay: Credit N47,000.00. Desc: NIP/TRANSFER FROM ADAMU. Bal: N741,000.00.",bank_alert
0,"PalmPay: Acct 012***6977 Debited: N2,000.00 Desc: POS PURCHASE - Port Harcourt. Bal: N28,000.00.",bank_alert
0,"Bro, abeg transfer N8,000 give me. I dey Abuja like this, money no dey my hand for transport.",personal
0,"FirstBank: Your One Time Password (OTP) is 698832 for transfer of N9,000.00 to OLUMIDE. Valid for 5 minutes. DO NOT SHARE.",otp
0,"Bro, abeg transfer N1,000 give me. I dey Enugu like this, money no dey my hand for transport.",personal
1,URGENT: Your PalmPay account has been restricted due to unverified NIN. Call 08037548534 immediately to update your details.,banking_phishing
0,I have arrived at Yaba. Will call you once the meeting is done.,personal
1,DEBT WARNING: OLUMIDE with phone 08022072095 is a chronic defaulter on QuickLoan. Pay your debt today to avoid publishing your BVN online.,loan_harassment
0,"GTBank: Credit N42,000.00. Desc: NIP/TRANSFER FROM ADAMU. Bal: N814,000.00.",bank_alert
0,I have arrived at Abuja. Will call you once the meeting is done.,personal
0,Guy how far? You go dey online tonight for the match? Make we talk football.,personal
0,"Airtel: Dear Customer, you have used 80% of your daily data bundle. Dial *323# to buy a top-up.",telco_info
0,Guy how far? You go dey online tonight for the match? Make we talk football.,personal
0,"Airtel: Dear Customer, you have used 80% of your daily data bundle. Dial *323# to buy a top-up.",telco_info
1,URGENT: Your GTBank account has been restricted due to unverified NIN. Call 09030689217 immediately to update your details.,banking_phishing
0,"Bro, abeg transfer N3,000 give me. I dey Enugu like this, money no dey my hand for transport.",personal
0,Guy how far? You go dey online tonight for the match? Make we talk football.,personal
0,9mobile: You have successfully activated 1.5GB Data Plan. Valid for 30 days. Dial *312# to check your data balance.,telco_info
0,Guy how far? You go dey online tonight for the match? Make we talk football.,personal
0,"Airtel: Dear Customer, you have used 80% of your daily data bundle. Dial *323# to buy a top-up.",telco_info
0,"Access Bank: Acct 012***9931 Debited: N7,000.00 Desc: POS PURCHASE - Ibadan. Bal: N22,000.00.",bank_alert
1,"ALERT: A transaction of N39,000 was attempted on your Fidelity app. If not you, click http://zenith-secure-portal.com to block account.",banking_phishing
1,"Credit Alert: N662,000.00 credited to your account from BLESSING. Ref: TRX43252591. Call 08031387162 if you did not expect this payment.",fake_alert
1,"Federal Govt Empowerment Fund: You are eligible to receive N50,000 relief grant. Claim your grant here: http://fg-empowerment-ng.site",grant_fraud
1,"Credit Alert: N594,000.00 credited to your account from CHIOMA. Ref: TRX29457121. Call 08137936315 if you did not expect this payment.",fake_alert
1,"CONGRATULATIONS! Your mobile number won N561,000 in the Airtel Promo. Pay N1,000 processing fee to account 0123456789 to receive cash.",advance_fee
0,I have arrived at Port Harcourt. Will call you once the meeting is done.,personal
0,"UBA: Your One Time Password (OTP) is 895894 for transfer of N9,000.00 to SUNDAY. Valid for 5 minutes. DO NOT SHARE.",otp
1,"Dear customer, your BVN has been flagged for fraud. Kindly text your 11-digit BVN and DOB to 07038454225 to clear your profile.",banking_phishing
0,I have arrived at Ikeja. Will call you once the meeting is done.,personal
1,"International Oil Company hiring Field Support Staff in Surulere. Earn N350,000 monthly. Send application details via WhatsApp: 08162629287",fake_job
0,Good morning ma. Please remember to buy bread and sachet water on your way back from work.,personal
1,"Get instant loan of N23,000 directly to your Kuda account in 2 minutes! No document needed. Download: bit.ly/ng-loan-69",loan_scam
1,"Invest N2,000 and get N15,000 in 45 minutes! 100% paying platform guaranteed. Join Telegram: t.me/ng_crypto_doubler",ponzi
1,"Central Bank Investment Scheme: N10,000 gives N30,000 in 24 hours. No loss. Call admin on 08161102529 now.",ponzi
1,"JOB OFFER: Urgently recruiting Admin Officers at Enugu, Lagos. Salary: N180,000/month. Text YES to 08037909919 for interview invitation.",fake_job
1,URGENT: Your FirstBank account has been restricted due to unverified KYC records. Call 09017898497 immediately to update your details.,banking_phishing
0,"9mobile: Dear Customer, you have used 80% of your daily data bundle. Dial *323# to buy a top-up.",telco_info
1,DEBT WARNING: EMMANUEL with phone 08029505285 is a chronic defaulter on FastCash. Pay your debt today to avoid publishing your BVN online.,loan_harassment
0,I have arrived at Lekki. Will call you once the meeting is done.,personal
1,"Federal Govt Empowerment Fund: You are eligible to receive N50,000 relief grant. Claim your grant here: http://fg-empowerment-ng.site",grant_fraud
0,"Bro, abeg transfer N4,000 give me. I dey Yaba like this, money no dey my hand for transport.",personal
0,9mobile: You have successfully activated 1.5GB Data Plan. Valid for 30 days. Dial *312# to check your data balance.,telco_info
1,"Central Bank Investment Scheme: N10,000 gives N30,000 in 24 hours. No loss. Call admin on 07035720802 now.",ponzi
0,"Bro, abeg transfer N4,000 give me. I dey Port Harcourt like this, money no dey my hand for transport.",personal
0,"OPay: Credit N41,000.00. Desc: NIP/TRANSFER FROM KELECHI. Bal: N950,000.00.",bank_alert
1,"Dear customer, your BVN has been flagged for fraud. Kindly text your 11-digit BVN and DOB to 09038638646 to clear your profile.",banking_phishing
0,"Bro, abeg transfer N4,000 give me. I dey Abuja like this, money no dey my hand for transport.",personal
1,"Federal Govt Empowerment Fund: You are eligible to receive N50,000 relief grant. Claim your grant here: http://fg-empowerment-ng.site",grant_fraud
1,"Central Bank Investment Scheme: N10,000 gives N30,000 in 24 hours. No loss. Call admin on 09018639061 now.",ponzi
0,"Access Bank: Credit N27,000.00. Desc: NIP/TRANSFER FROM CHUKWUEMEKA. Bal: N243,000.00.",bank_alert
0,"OPay: Acct 012***4112 Debited: N8,000.00 Desc: POS PURCHASE - Abuja. Bal: N37,000.00.",bank_alert
0,"FirstBank: Credit N32,000.00. Desc: NIP/TRANSFER FROM ADAMU. Bal: N734,000.00.",bank_alert
1,"Get instant loan of N35,000 directly to your GTBank account in 2 minutes! No document needed. Download: bit.ly/ng-loan-83",loan_scam
0,"Glo: Dear Customer, you have used 80% of your daily data bundle. Dial *323# to buy a top-up.",telco_info
1,DEBT WARNING: KELECHI with phone 07030675602 is a chronic defaulter on QuickLoan. Pay your debt today to avoid publishing your BVN online.,loan_harassment
0,"FirstBank: Credit N10,000.00. Desc: NIP/TRANSFER FROM IBRAHIM. Bal: N537,000.00.",bank_alert
1,URGENT: Your Access Bank account has been restricted due to unverified BVN. Call 09011583281 immediately to update your details.,banking_phishing
0,Guy how far? You go dey online tonight for the match? Make we talk football.,personal
1,"ALERT: A transaction of N32,000 was attempted on your UBA app. If not you, click http://gtb-secure-portal.com to block account.",banking_phishing
1,"JOB OFFER: Urgently recruiting Admin Officers at Ikeja, Lagos. Salary: N180,000/month. Text YES to 08020800458 for interview invitation.",fake_job
0,"Kuda: Your One Time Password (OTP) is 482585 for transfer of N8,000.00 to CHUKWUEMEKA. Valid for 5 minutes. DO NOT SHARE.",otp
0,"Bro, abeg transfer N1,000 give me. I dey Surulere like this, money no dey my hand for transport.",personal
1,"Dear customer, your BVN has been flagged for fraud. Kindly text your 11-digit BVN and DOB to 09032056341 to clear your profile.",banking_phishing
1,"CONGRATULATIONS! Your mobile number won N878,000 in the Airtel Promo. Pay N3,000 processing fee to account 0123456789 to receive cash.",advance_fee
0,I have arrived at Enugu. Will call you once the meeting is done.,personal
0,"Zenith Bank: Your One Time Password (OTP) is 656208 for transfer of N8,000.00 to EMMANUEL. Valid for 5 minutes. DO NOT SHARE.",otp
1,"JOB OFFER: Urgently recruiting Admin Officers at Port Harcourt, Lagos. Salary: N180,000/month. Text YES to 08127372041 for interview invitation.",fake_job
0,Good morning ma. Please remember to buy bread and sachet water on your way back from work.,personal
0,"Access Bank: Your One Time Password (OTP) is 435883 for transfer of N7,000.00 to KELECHI. Valid for 5 minutes. DO NOT SHARE.",otp
0,"PalmPay: Your One Time Password (OTP) is 220512 for transfer of N5,000.00 to IBRAHIM. Valid for 5 minutes. DO NOT SHARE.",otp
0,9mobile: You have successfully activated 1.5GB Data Plan. Valid for 30 days. Dial *312# to check your data balance.,telco_info
1,"JOB OFFER: Urgently recruiting Admin Officers at Lekki, Lagos. Salary: N180,000/month. Text YES to 08021094989 for interview invitation.",fake_job
1,"Dear customer, your BVN has been flagged for fraud. Kindly text your 11-digit BVN and DOB to 08163330773 to clear your profile.",banking_phishing
1,URGENT: Your Access Bank account has been restricted due to unverified KYC records. Call 09039380118 immediately to update your details.,banking_phishing
1,"International Oil Company hiring Field Support Staff in Port Harcourt. Earn N350,000 monthly. Send application details via WhatsApp: 09035118256",fake_job
1,"Credit Alert: N151,000.00 credited to your account from KELECHI. Ref: TRX36470408. Call 08130926978 if you did not expect this payment.",fake_alert
0,I have arrived at Abuja. Will call you once the meeting is done.,personal
1,DEBT WARNING: IBRAHIM with phone 09010765573 is a chronic defaulter on LendNG. Pay your debt today to avoid publishing your BVN online.,loan_harassment
0,"Bro, abeg transfer N5,000 give me. I dey Enugu like this, money no dey my hand for transport.",personal
0,"FirstBank: Acct 012***5001 Debited: N2,000.00 Desc: POS PURCHASE - Ibadan. Bal: N31,000.00.",bank_alert
0,Airtel: You have successfully activated 1.5GB Data Plan. Valid for 30 days. Dial *312# to check your data balance.,telco_info
1,"JOB OFFER: Urgently recruiting Admin Officers at Ikeja, Lagos. Salary: N180,000/month. Text YES to 08168000133 for interview invitation.",fake_job
1,URGENT: Your Zenith Bank account has been restricted due to unverified NIN. Call 09032364956 immediately to update your details.,banking_phishing
0,"PalmPay: Credit N47,000.00. Desc: NIP/TRANSFER FROM KELECHI. Bal: N187,000.00.",bank_alert
0,Guy how far? You go dey online tonight for the match? Make we talk football.,personal
0,MTN: You have successfully activated 1.5GB Data Plan. Valid for 30 days. Dial *312# to check your data balance.,telco_info
1,"JOB OFFER: Urgently recruiting Admin Officers at Port Harcourt, Lagos. Salary: N180,000/month. Text YES to 08031718729 for interview invitation.",fake_job
1,"International Oil Company hiring Field Support Staff in Yaba. Earn N350,000 monthly. Send application details via WhatsApp: 09017325737",fake_job
1,"ALERT: A transaction of N39,000 was attempted on your FirstBank app. If not you, click http://firstbank-secure-portal.com to block account.",banking_phishing
0,Glo: You have successfully activated 1.5GB Data Plan. Valid for 30 days. Dial *312# to check your data balance.,telco_info
0,"MTN: Dear Customer, you have used 80% of your daily data bundle. Dial *323# to buy a top-up.",telco_info
0,Airtel: You have successfully activated 1.5GB Data Plan. Valid for 30 days. Dial *312# to check your data balance.,telco_info
0,I have arrived at Abuja. Will call you once the meeting is done.,personal
0,9mobile: You have successfully activated 1.5GB Data Plan. Valid for 30 days. Dial *312# to check your data balance.,telco_info
1,"Central Bank Investment Scheme: N10,000 gives N30,000 in 24 hours. No loss. Call admin on 09012857256 now.",ponzi
0,"MTN: Dear Customer, you have used 80% of your daily data bundle. Dial *323# to buy a top-up.",telco_info
1,"Credit Alert: N500,000.00 credited to your account from ADAMU. Ref: TRX69256708. Call 08160060398 if you did not expect this payment.",fake_alert
1,"JOB OFFER: Urgently recruiting Admin Officers at Kano, Lagos. Salary: N180,000/month. Text YES to 08162998726 for interview invitation.",fake_job
1,"International Oil Company hiring Field Support Staff in Abuja. Earn N350,000 monthly. Send application details via WhatsApp: 09036611772",fake_job
0,Good morning ma. Please remember to buy bread and sachet water on your way back from work.,personal
1,"ALERT: A transaction of N26,000 was attempted on your PalmPay app. If not you, click http://firstbank-secure-portal.com to block account.",banking_phishing
0,"Bro, abeg transfer N8,000 give me. I dey Port Harcourt like this, money no dey my hand for transport.",personal
1,"CONGRATULATIONS! Your mobile number won N442,000 in the 9mobile Promo. Pay N2,000 processing fee to account 0123456789 to receive cash.",advance_fee
0,Glo: You have successfully activated 1.5GB Data Plan. Valid for 30 days. Dial *312# to check your data balance.,telco_info
0,"MTN: Dear Customer, you have used 80% of your daily data bundle. Dial *323# to buy a top-up.",telco_info
1,"JOB OFFER: Urgently recruiting Admin Officers at Enugu, Lagos. Salary: N180,000/month. Text YES to 08034490925 for interview invitation.",fake_job
1,"Credit Alert: N589,000.00 credited to your account from BLESSING. Ref: TRX60203335. Call 07032057036 if you did not expect this payment.",fake_alert
0,Guy how far? You go dey online tonight for the match? Make we talk football.,personal
1,"JOB OFFER: Urgently recruiting Admin Officers at Lekki, Lagos. Salary: N180,000/month. Text YES to 09018818837 for interview invitation.",fake_job
0,"OPay: Your One Time Password (OTP) is 485709 for transfer of N5,000.00 to SUNDAY. Valid for 5 minutes. DO NOT SHARE.",otp
1,"Dear customer, your BVN has been flagged for fraud. Kindly text your 11-digit BVN and DOB to 09012843044 to clear your profile.",banking_phishing
1,"Invest N5,000 and get N15,000 in 45 minutes! 100% paying platform guaranteed. Join Telegram: t.me/ng_crypto_doubler",ponzi
0,"MTN: Dear Customer, you have used 80% of your daily data bundle. Dial *323# to buy a top-up.",telco_info
0,"Access Bank: Your One Time Password (OTP) is 861607 for transfer of N2,000.00 to OLUMIDE. Valid for 5 minutes. DO NOT SHARE.",otp
0,"FirstBank: Your One Time Password (OTP) is 845380 for transfer of N6,000.00 to CHUKWUEMEKA. Valid for 5 minutes. DO NOT SHARE.",otp
1,"Central Bank Investment Scheme: N10,000 gives N30,000 in 24 hours. No loss. Call admin on 09036568629 now.",ponzi
1,"Get instant loan of N28,000 directly to your FirstBank account in 2 minutes! No document needed. Download: bit.ly/ng-loan-19",loan_scam
0,Airtel: You have successfully activated 1.5GB Data Plan. Valid for 30 days. Dial *312# to check your data balance.,telco_info
0,"MTN: Dear Customer, you have used 80% of your daily data bundle. Dial *323# to buy a top-up.",telco_info
0,"UBA: Your One Time Password (OTP) is 598705 for transfer of N6,000.00 to EMMANUEL. Valid for 5 minutes. DO NOT SHARE.",otp
0,"UBA: Credit N49,000.00. Desc: NIP/TRANSFER FROM SUNDAY. Bal: N691,000.00.",bank_alert
0,Good morning ma. Please remember to buy bread and sachet water on your way back from work.,personal
0,I have arrived at Enugu. Will call you once the meeting is done.,personal
0,9mobile: You have successfully activated 1.5GB Data Plan. Valid for 30 days. Dial *312# to check your data balance.,telco_info
1,"Invest N6,000 and get N38,000 in 45 minutes! 100% paying platform guaranteed. Join Telegram: t.me/ng_crypto_doubler",ponzi
0,I have arrived at Port Harcourt. Will call you once the meeting is done.,personal
0,I have arrived at Enugu. Will call you once the meeting is done.,personal
0,I have arrived at Lekki. Will call you once the meeting is done.,personal
1,DEBT WARNING: CHUKWUEMEKA with phone 08123936044 is a chronic defaulter on LendNG. Pay your debt today to avoid publishing your BVN online.,loan_harassment
0,"Fidelity: Acct 012***4656 Debited: N1,000.00 Desc: POS PURCHASE - Ibadan. Bal: N40,000.00.",bank_alert
0,9mobile: You have successfully activated 1.5GB Data Plan. Valid for 30 days. Dial *312# to check your data balance.,telco_info
1,"CONGRATULATIONS! Your mobile number won N291,000 in the Airtel Promo. Pay N9,000 processing fee to account 0123456789 to receive cash.",advance_fee
1,"International Oil Company hiring Field Support Staff in Kano. Earn N350,000 monthly. Send application details via WhatsApp: 09019693259",fake_job
1,URGENT: Your OPay account has been restricted due to unverified BVN. Call 08022280442 immediately to update your details.,banking_phishing
1,"Credit Alert: N199,000.00 credited to your account from IBRAHIM. Ref: TRX70573386. Call 08127619903 if you did not expect this payment.",fake_alert
1,"Get instant loan of N38,000 directly to your Access Bank account in 2 minutes! No document needed. Download: bit.ly/ng-loan-42",loan_scam
0,"OPay: Credit N33,000.00. Desc: NIP/TRANSFER FROM OLUMIDE. Bal: N306,000.00.",bank_alert
1,"CONGRATULATIONS! Your mobile number won N501,000 in the Glo Promo. Pay N2,000 processing fee to account 0123456789 to receive cash.",advance_fee
1,"Dear customer, your BVN has been flagged for fraud. Kindly text your 11-digit BVN and DOB to 08135022774 to clear your profile.",banking_phishing
1,"CONGRATULATIONS! Your mobile number won N184,000 in the Glo Promo. Pay N8,000 processing fee to account 0123456789 to receive cash.",advance_fee
0,"GTBank: Acct 012***8815 Debited: N3,000.00 Desc: POS PURCHASE - Ibadan. Bal: N17,000.00.",bank_alert
0,9mobile: You have successfully activated 1.5GB Data Plan. Valid for 30 days. Dial *312# to check your data balance.,telco_info
0,9mobile: You have successfully activated 1.5GB Data Plan. Valid for 30 days. Dial *312# to check your data balance.,telco_info
0,"Bro, abeg transfer N8,000 give me. I dey Enugu like this, money no dey my hand for transport.",personal
0,MTN: You have successfully activated 1.5GB Data Plan. Valid for 30 days. Dial *312# to check your data balance.,telco_info
0,"Airtel: Dear Customer, you have used 80% of your daily data bundle. Dial *323# to buy a top-up.",telco_info
0,"Zenith Bank: Your One Time Password (OTP) is 248670 for transfer of N5,000.00 to ADAMU. Valid for 5 minutes. DO NOT SHARE.",otp
1,"Central Bank Investment Scheme: N10,000 gives N30,000 in 24 hours. No loss. Call admin on 08027037613 now.",ponzi
0,"Bro, abeg transfer N6,000 give me. I dey Enugu like this, money no dey my hand for transport.",personal
0,Airtel: You have successfully activated 1.5GB Data Plan. Valid for 30 days. Dial *312# to check your data balance.,telco_info
1,"Dear customer, your BVN has been flagged for fraud. Kindly text your 11-digit BVN and DOB to 08020757918 to clear your profile.",banking_phishing
1,DEBT WARNING: IBRAHIM with phone 09018254677 is a chronic defaulter on LendNG. Pay your debt today to avoid publishing your BVN online.,loan_harassment
0,Good morning ma. Please remember to buy bread and sachet water on your way back from work.,personal
0,"Bro, abeg transfer N1,000 give me. I dey Port Harcourt like this, money no dey my hand for transport.",personal
0,"Zenith Bank: Acct 012***6015 Debited: N4,000.00 Desc: POS PURCHASE - Yaba. Bal: N28,000.00.",bank_alert
1,"Federal Govt Empowerment Fund: You are eligible to receive N50,000 relief grant. Claim your grant here: http://fg-empowerment-ng.site",grant_fraud
1,URGENT: Your Kuda account has been restricted due to unverified KYC records. Call 08167382646 immediately to update your details.,banking_phishing
0,Guy how far? You go dey online tonight for the match? Make we talk football.,personal
0,"Bro, abeg transfer N1,000 give me. I dey Yaba like this, money no dey my hand for transport.",personal
1,"ALERT: A transaction of N28,000 was attempted on your Access Bank app. If not you, click http://gtb-secure-portal.com to block account.",banking_phishing
1,"Invest N4,000 and get N38,000 in 45 minutes! 100% paying platform guaranteed. Join Telegram: t.me/ng_crypto_doubler",ponzi
1,"Central Bank Investment Scheme: N10,000 gives N30,000 in 24 hours. No loss. Call admin on 08028958123 now.",ponzi
0,"Bro, abeg transfer N1,000 give me. I dey Surulere like this, money no dey my hand for transport.",personal
1,URGENT: Your Kuda account has been restricted due to unverified BVN. Call 07030767899 immediately to update your details.,banking_phishing
0,Guy how far? You go dey online tonight for the match? Make we talk football.,personal
0,"GTBank: Acct 012***3566 Debited: N9,000.00 Desc: POS PURCHASE - Port Harcourt. Bal: N21,000.00.",bank_alert
1,"Get instant loan of N36,000 directly to your OPay account in 2 minutes! No document needed. Download: bit.ly/ng-loan-42",loan_scam
0,"Access Bank: Your One Time Password (OTP) is 719852 for transfer of N1,000.00 to CHUKWUEMEKA. Valid for 5 minutes. DO NOT SHARE.",otp
1,DEBT WARNING: BLESSING with phone 07035592815 is a chronic defaulter on LendNG. Pay your debt today to avoid publishing your BVN online.,loan_harassment
0,"Kuda: Credit N26,000.00. Desc: NIP/TRANSFER FROM EMMANUEL. Bal: N214,000.00.",bank_alert
0,"OPay: Credit N34,000.00. Desc: NIP/TRANSFER FROM EMMANUEL. Bal: N814,000.00.",bank_alert
0,"Zenith Bank: Acct 012***4079 Debited: N5,000.00 Desc: POS PURCHASE - Port Harcourt. Bal: N37,000.00.",bank_alert
1,"JOB OFFER: Urgently recruiting Admin Officers at Surulere, Lagos. Salary: N180,000/month. Text YES to 08139211878 for interview invitation.",fake_job
0,"GTBank: Acct 012***3689 Debited: N3,000.00 Desc: POS PURCHASE - Ibadan. Bal: N29,000.00.",bank_alert
1,URGENT: Your Access Bank account has been restricted due to unverified BVN. Call 08129455469 immediately to update your details.,banking_phishing
0,Guy how far? You go dey online tonight for the match? Make we talk football.,personal
1,"Dear customer, your BVN has been flagged for fraud. Kindly text your 11-digit BVN and DOB to 09034041209 to clear your profile.",banking_phishing
0,"Glo: Dear Customer, you have used 80% of your daily data bundle. Dial *323# to buy a top-up.",telco_info
0,I have arrived at Kano. Will call you once the meeting is done.,personal
0,"MTN: Dear Customer, you have used 80% of your daily data bundle. Dial *323# to buy a top-up.",telco_info
0,9mobile: You have successfully activated 1.5GB Data Plan. Valid for 30 days. Dial *312# to check your data balance.,telco_info
0,"PalmPay: Acct 012***6197 Debited: N9,000.00 Desc: POS PURCHASE - Kano. Bal: N22,000.00.",bank_alert
1,"Invest N7,000 and get N48,000 in 45 minutes! 100% paying platform guaranteed. Join Telegram: t.me/ng_crypto_doubler",ponzi
0,"Airtel: Dear Customer, you have used 80% of your daily data bundle. Dial *323# to buy a top-up.",telco_info
0,Good morning ma. Please remember to buy bread and sachet water on your way back from work.,personal
0,"OPay: Your One Time Password (OTP) is 266748 for transfer of N7,000.00 to CHIOMA. Valid for 5 minutes. DO NOT SHARE.",otp
1,"Federal Govt Empowerment Fund: You are eligible to receive N50,000 relief grant. Claim your grant here: http://fg-empowerment-ng.site",grant_fraud
0,Guy how far? You go dey online tonight for the match? Make we talk football.,personal
1,"Get instant loan of N16,000 directly to your FirstBank account in 2 minutes! No document needed. Download: bit.ly/ng-loan-24",loan_scam
1,"Federal Govt Empowerment Fund: You are eligible to receive N50,000 relief grant. Claim your grant here: http://fg-empowerment-ng.site",grant_fraud
0,Guy how far? You go dey online tonight for the match? Make we talk football.,personal
1,"ALERT: A transaction of N37,000 was attempted on your Fidelity app. If not you, click http://zenith-secure-portal.com to block account.",banking_phishing
1,"JOB OFFER: Urgently recruiting Admin Officers at Kano, Lagos. Salary: N180,000/month. Text YES to 08163383040 for interview invitation.",fake_job
0,"PalmPay: Credit N40,000.00. Desc: NIP/TRANSFER FROM SUNDAY. Bal: N394,000.00.",bank_alert
1,"Credit Alert: N919,000.00 credited to your account from CHUKWUEMEKA. Ref: TRX51431495. Call 08131452378 if you did not expect this payment.",fake_alert
0,"Airtel: Dear Customer, you have used 80% of your daily data bundle. Dial *323# to buy a top-up.",telco_info
1,"Federal Govt Empowerment Fund: You are eligible to receive N50,000 relief grant. Claim your grant here: http://fg-empowerment-ng.site",grant_fraud
0,"Bro, abeg transfer N4,000 give me. I dey Lekki like this, money no dey my hand for transport.",personal
0,Guy how far? You go dey online tonight for the match? Make we talk football.,personal
0,"Bro, abeg transfer N7,000 give me. I dey Kano like this, money no dey my hand for transport.",personal
1,"Invest N4,000 and get N44,000 in 45 minutes! 100% paying platform guaranteed. Join Telegram: t.me/ng_crypto_doubler",ponzi
1,"Dear customer, your BVN has been flagged for fraud. Kindly text your 11-digit BVN and DOB to 07033897607 to clear your profile.",banking_phishing
1,"ALERT: A transaction of N34,000 was attempted on your Access Bank app. If not you, click http://gtb-secure-portal.com to block account.",banking_phishing
0,"PalmPay: Your One Time Password (OTP) is 688956 for transfer of N8,000.00 to EMMANUEL. Valid for 5 minutes. DO NOT SHARE.",otp
1,"Credit Alert: N222,000.00 credited to your account from EMMANUEL. Ref: TRX28142474. Call 08031664802 if you did not expect this payment.",fake_alert
1,"Central Bank Investment Scheme: N10,000 gives N30,000 in 24 hours. No loss. Call admin on 08030352751 now.",ponzi
0,"UBA: Your One Time Password (OTP) is 596716 for transfer of N1,000.00 to EMMANUEL. Valid for 5 minutes. DO NOT SHARE.",otp
1,"Get instant loan of N38,000 directly to your PalmPay account in 2 minutes! No document needed. Download: bit.ly/ng-loan-96",loan_scam
1,DEBT WARNING: KELECHI with phone 07034045883 is a chronic defaulter on PalmCredit. Pay your debt today to avoid publishing your BVN online.,loan_harassment
0,Good morning ma. Please remember to buy bread and sachet water on your way back from work.,personal
1,"Central Bank Investment Scheme: N10,000 gives N30,000 in 24 hours. No loss. Call admin on 08128207907 now.",ponzi
0,Guy how far? You go dey online tonight for the match? Make we talk football.,personal
0,"Zenith Bank: Credit N40,000.00. Desc: NIP/TRANSFER FROM EMMANUEL. Bal: N403,000.00.",bank_alert
1,"Central Bank Investment Scheme: N10,000 gives N30,000 in 24 hours. No loss. Call admin on 08039043518 now.",ponzi
0,"UBA: Your One Time Password (OTP) is 359660 for transfer of N3,000.00 to CHIOMA. Valid for 5 minutes. DO NOT SHARE.",otp
0,"Fidelity: Credit N34,000.00. Desc: NIP/TRANSFER FROM EMMANUEL. Bal: N573,000.00.",bank_alert
0,"UBA: Your One Time Password (OTP) is 440888 for transfer of N1,000.00 to EMMANUEL. Valid for 5 minutes. DO NOT SHARE.",otp
0,Good morning ma. Please remember to buy bread and sachet water on your way back from work.,personal
1,"Get instant loan of N24,000 directly to your PalmPay account in 2 minutes! No document needed. Download: bit.ly/ng-loan-84",loan_scam
0,"Airtel: Dear Customer, you have used 80% of your daily data bundle. Dial *323# to buy a top-up.",telco_info
1,"Central Bank Investment Scheme: N10,000 gives N30,000 in 24 hours. No loss. Call admin on 08025109346 now.",ponzi
1,"Federal Govt Empowerment Fund: You are eligible to receive N50,000 relief grant. Claim your grant here: http://fg-empowerment-ng.site",grant_fraud
1,"CONGRATULATIONS! Your mobile number won N306,000 in the MTN Promo. Pay N1,000 processing fee to account 0123456789 to receive cash.",advance_fee
1,"Federal Govt Empowerment Fund: You are eligible to receive N50,000 relief grant. Claim your grant here: http://fg-empowerment-ng.site",grant_fraud
1,"Federal Govt Empowerment Fund: You are eligible to receive N50,000 relief grant. Claim your grant here: http://fg-empowerment-ng.site",grant_fraud
0,"9mobile: Dear Customer, you have used 80% of your daily data bundle. Dial *323# to buy a top-up.",telco_info
0,Good morning ma. Please remember to buy bread and sachet water on your way back from work.,personal
0,"Bro, abeg transfer N6,000 give me. I dey Surulere like this, money no dey my hand for transport.",personal
1,"CONGRATULATIONS! Your mobile number won N556,000 in the Airtel Promo. Pay N3,000 processing fee to account 0123456789 to receive cash.",advance_fee
0,"Access Bank: Your One Time Password (OTP) is 462351 for transfer of N3,000.00 to IBRAHIM. Valid for 5 minutes. DO NOT SHARE.",otp
1,"Invest N1,000 and get N32,000 in 45 minutes! 100% paying platform guaranteed. Join Telegram: t.me/ng_crypto_doubler",ponzi
0,MTN: You have successfully activated 1.5GB Data Plan. Valid for 30 days. Dial *312# to check your data balance.,telco_info
1,"JOB OFFER: Urgently recruiting Admin Officers at Port Harcourt, Lagos. Salary: N180,000/month. Text YES to 08164565898 for interview invitation.",fake_job
0,Good morning ma. Please remember to buy bread and sachet water on your way back from work.,personal
1,"Federal Govt Empowerment Fund: You are eligible to receive N50,000 relief grant. Claim your grant here: http://fg-empowerment-ng.site",grant_fraud
1,"Credit Alert: N144,000.00 credited to your account from SUNDAY. Ref: TRX66342115. Call 09018728023 if you did not expect this payment.",fake_alert
1,"International Oil Company hiring Field Support Staff in Abuja. Earn N350,000 monthly. Send application details via WhatsApp: 08135953828",fake_job
0,"Fidelity: Credit N41,000.00. Desc: NIP/TRANSFER FROM BLESSING. Bal: N884,000.00.",bank_alert
0,Guy how far? You go dey online tonight for the match? Make we talk football.,personal
0,Guy how far? You go dey online tonight for the match? Make we talk football.,personal
0,Glo: You have successfully activated 1.5GB Data Plan. Valid for 30 days. Dial *312# to check your data balance.,telco_info
0,"Glo: Dear Customer, you have used 80% of your daily data bundle. Dial *323# to buy a top-up.",telco_info
0,"UBA: Acct 012***2303 Debited: N4,000.00 Desc: POS PURCHASE - Surulere. Bal: N11,000.00.",bank_alert
1,"JOB OFFER: Urgently recruiting Admin Officers at Ikeja, Lagos. Salary: N180,000/month. Text YES to 08121224276 for interview invitation.",fake_job
0,"PalmPay: Your One Time Password (OTP) is 653324 for transfer of N8,000.00 to KELECHI. Valid for 5 minutes. DO NOT SHARE.",otp
0,I have arrived at Surulere. Will call you once the meeting is done.,personal
0,Glo: You have successfully activated 1.5GB Data Plan. Valid for 30 days. Dial *312# to check your data balance.,telco_info
1,DEBT WARNING: ADAMU with phone 08168734053 is a chronic defaulter on LendNG. Pay your debt today to avoid publishing your BVN online.,loan_harassment
1,"ALERT: A transaction of N41,000 was attempted on your GTBank app. If not you, click http://gtb-secure-portal.com to block account.",banking_phishing
1,"Get instant loan of N37,000 directly to your Fidelity account in 2 minutes! No document needed. Download: bit.ly/ng-loan-76",loan_scam
0,I have arrived at Enugu. Will call you once the meeting is done.,personal
1,"Dear customer, your BVN has been flagged for fraud. Kindly text your 11-digit BVN and DOB to 08164152031 to clear your profile.",banking_phishing
1,"ALERT: A transaction of N49,000 was attempted on your FirstBank app. If not you, click http://gtb-secure-portal.com to block account.",banking_phishing
1,"ALERT: A transaction of N11,000 was attempted on your Fidelity app. If not you, click http://firstbank-secure-portal.com to block account.",banking_phishing
1,"ALERT: A transaction of N13,000 was attempted on your Kuda app. If not you, click http://gtb-secure-portal.com to block account.",banking_phishing
0,"Bro, abeg transfer N2,000 give me. I dey Ibadan like this, money no dey my hand for transport.",personal
1,"Dear customer, your BVN has been flagged for fraud. Kindly text your 11-digit BVN and DOB to 07034043807 to clear your profile.",banking_phishing
1,"Get instant loan of N15,000 directly to your UBA account in 2 minutes! No document needed. Download: bit.ly/ng-loan-65",loan_scam
0,"Kuda: Credit N16,000.00. Desc: NIP/TRANSFER FROM CHIOMA. Bal: N752,000.00.",bank_alert
0,Good morning ma. Please remember to buy bread and sachet water on your way back from work.,personal
0,"FirstBank: Credit N13,000.00. Desc: NIP/TRANSFER FROM IBRAHIM. Bal: N776,000.00.",bank_alert
1,"ALERT: A transaction of N29,000 was attempted on your PalmPay app. If not you, click http://firstbank-secure-portal.com to block account.",banking_phishing
1,"Central Bank Investment Scheme: N10,000 gives N30,000 in 24 hours. No loss. Call admin on 08023898810 now.",ponzi
0,Guy how far? You go dey online tonight for the match? Make we talk football.,personal
0,Guy how far? You go dey online tonight for the match? Make we talk football.,personal
1,"ALERT: A transaction of N22,000 was attempted on your Access Bank app. If not you, click http://access-secure-portal.com to block account.",banking_phishing
1,"International Oil Company hiring Field Support Staff in Enugu. Earn N350,000 monthly. Send application details via WhatsApp: 08022493164",fake_job
0,"MTN: Dear Customer, you have used 80% of your daily data bundle. Dial *323# to buy a top-up.",telco_info
0,Good morning ma. Please remember to buy bread and sachet water on your way back from work.,personal
1,"Dear customer, your BVN has been flagged for fraud. Kindly text your 11-digit BVN and DOB to 08030644547 to clear your profile.",banking_phishing
1,"Invest N3,000 and get N39,000 in 45 minutes! 100% paying platform guaranteed. Join Telegram: t.me/ng_crypto_doubler",ponzi
1,"CONGRATULATIONS! Your mobile number won N405,000 in the 9mobile Promo. Pay N6,000 processing fee to account 0123456789 to receive cash.",advance_fee
0,I have arrived at Kano. Will call you once the meeting is done.,personal
1,DEBT WARNING: OLUMIDE with phone 08031585263 is a chronic defaulter on FastCash. Pay your debt today to avoid publishing your BVN online.,loan_harassment
1,"Federal Govt Empowerment Fund: You are eligible to receive N50,000 relief grant. Claim your grant here: http://fg-empowerment-ng.site",grant_fraud
1,"Dear customer, your BVN has been flagged for fraud. Kindly text your 11-digit BVN and DOB to 08037551545 to clear your profile.",banking_phishing
1,"Get instant loan of N39,000 directly to your Access Bank account in 2 minutes! No document needed. Download: bit.ly/ng-loan-92",loan_scam
1,"Dear customer, your BVN has been flagged for fraud. Kindly text your 11-digit BVN and DOB to 08137676945 to clear your profile.",banking_phishing
1,URGENT: Your Access Bank account has been restricted due to unverified BVN. Call 07034379366 immediately to update your details.,banking_phishing
1,"Get instant loan of N41,000 directly to your Zenith Bank account in 2 minutes! No document needed. Download: bit.ly/ng-loan-13",loan_scam
1,"Federal Govt Empowerment Fund: You are eligible to receive N50,000 relief grant. Claim your grant here: http://fg-empowerment-ng.site",grant_fraud
0,Guy how far? You go dey online tonight for the match? Make we talk football.,personal
0,"FirstBank: Credit N13,000.00. Desc: NIP/TRANSFER FROM KELECHI. Bal: N491,000.00.",bank_alert
1,DEBT WARNING: CHUKWUEMEKA with phone 09014943436 is a chronic defaulter on PalmCredit. Pay your debt today to avoid publishing your BVN online.,loan_harassment
1,"Get instant loan of N26,000 directly to your OPay account in 2 minutes! No document needed. Download: bit.ly/ng-loan-54",loan_scam
1,"Get instant loan of N18,000 directly to your UBA account in 2 minutes! No document needed. Download: bit.ly/ng-loan-62",loan_scam
0,Good morning ma. Please remember to buy bread and sachet water on your way back from work.,personal
0,"Glo: Dear Customer, you have used 80% of your daily data bundle. Dial *323# to buy a top-up.",telco_info
1,"Federal Govt Empowerment Fund: You are eligible to receive N50,000 relief grant. Claim your grant here: http://fg-empowerment-ng.site",grant_fraud
0,I have arrived at Lekki. Will call you once the meeting is done.,personal
0,I have arrived at Surulere. Will call you once the meeting is done.,personal
0,"Fidelity: Your One Time Password (OTP) is 804626 for transfer of N6,000.00 to OLUMIDE. Valid for 5 minutes. DO NOT SHARE.",otp
1,"Federal Govt Empowerment Fund: You are eligible to receive N50,000 relief grant. Claim your grant here: http://fg-empowerment-ng.site",grant_fraud
1,"Get instant loan of N44,000 directly to your Kuda account in 2 minutes! No document needed. Download: bit.ly/ng-loan-94",loan_scam
0,"Bro, abeg transfer N9,000 give me. I dey Ikeja like this, money no dey my hand for transport.",personal
0,Glo: You have successfully activated 1.5GB Data Plan. Valid for 30 days. Dial *312# to check your data balance.,telco_info
1,"Federal Govt Empowerment Fund: You are eligible to receive N50,000 relief grant. Claim your grant here: http://fg-empowerment-ng.site",grant_fraud
0,I have arrived at Yaba. Will call you once the meeting is done.,personal
0,Good morning ma. Please remember to buy bread and sachet water on your way back from work.,personal
0,"Glo: Dear Customer, you have used 80% of your daily data bundle. Dial *323# to buy a top-up.",telco_info
0,"OPay: Acct 012***2751 Debited: N4,000.00 Desc: POS PURCHASE - Surulere. Bal: N31,000.00.",bank_alert
0,Glo: You have successfully activated 1.5GB Data Plan. Valid for 30 days. Dial *312# to check your data balance.,telco_info
1,"Central Bank Investment Scheme: N10,000 gives N30,000 in 24 hours. No loss. Call admin on 08028063565 now.",ponzi
1,"CONGRATULATIONS! Your mobile number won N860,000 in the 9mobile Promo. Pay N1,000 processing fee to account 0123456789 to receive cash.",advance_fee
0,9mobile: You have successfully activated 1.5GB Data Plan. Valid for 30 days. Dial *312# to check your data balance.,telco_info
0,Guy how far? You go dey online tonight for the match? Make we talk football.,personal
0,"Bro, abeg transfer N7,000 give me. I dey Surulere like this, money no dey my hand for transport.",personal
1,"Get instant loan of N17,000 directly to your Fidelity account in 2 minutes! No document needed. Download: bit.ly/ng-loan-69",loan_scam
0,"PalmPay: Your One Time Password (OTP) is 608518 for transfer of N7,000.00 to EMMANUEL. Valid for 5 minutes. DO NOT SHARE.",otp
0,"FirstBank: Credit N49,000.00. Desc: NIP/TRANSFER FROM EMMANUEL. Bal: N864,000.00.",bank_alert
1,"Credit Alert: N382,000.00 credited to your account from BLESSING. Ref: TRX18227760. Call 08122780810 if you did not expect this payment.",fake_alert
1,"Credit Alert: N445,000.00 credited to your account from SUNDAY. Ref: TRX70571378. Call 08132239982 if you did not expect this payment.",fake_alert
1,"International Oil Company hiring Field Support Staff in Ikeja. Earn N350,000 monthly. Send application details via WhatsApp: 08134490769",fake_job
0,Guy how far? You go dey online tonight for the match? Make we talk football.,personal
1,"Credit Alert: N493,000.00 credited to your account from EMMANUEL. Ref: TRX46423728. Call 08031106382 if you did not expect this payment.",fake_alert
1,"ALERT: A transaction of N31,000 was attempted on your GTBank app. If not you, click http://zenith-secure-portal.com to block account.",banking_phishing
0,Guy how far? You go dey online tonight for the match? Make we talk football.,personal
0,Guy how far? You go dey online tonight for the match? Make we talk football.,personal
0,MTN: You have successfully activated 1.5GB Data Plan. Valid for 30 days. Dial *312# to check your data balance.,telco_info
1,"Credit Alert: N874,000.00 credited to your account from KELECHI. Ref: TRX10189941. Call 09039215100 if you did not expect this payment.",fake_alert
0,"Bro, abeg transfer N3,000 give me. I dey Port Harcourt like this, money no dey my hand for transport.",personal
1,"Credit Alert: N205,000.00 credited to your account from ADAMU. Ref: TRX59664361. Call 09011423704 if you did not expect this payment.",fake_alert
0,"GTBank: Your One Time Password (OTP) is 225232 for transfer of N1,000.00 to SUNDAY. Valid for 5 minutes. DO NOT SHARE.",otp
1,"International Oil Company hiring Field Support Staff in Port Harcourt. Earn N350,000 monthly. Send application details via WhatsApp: 08038178697",fake_job
1,"JOB OFFER: Urgently recruiting Admin Officers at Kano, Lagos. Salary: N180,000/month. Text YES to 08166532690 for interview invitation.",fake_job
1,"Federal Govt Empowerment Fund: You are eligible to receive N50,000 relief grant. Claim your grant here: http://fg-empowerment-ng.site",grant_fraud
1,"Central Bank Investment Scheme: N10,000 gives N30,000 in 24 hours. No loss. Call admin on 08120566059 now.",ponzi
0,I have arrived at Abuja. Will call you once the meeting is done.,personal
1,DEBT WARNING: SUNDAY with phone 07033236221 is a chronic defaulter on PalmCredit. Pay your debt today to avoid publishing your BVN online.,loan_harassment
0,"MTN: Dear Customer, you have used 80% of your daily data bundle. Dial *323# to buy a top-up.",telco_info
0,"Bro, abeg transfer N6,000 give me. I dey Lekki like this, money no dey my hand for transport.",personal
1,"CONGRATULATIONS! Your mobile number won N205,000 in the Glo Promo. Pay N5,000 processing fee to account 0123456789 to receive cash.",advance_fee
0,"9mobile: Dear Customer, you have used 80% of your daily data bundle. Dial *323# to buy a top-up.",telco_info
0,I have arrived at Enugu. Will call you once the meeting is done.,personal
0,"Airtel: Dear Customer, you have used 80% of your daily data bundle. Dial *323# to buy a top-up.",telco_info
0,"UBA: Acct 012***7563 Debited: N3,000.00 Desc: POS PURCHASE - Abuja. Bal: N26,000.00.",bank_alert
0,MTN: You have successfully activated 1.5GB Data Plan. Valid for 30 days. Dial *312# to check your data balance.,telco_info
0,I have arrived at Enugu. Will call you once the meeting is done.,personal
0,Airtel: You have successfully activated 1.5GB Data Plan. Valid for 30 days. Dial *312# to check your data balance.,telco_info
1,"International Oil Company hiring Field Support Staff in Lekki. Earn N350,000 monthly. Send application details via WhatsApp: 08121864598",fake_job
1,URGENT: Your Zenith Bank account has been restricted due to unverified KYC records. Call 07038502206 immediately to update your details.,banking_phishing
1,"JOB OFFER: Urgently recruiting Admin Officers at Port Harcourt, Lagos. Salary: N180,000/month. Text YES to 09034113507 for interview invitation.",fake_job
0,I have arrived at Enugu. Will call you once the meeting is done.,personal
1,"ALERT: A transaction of N36,000 was attempted on your GTBank app. If not you, click http://access-secure-portal.com to block account.",banking_phishing
0,Guy how far? You go dey online tonight for the match? Make we talk football.,personal
0,"Airtel: Dear Customer, you have used 80% of your daily data bundle. Dial *323# to buy a top-up.",telco_info
1,"Dear customer, your BVN has been flagged for fraud. Kindly text your 11-digit BVN and DOB to 08036323654 to clear your profile.",banking_phishing
1,"Get instant loan of N33,000 directly to your UBA account in 2 minutes! No document needed. Download: bit.ly/ng-loan-79",loan_scam
1,"Credit Alert: N101,000.00 credited to your account from CHIOMA. Ref: TRX78878793. Call 09037021492 if you did not expect this payment.",fake_alert
1,"Central Bank Investment Scheme: N10,000 gives N30,000 in 24 hours. No loss. Call admin on 07038109305 now.",ponzi
0,Guy how far? You go dey online tonight for the match? Make we talk football.,personal
1,"Get instant loan of N37,000 directly to your FirstBank account in 2 minutes! No document needed. Download: bit.ly/ng-loan-27",loan_scam
0,Guy how far? You go dey online tonight for the match? Make we talk football.,personal
1,"Invest N9,000 and get N12,000 in 45 minutes! 100% paying platform guaranteed. Join Telegram: t.me/ng_crypto_doubler",ponzi
1,"Get instant loan of N28,000 directly to your OPay account in 2 minutes! No document needed. Download: bit.ly/ng-loan-53",loan_scam
0,"OPay: Your One Time Password (OTP) is 784466 for transfer of N1,000.00 to ADAMU. Valid for 5 minutes. DO NOT SHARE.",otp
0,"OPay: Credit N26,000.00. Desc: NIP/TRANSFER FROM CHUKWUEMEKA. Bal: N761,000.00.",bank_alert
1,"Dear customer, your BVN has been flagged for fraud. Kindly text your 11-digit BVN and DOB to 08032841390 to clear your profile.",banking_phishing
1,DEBT WARNING: OLUMIDE with phone 07030913417 is a chronic defaulter on LendNG. Pay your debt today to avoid publishing your BVN online.,loan_harassment
1,"Dear customer, your BVN has been flagged for fraud. Kindly text your 11-digit BVN and DOB to 09039962083 to clear your profile.",banking_phishing
1,"Central Bank Investment Scheme: N10,000 gives N30,000 in 24 hours. No loss. Call admin on 09017970673 now.",ponzi
0,"Kuda: Your One Time Password (OTP) is 924745 for transfer of N6,000.00 to CHUKWUEMEKA. Valid for 5 minutes. DO NOT SHARE.",otp
1,"CONGRATULATIONS! Your mobile number won N229,000 in the Glo Promo. Pay N6,000 processing fee to account 0123456789 to receive cash.",advance_fee
1,"International Oil Company hiring Field Support Staff in Lekki. Earn N350,000 monthly. Send application details via WhatsApp: 08028216063",fake_job
0,"MTN: Dear Customer, you have used 80% of your daily data bundle. Dial *323# to buy a top-up.",telco_info
0,"Bro, abeg transfer N6,000 give me. I dey Enugu like this, money no dey my hand for transport.",personal
0,"Kuda: Your One Time Password (OTP) is 978976 for transfer of N6,000.00 to BLESSING. Valid for 5 minutes. DO NOT SHARE.",otp
0,Guy how far? You go dey online tonight for the match? Make we talk football.,personal
1,"Credit Alert: N679,000.00 credited to your account from CHUKWUEMEKA. Ref: TRX37195697. Call 07030177491 if you did not expect this payment.",fake_alert
0,"FirstBank: Credit N33,000.00. Desc: NIP/TRANSFER FROM SUNDAY. Bal: N648,000.00.",bank_alert
1,"Credit Alert: N453,000.00 credited to your account from KELECHI. Ref: TRX35920267. Call 08125557817 if you did not expect this payment.",fake_alert
0,"GTBank: Your One Time Password (OTP) is 145672 for transfer of N1,000.00 to IBRAHIM. Valid for 5 minutes. DO NOT SHARE.",otp
1,"Get instant loan of N27,000 directly to your Access Bank account in 2 minutes! No document needed. Download: bit.ly/ng-loan-80",loan_scam
0,Glo: You have successfully activated 1.5GB Data Plan. Valid for 30 days. Dial *312# to check your data balance.,telco_info
1,"Federal Govt Empowerment Fund: You are eligible to receive N50,000 relief grant. Claim your grant here: http://fg-empowerment-ng.site",grant_fraud
0,I have arrived at Enugu. Will call you once the meeting is done.,personal
1,"ALERT: A transaction of N45,000 was attempted on your Fidelity app. If not you, click http://zenith-secure-portal.com to block account.",banking_phishing
1,URGENT: Your Zenith Bank account has been restricted due to unverified BVN. Call 07039350617 immediately to update your details.,banking_phishing
0,"PalmPay: Credit N22,000.00. Desc: NIP/TRANSFER FROM CHIOMA. Bal: N112,000.00.",bank_alert
1,"Get instant loan of N27,000 directly to your FirstBank account in 2 minutes! No document needed. Download: bit.ly/ng-loan-13",loan_scam
1,"Dear customer, your BVN has been flagged for fraud. Kindly text your 11-digit BVN and DOB to 09034622517 to clear your profile.",banking_phishing
0,"PalmPay: Credit N50,000.00. Desc: NIP/TRANSFER FROM CHIOMA. Bal: N572,000.00.",bank_alert
1,"Get instant loan of N30,000 directly to your FirstBank account in 2 minutes! No document needed. Download: bit.ly/ng-loan-59",loan_scam
1,"JOB OFFER: Urgently recruiting Admin Officers at Yaba, Lagos. Salary: N180,000/month. Text YES to 08121089028 for interview invitation.",fake_job
1,DEBT WARNING: IBRAHIM with phone 08128160596 is a chronic defaulter on EasyCredit. Pay your debt today to avoid publishing your BVN online.,loan_harassment
1,"Central Bank Investment Scheme: N10,000 gives N30,000 in 24 hours. No loss. Call admin on 09037520186 now.",ponzi
0,"Kuda: Credit N27,000.00. Desc: NIP/TRANSFER FROM SUNDAY. Bal: N352,000.00.",bank_alert
1,DEBT WARNING: BLESSING with phone 09012197064 is a chronic defaulter on EasyCredit. Pay your debt today to avoid publishing your BVN online.,loan_harassment
0,"GTBank: Credit N45,000.00. Desc: NIP/TRANSFER FROM EMMANUEL. Bal: N863,000.00.",bank_alert
1,"CONGRATULATIONS! Your mobile number won N494,000 in the Glo Promo. Pay N8,000 processing fee to account 0123456789 to receive cash.",advance_fee
0,Airtel: You have successfully activated 1.5GB Data Plan. Valid for 30 days. Dial *312# to check your data balance.,telco_info
0,"Bro, abeg transfer N5,000 give me. I dey Ibadan like this, money no dey my hand for transport.",personal
1,"Federal Govt Empowerment Fund: You are eligible to receive N50,000 relief grant. Claim your grant here: http://fg-empowerment-ng.site",grant_fraud
1,"Dear customer, your BVN has been flagged for fraud. Kindly text your 11-digit BVN and DOB to 08026629668 to clear your profile.",banking_phishing
1,"Invest N8,000 and get N38,000 in 45 minutes! 100% paying platform guaranteed. Join Telegram: t.me/ng_crypto_doubler",ponzi
0,"9mobile: Dear Customer, you have used 80% of your daily data bundle. Dial *323# to buy a top-up.",telco_info
0,"Kuda: Your One Time Password (OTP) is 124284 for transfer of N1,000.00 to BLESSING. Valid for 5 minutes. DO NOT SHARE.",otp
0,"Bro, abeg transfer N9,000 give me. I dey Abuja like this, money no dey my hand for transport.",personal
0,"Bro, abeg transfer N7,000 give me. I dey Port Harcourt like this, money no dey my hand for transport.",personal
0,"9mobile: Dear Customer, you have used 80% of your daily data bundle. Dial *323# to buy a top-up.",telco_info
1,"Get instant loan of N13,000 directly to your Access Bank account in 2 minutes! No document needed. Download: bit.ly/ng-loan-61",loan_scam
1,"Federal Govt Empowerment Fund: You are eligible to receive N50,000 relief grant. Claim your grant here: http://fg-empowerment-ng.site",grant_fraud
0,Guy how far? You go dey online tonight for the match? Make we talk football.,personal
1,"Invest N4,000 and get N19,000 in 45 minutes! 100% paying platform guaranteed. Join Telegram: t.me/ng_crypto_doubler",ponzi
0,"Glo: Dear Customer, you have used 80% of your daily data bundle. Dial *323# to buy a top-up.",telco_info
0,Guy how far? You go dey online tonight for the match? Make we talk football.,personal
0,"Bro, abeg transfer N8,000 give me. I dey Ikeja like this, money no dey my hand for transport.",personal
1,"Get instant loan of N40,000 directly to your UBA account in 2 minutes! No document needed. Download: bit.ly/ng-loan-24",loan_scam
1,URGENT: Your PalmPay account has been restricted due to unverified KYC records. Call 09038970283 immediately to update your details.,banking_phishing
0,"UBA: Acct 012***2086 Debited: N8,000.00 Desc: POS PURCHASE - Surulere. Bal: N47,000.00.",bank_alert
0,"9mobile: Dear Customer, you have used 80% of your daily data bundle. Dial *323# to buy a top-up.",telco_info
0,Good morning ma. Please remember to buy bread and sachet water on your way back from work.,personal
1,"Credit Alert: N121,000.00 credited to your account from ADAMU. Ref: TRX27127059. Call 08139230781 if you did not expect this payment.",fake_alert
1,"Federal Govt Empowerment Fund: You are eligible to receive N50,000 relief grant. Claim your grant here: http://fg-empowerment-ng.site",grant_fraud
0,"Glo: Dear Customer, you have used 80% of your daily data bundle. Dial *323# to buy a top-up.",telco_info
1,"ALERT: A transaction of N42,000 was attempted on your Access Bank app. If not you, click http://gtb-secure-portal.com to block account.",banking_phishing
1,URGENT: Your OPay account has been restricted due to unverified KYC records. Call 09018699800 immediately to update your details.,banking_phishing
0,"PalmPay: Credit N35,000.00. Desc: NIP/TRANSFER FROM IBRAHIM. Bal: N249,000.00.",bank_alert
0,"UBA: Acct 012***3758 Debited: N3,000.00 Desc: POS PURCHASE - Enugu. Bal: N27,000.00.",bank_alert
1,"Get instant loan of N18,000 directly to your Kuda account in 2 minutes! No document needed. Download: bit.ly/ng-loan-14",loan_scam
0,"Bro, abeg transfer N6,000 give me. I dey Lekki like this, money no dey my hand for transport.",personal
0,Airtel: You have successfully activated 1.5GB Data Plan. Valid for 30 days. Dial *312# to check your data balance.,telco_info
1,"Credit Alert: N750,000.00 credited to your account from EMMANUEL. Ref: TRX67551273. Call 08137900027 if you did not expect this payment.",fake_alert
1,"International Oil Company hiring Field Support Staff in Lekki. Earn N350,000 monthly. Send application details via WhatsApp: 08037240787",fake_job
1,"Central Bank Investment Scheme: N10,000 gives N30,000 in 24 hours. No loss. Call admin on 09018210626 now.",ponzi
0,"OPay: Acct 012***3091 Debited: N6,000.00 Desc: POS PURCHASE - Abuja. Bal: N14,000.00.",bank_alert
1,"JOB OFFER: Urgently recruiting Admin Officers at Ikeja, Lagos. Salary: N180,000/month. Text YES to 07035502296 for interview invitation.",fake_job
1,"Federal Govt Empowerment Fund: You are eligible to receive N50,000 relief grant. Claim your grant here: http://fg-empowerment-ng.site",grant_fraud
1,DEBT WARNING: OLUMIDE with phone 09033984055 is a chronic defaulter on LendNG. Pay your debt today to avoid publishing your BVN online.,loan_harassment
1,"Get instant loan of N33,000 directly to your Zenith Bank account in 2 minutes! No document needed. Download: bit.ly/ng-loan-43",loan_scam
1,"Central Bank Investment Scheme: N10,000 gives N30,000 in 24 hours. No loss. Call admin on 08160278537 now.",ponzi
1,URGENT: Your Access Bank account has been restricted due to unverified KYC records. Call 09019342967 immediately to update your details.,banking_phishing
1,"Invest N4,000 and get N27,000 in 45 minutes! 100% paying platform guaranteed. Join Telegram: t.me/ng_crypto_doubler",ponzi
0,"GTBank: Credit N23,000.00. Desc: NIP/TRANSFER FROM BLESSING. Bal: N438,000.00.",bank_alert
1,"Get instant loan of N27,000 directly to your Fidelity account in 2 minutes! No document needed. Download: bit.ly/ng-loan-56",loan_scam
0,Guy how far? You go dey online tonight for the match? Make we talk football.,personal
1,"Dear customer, your BVN has been flagged for fraud. Kindly text your 11-digit BVN and DOB to 08120893956 to clear your profile.",banking_phishing
0,"Airtel: Dear Customer, you have used 80% of your daily data bundle. Dial *323# to buy a top-up.",telco_info
0,Guy how far? You go dey online tonight for the match? Make we talk football.,personal
0,"Bro, abeg transfer N2,000 give me. I dey Ibadan like this, money no dey my hand for transport.",personal
1,"International Oil Company hiring Field Support Staff in Yaba. Earn N350,000 monthly. Send application details via WhatsApp: 08123059757",fake_job
1,URGENT: Your Kuda account has been restricted due to unverified BVN. Call 09019338419 immediately to update your details.,banking_phishing
0,I have arrived at Surulere. Will call you once the meeting is done.,personal
0,"PalmPay: Credit N24,000.00. Desc: NIP/TRANSFER FROM EMMANUEL. Bal: N939,000.00.",bank_alert
0,"Bro, abeg transfer N7,000 give me. I dey Abuja like this, money no dey my hand for transport.",personal
0,9mobile: You have successfully activated 1.5GB Data Plan. Valid for 30 days. Dial *312# to check your data balance.,telco_info
0,"Bro, abeg transfer N7,000 give me. I dey Ibadan like this, money no dey my hand for transport.",personal
1,"Credit Alert: N912,000.00 credited to your account from SUNDAY. Ref: TRX23408894. Call 09031762519 if you did not expect this payment.",fake_alert
1,"International Oil Company hiring Field Support Staff in Enugu. Earn N350,000 monthly. Send application details via WhatsApp: 08030778981",fake_job
1,"Invest N9,000 and get N17,000 in 45 minutes! 100% paying platform guaranteed. Join Telegram: t.me/ng_crypto_doubler",ponzi
0,"Access Bank: Your One Time Password (OTP) is 593348 for transfer of N7,000.00 to KELECHI. Valid for 5 minutes. DO NOT SHARE.",otp
1,"ALERT: A transaction of N10,000 was attempted on your Access Bank app. If not you, click http://gtb-secure-portal.com to block account.",banking_phishing
1,"International Oil Company hiring Field Support Staff in Kano. Earn N350,000 monthly. Send application details via WhatsApp: 08028439763",fake_job
0,"Kuda: Acct 012***3509 Debited: N5,000.00 Desc: POS PURCHASE - Enugu. Bal: N28,000.00.",bank_alert
0,I have arrived at Port Harcourt. Will call you once the meeting is done.,personal
1,DEBT WARNING: SUNDAY with phone 08136921916 is a chronic defaulter on QuickLoan. Pay your debt today to avoid publishing your BVN online.,loan_harassment
1,"Dear customer, your BVN has been flagged for fraud. Kindly text your 11-digit BVN and DOB to 08022794337 to clear your profile.",banking_phishing
0,Good morning ma. Please remember to buy bread and sachet water on your way back from work.,personal
1,"CONGRATULATIONS! Your mobile number won N919,000 in the Airtel Promo. Pay N6,000 processing fee to account 0123456789 to receive cash.",advance_fee
1,URGENT: Your GTBank account has been restricted due to unverified KYC records. Call 08020136115 immediately to update your details.,banking_phishing
1,DEBT WARNING: IBRAHIM with phone 08036675490 is a chronic defaulter on EasyCredit. Pay your debt today to avoid publishing your BVN online.,loan_harassment
0,"PalmPay: Credit N48,000.00. Desc: NIP/TRANSFER FROM ADAMU. Bal: N401,000.00.",bank_alert
0,"Access Bank: Credit N20,000.00. Desc: NIP/TRANSFER FROM IBRAHIM. Bal: N394,000.00.",bank_alert
0,Good morning ma. Please remember to buy bread and sachet water on your way back from work.,personal
1,"Get instant loan of N28,000 directly to your GTBank account in 2 minutes! No document needed. Download: bit.ly/ng-loan-98",loan_scam
0,Glo: You have successfully activated 1.5GB Data Plan. Valid for 30 days. Dial *312# to check your data balance.,telco_info
1,"Dear customer, your BVN has been flagged for fraud. Kindly text your 11-digit BVN and DOB to 08020119470 to clear your profile.",banking_phishing
0,I have arrived at Enugu. Will call you once the meeting is done.,personal
0,"Kuda: Your One Time Password (OTP) is 139557 for transfer of N8,000.00 to CHIOMA. Valid for 5 minutes. DO NOT SHARE.",otp
1,"Central Bank Investment Scheme: N10,000 gives N30,000 in 24 hours. No loss. Call admin on 08027323425 now.",ponzi
0,"Zenith Bank: Acct 012***3150 Debited: N4,000.00 Desc: POS PURCHASE - Port Harcourt. Bal: N33,000.00.",bank_alert
1,URGENT: Your Access Bank account has been restricted due to unverified BVN. Call 09011889347 immediately to update your details.,banking_phishing
0,Glo: You have successfully activated 1.5GB Data Plan. Valid for 30 days. Dial *312# to check your data balance.,telco_info
1,"Dear customer, your BVN has been flagged for fraud. Kindly text your 11-digit BVN and DOB to 09011460401 to clear your profile.",banking_phishing
0,I have arrived at Abuja. Will call you once the meeting is done.,personal
1,"International Oil Company hiring Field Support Staff in Lekki. Earn N350,000 monthly. Send application details via WhatsApp: 08130200565",fake_job
1,"International Oil Company hiring Field Support Staff in Kano. Earn N350,000 monthly. Send application details via WhatsApp: 08024255425",fake_job
0,"Glo: Dear Customer, you have used 80% of your daily data bundle. Dial *323# to buy a top-up.",telco_info
1,"Federal Govt Empowerment Fund: You are eligible to receive N50,000 relief grant. Claim your grant here: http://fg-empowerment-ng.site",grant_fraud
1,"Federal Govt Empowerment Fund: You are eligible to receive N50,000 relief grant. Claim your grant here: http://fg-empowerment-ng.site",grant_fraud
1,"Get instant loan of N20,000 directly to your OPay account in 2 minutes! No document needed. Download: bit.ly/ng-loan-90",loan_scam
1,"ALERT: A transaction of N19,000 was attempted on your Zenith Bank app. If not you, click http://gtb-secure-portal.com to block account.",banking_phishing
0,"UBA: Your One Time Password (OTP) is 114272 for transfer of N8,000.00 to OLUMIDE. Valid for 5 minutes. DO NOT SHARE.",otp
0,Good morning ma. Please remember to buy bread and sachet water on your way back from work.,personal
1,URGENT: Your FirstBank account has been restricted due to unverified KYC records. Call 09039017074 immediately to update your details.,banking_phishing
0,"FirstBank: Your One Time Password (OTP) is 778892 for transfer of N2,000.00 to CHUKWUEMEKA. Valid for 5 minutes. DO NOT SHARE.",otp
1,"Get instant loan of N36,000 directly to your Zenith Bank account in 2 minutes! No document needed. Download: bit.ly/ng-loan-86",loan_scam
1,"International Oil Company hiring Field Support Staff in Lekki. Earn N350,000 monthly. Send application details via WhatsApp: 08029953946",fake_job
1,"International Oil Company hiring Field Support Staff in Ibadan. Earn N350,000 monthly. Send application details via WhatsApp: 09038045052",fake_job
0,Guy how far? You go dey online tonight for the match? Make we talk football.,personal
0,I have arrived at Ibadan. Will call you once the meeting is done.,personal
0,"PalmPay: Credit N11,000.00. Desc: NIP/TRANSFER FROM OLUMIDE. Bal: N238,000.00.",bank_alert
0,"Access Bank: Credit N15,000.00. Desc: NIP/TRANSFER FROM EMMANUEL. Bal: N698,000.00.",bank_alert
0,Good morning ma. Please remember to buy bread and sachet water on your way back from work.,personal
0,"Bro, abeg transfer N1,000 give me. I dey Abuja like this, money no dey my hand for transport.",personal
1,"CONGRATULATIONS! Your mobile number won N138,000 in the Airtel Promo. Pay N9,000 processing fee to account 0123456789 to receive cash.",advance_fee
1,"JOB OFFER: Urgently recruiting Admin Officers at Enugu, Lagos. Salary: N180,000/month. Text YES to 08028765672 for interview invitation.",fake_job
0,"OPay: Your One Time Password (OTP) is 919704 for transfer of N1,000.00 to IBRAHIM. Valid for 5 minutes. DO NOT SHARE.",otp
1,"International Oil Company hiring Field Support Staff in Kano. Earn N350,000 monthly. Send application details via WhatsApp: 08024046247",fake_job
0,"Bro, abeg transfer N5,000 give me. I dey Ibadan like this, money no dey my hand for transport.",personal
1,"Federal Govt Empowerment Fund: You are eligible to receive N50,000 relief grant. Claim your grant here: http://fg-empowerment-ng.site",grant_fraud
0,"Glo: Dear Customer, you have used 80% of your daily data bundle. Dial *323# to buy a top-up.",telco_info
0,Glo: You have successfully activated 1.5GB Data Plan. Valid for 30 days. Dial *312# to check your data balance.,telco_info
0,Guy how far? You go dey online tonight for the match? Make we talk football.,personal
0,Good morning ma. Please remember to buy bread and sachet water on your way back from work.,personal
1,"Credit Alert: N671,000.00 credited to your account from BLESSING. Ref: TRX72477162. Call 08164911608 if you did not expect this payment.",fake_alert
0,"OPay: Acct 012***7480 Debited: N5,000.00 Desc: POS PURCHASE - Port Harcourt. Bal: N20,000.00.",bank_alert
0,"9mobile: Dear Customer, you have used 80% of your daily data bundle. Dial *323# to buy a top-up.",telco_info
1,"Get instant loan of N25,000 directly to your OPay account in 2 minutes! No document needed. Download: bit.ly/ng-loan-38",loan_scam
1,"Invest N1,000 and get N15,000 in 45 minutes! 100% paying platform guaranteed. Join Telegram: t.me/ng_crypto_doubler",ponzi
1,"ALERT: A transaction of N15,000 was attempted on your Fidelity app. If not you, click http://access-secure-portal.com to block account.",banking_phishing
0,Good morning ma. Please remember to buy bread and sachet water on your way back from work.,personal
0,"Airtel: Dear Customer, you have used 80% of your daily data bundle. Dial *323# to buy a top-up.",telco_info
1,"ALERT: A transaction of N11,000 was attempted on your UBA app. If not you, click http://gtb-secure-portal.com to block account.",banking_phishing
1,"International Oil Company hiring Field Support Staff in Yaba. Earn N350,000 monthly. Send application details via WhatsApp: 09031758344",fake_job
0,I have arrived at Yaba. Will call you once the meeting is done.,personal
1,"Dear customer, your BVN has been flagged for fraud. Kindly text your 11-digit BVN and DOB to 07035187053 to clear your profile.",banking_phishing
1,URGENT: Your Zenith Bank account has been restricted due to unverified KYC records. Call 08125546659 immediately to update your details.,banking_phishing
0,"Bro, abeg transfer N5,000 give me. I dey Enugu like this, money no dey my hand for transport.",personal
0,Good morning ma. Please remember to buy bread and sachet water on your way back from work.,personal
0,"GTBank: Your One Time Password (OTP) is 796922 for transfer of N1,000.00 to KELECHI. Valid for 5 minutes. DO NOT SHARE.",otp
1,"Dear customer, your BVN has been flagged for fraud. Kindly text your 11-digit BVN and DOB to 08028366949 to clear your profile.",banking_phishing
0,Guy how far? You go dey online tonight for the match? Make we talk football.,personal
1,"Central Bank Investment Scheme: N10,000 gives N30,000 in 24 hours. No loss. Call admin on 08032075204 now.",ponzi
1,"Dear customer, your BVN has been flagged for fraud. Kindly text your 11-digit BVN and DOB to 08164328116 to clear your profile.",banking_phishing
0,"Fidelity: Your One Time Password (OTP) is 884845 for transfer of N5,000.00 to BLESSING. Valid for 5 minutes. DO NOT SHARE.",otp
0,"MTN: Dear Customer, you have used 80% of your daily data bundle. Dial *323# to buy a top-up.",telco_info
1,"JOB OFFER: Urgently recruiting Admin Officers at Port Harcourt, Lagos. Salary: N180,000/month. Text YES to 08133601467 for interview invitation.",fake_job
1,"JOB OFFER: Urgently recruiting Admin Officers at Yaba, Lagos. Salary: N180,000/month. Text YES to 07038548420 for interview invitation.",fake_job
1,"Credit Alert: N702,000.00 credited to your account from CHUKWUEMEKA. Ref: TRX95319731. Call 08166775831 if you did not expect this payment.",fake_alert
0,"OPay: Credit N26,000.00. Desc: NIP/TRANSFER FROM OLUMIDE. Bal: N315,000.00.",bank_alert
1,"ALERT: A transaction of N25,000 was attempted on your Kuda app. If not you, click http://zenith-secure-portal.com to block account.",banking_phishing
0,Good morning ma. Please remember to buy bread and sachet water on your way back from work.,personal
1,"International Oil Company hiring Field Support Staff in Ikeja. Earn N350,000 monthly. Send application details via WhatsApp: 09019375818",fake_job
1,"Dear customer, your BVN has been flagged for fraud. Kindly text your 11-digit BVN and DOB to 08026849707 to clear your profile.",banking_phishing
1,"Invest N3,000 and get N11,000 in 45 minutes! 100% paying platform guaranteed. Join Telegram: t.me/ng_crypto_doubler",ponzi
1,"Central Bank Investment Scheme: N10,000 gives N30,000 in 24 hours. No loss. Call admin on 09016133718 now.",ponzi
1,"Central Bank Investment Scheme: N10,000 gives N30,000 in 24 hours. No loss. Call admin on 08125260011 now.",ponzi
1,"Central Bank Investment Scheme: N10,000 gives N30,000 in 24 hours. No loss. Call admin on 08130384691 now.",ponzi
1,"Credit Alert: N722,000.00 credited to your account from OLUMIDE. Ref: TRX67385552. Call 08133127975 if you did not expect this payment.",fake_alert
0,"FirstBank: Credit N37,000.00. Desc: NIP/TRANSFER FROM CHUKWUEMEKA. Bal: N670,000.00.",bank_alert
0,"Bro, abeg transfer N9,000 give me. I dey Kano like this, money no dey my hand for transport.",personal
1,DEBT WARNING: CHUKWUEMEKA with phone 08032713622 is a chronic defaulter on LendNG. Pay your debt today to avoid publishing your BVN online.,loan_harassment
1,DEBT WARNING: OLUMIDE with phone 08021747117 is a chronic defaulter on PalmCredit. Pay your debt today to avoid publishing your BVN online.,loan_harassment
1,DEBT WARNING: IBRAHIM with phone 08121464493 is a chronic defaulter on EasyCredit. Pay your debt today to avoid publishing your BVN online.,loan_harassment
0,I have arrived at Port Harcourt. Will call you once the meeting is done.,personal
1,DEBT WARNING: EMMANUEL with phone 08128634840 is a chronic defaulter on PalmCredit. Pay your debt today to avoid publishing your BVN online.,loan_harassment
0,"MTN: Dear Customer, you have used 80% of your daily data bundle. Dial *323# to buy a top-up.",telco_info
0,Guy how far? You go dey online tonight for the match? Make we talk football.,personal
1,"Federal Govt Empowerment Fund: You are eligible to receive N50,000 relief grant. Claim your grant here: http://fg-empowerment-ng.site",grant_fraud
0,Airtel: You have successfully activated 1.5GB Data Plan. Valid for 30 days. Dial *312# to check your data balance.,telco_info
0,"Bro, abeg transfer N4,000 give me. I dey Ikeja like this, money no dey my hand for transport.",personal
0,"9mobile: Dear Customer, you have used 80% of your daily data bundle. Dial *323# to buy a top-up.",telco_info
1,"Dear customer, your BVN has been flagged for fraud. Kindly text your 11-digit BVN and DOB to 09038650660 to clear your profile.",banking_phishing
1,"Invest N4,000 and get N34,000 in 45 minutes! 100% paying platform guaranteed. Join Telegram: t.me/ng_crypto_doubler",ponzi
0,"Access Bank: Acct 012***4669 Debited: N9,000.00 Desc: POS PURCHASE - Lekki. Bal: N43,000.00.",bank_alert
1,DEBT WARNING: CHIOMA with phone 08022490352 is a chronic defaulter on FastCash. Pay your debt today to avoid publishing your BVN online.,loan_harassment
1,"Get instant loan of N36,000 directly to your UBA account in 2 minutes! No document needed. Download: bit.ly/ng-loan-38",loan_scam
0,"FirstBank: Acct 012***9480 Debited: N8,000.00 Desc: POS PURCHASE - Yaba. Bal: N20,000.00.",bank_alert
0,I have arrived at Ikeja. Will call you once the meeting is done.,personal
1,"Get instant loan of N46,000 directly to your Zenith Bank account in 2 minutes! No document needed. Download: bit.ly/ng-loan-96",loan_scam
0,Good morning ma. Please remember to buy bread and sachet water on your way back from work.,personal
0,"OPay: Credit N49,000.00. Desc: NIP/TRANSFER FROM IBRAHIM. Bal: N769,000.00.",bank_alert
0,"Fidelity: Your One Time Password (OTP) is 113002 for transfer of N4,000.00 to OLUMIDE. Valid for 5 minutes. DO NOT SHARE.",otp
0,"OPay: Credit N44,000.00. Desc: NIP/TRANSFER FROM BLESSING. Bal: N137,000.00.",bank_alert
0,"FirstBank: Credit N47,000.00. Desc: NIP/TRANSFER FROM CHIOMA. Bal: N646,000.00.",bank_alert
0,Guy how far? You go dey online tonight for the match? Make we talk football.,personal
1,"Invest N6,000 and get N22,000 in 45 minutes! 100% paying platform guaranteed. Join Telegram: t.me/ng_crypto_doubler",ponzi
1,"Federal Govt Empowerment Fund: You are eligible to receive N50,000 relief grant. Claim your grant here: http://fg-empowerment-ng.site",grant_fraud
1,"Central Bank Investment Scheme: N10,000 gives N30,000 in 24 hours. No loss. Call admin on 09014852207 now.",ponzi
1,"Credit Alert: N389,000.00 credited to your account from CHIOMA. Ref: TRX84642441. Call 09019159054 if you did not expect this payment.",fake_alert
1,"Dear customer, your BVN has been flagged for fraud. Kindly text your 11-digit BVN and DOB to 08027175242 to clear your profile.",banking_phishing
1,"Get instant loan of N24,000 directly to your OPay account in 2 minutes! No document needed. Download: bit.ly/ng-loan-81",loan_scam
1,"CONGRATULATIONS! Your mobile number won N821,000 in the Airtel Promo. Pay N5,000 processing fee to account 0123456789 to receive cash.",advance_fee
0,"PalmPay: Your One Time Password (OTP) is 515515 for transfer of N5,000.00 to BLESSING. Valid for 5 minutes. DO NOT SHARE.",otp
0,"Bro, abeg transfer N3,000 give me. I dey Lekki like this, money no dey my hand for transport.",personal
0,"Glo: Dear Customer, you have used 80% of your daily data bundle. Dial *323# to buy a top-up.",telco_info
0,"Bro, abeg transfer N1,000 give me. I dey Ibadan like this, money no dey my hand for transport.",personal
1,"Invest N2,000 and get N18,000 in 45 minutes! 100% paying platform guaranteed. Join Telegram: t.me/ng_crypto_doubler",ponzi
1,"ALERT: A transaction of N46,000 was attempted on your OPay app. If not you, click http://access-secure-portal.com to block account.",banking_phishing
0,Guy how far? You go dey online tonight for the match? Make we talk football.,personal
0,"OPay: Acct 012***8933 Debited: N3,000.00 Desc: POS PURCHASE - Kano. Bal: N29,000.00.",bank_alert
0,Good morning ma. Please remember to buy bread and sachet water on your way back from work.,personal
0,Airtel: You have successfully activated 1.5GB Data Plan. Valid for 30 days. Dial *312# to check your data balance.,telco_info
0,Airtel: You have successfully activated 1.5GB Data Plan. Valid for 30 days. Dial *312# to check your data balance.,telco_info
1,"Federal Govt Empowerment Fund: You are eligible to receive N50,000 relief grant. Claim your grant here: http://fg-empowerment-ng.site",grant_fraud
0,Guy how far? You go dey online tonight for the match? Make we talk football.,personal
0,"Bro, abeg transfer N5,000 give me. I dey Surulere like this, money no dey my hand for transport.",personal
1,"Get instant loan of N30,000 directly to your PalmPay account in 2 minutes! No document needed. Download: bit.ly/ng-loan-95",loan_scam
0,"Access Bank: Your One Time Password (OTP) is 251352 for transfer of N8,000.00 to CHUKWUEMEKA. Valid for 5 minutes. DO NOT SHARE.",otp
1,"Invest N2,000 and get N27,000 in 45 minutes! 100% paying platform guaranteed. Join Telegram: t.me/ng_crypto_doubler",ponzi
0,MTN: You have successfully activated 1.5GB Data Plan. Valid for 30 days. Dial *312# to check your data balance.,telco_info
1,"Federal Govt Empowerment Fund: You are eligible to receive N50,000 relief grant. Claim your grant here: http://fg-empowerment-ng.site",grant_fraud
0,"Kuda: Acct 012***4814 Debited: N1,000.00 Desc: POS PURCHASE - Port Harcourt. Bal: N42,000.00.",bank_alert
1,"Invest N8,000 and get N44,000 in 45 minutes! 100% paying platform guaranteed. Join Telegram: t.me/ng_crypto_doubler",ponzi
1,"Federal Govt Empowerment Fund: You are eligible to receive N50,000 relief grant. Claim your grant here: http://fg-empowerment-ng.site",grant_fraud
1,"Central Bank Investment Scheme: N10,000 gives N30,000 in 24 hours. No loss. Call admin on 09011129803 now.",ponzi
1,"ALERT: A transaction of N24,000 was attempted on your Zenith Bank app. If not you, click http://zenith-secure-portal.com to block account.",banking_phishing
0,Glo: You have successfully activated 1.5GB Data Plan. Valid for 30 days. Dial *312# to check your data balance.,telco_info
1,"Dear customer, your BVN has been flagged for fraud. Kindly text your 11-digit BVN and DOB to 09032472863 to clear your profile.",banking_phishing
1,"ALERT: A transaction of N48,000 was attempted on your PalmPay app. If not you, click http://zenith-secure-portal.com to block account.",banking_phishing
0,"Bro, abeg transfer N4,000 give me. I dey Surulere like this, money no dey my hand for transport.",personal
0,"PalmPay: Credit N17,000.00. Desc: NIP/TRANSFER FROM CHUKWUEMEKA. Bal: N576,000.00.",bank_alert
0,Glo: You have successfully activated 1.5GB Data Plan. Valid for 30 days. Dial *312# to check your data balance.,telco_info
0,MTN: You have successfully activated 1.5GB Data Plan. Valid for 30 days. Dial *312# to check your data balance.,telco_info
0,"PalmPay: Credit N25,000.00. Desc: NIP/TRANSFER FROM CHUKWUEMEKA. Bal: N219,000.00.",bank_alert
1,"Credit Alert: N225,000.00 credited to your account from CHUKWUEMEKA. Ref: TRX98661383. Call 09031880411 if you did not expect this payment.",fake_alert
0,Airtel: You have successfully activated 1.5GB Data Plan. Valid for 30 days. Dial *312# to check your data balance.,telco_info
1,"JOB OFFER: Urgently recruiting Admin Officers at Ibadan, Lagos. Salary: N180,000/month. Text YES to 09018557599 for interview invitation.",fake_job
1,"International Oil Company hiring Field Support Staff in Enugu. Earn N350,000 monthly. Send application details via WhatsApp: 09015382743",fake_job
0,"Bro, abeg transfer N2,000 give me. I dey Kano like this, money no dey my hand for transport.",personal
1,"Dear customer, your BVN has been flagged for fraud. Kindly text your 11-digit BVN and DOB to 07031209579 to clear your profile.",banking_phishing
0,"MTN: Dear Customer, you have used 80% of your daily data bundle. Dial *323# to buy a top-up.",telco_info
1,URGENT: Your Access Bank account has been restricted due to unverified KYC records. Call 08127178333 immediately to update your details.,banking_phishing
0,I have arrived at Port Harcourt. Will call you once the meeting is done.,personal
0,"Access Bank: Acct 012***7238 Debited: N8,000.00 Desc: POS PURCHASE - Lekki. Bal: N16,000.00.",bank_alert
0,"Bro, abeg transfer N5,000 give me. I dey Port Harcourt like this, money no dey my hand for transport.",personal
1,"International Oil Company hiring Field Support Staff in Surulere. Earn N350,000 monthly. Send application details via WhatsApp: 08028205904",fake_job
0,"UBA: Credit N10,000.00. Desc: NIP/TRANSFER FROM BLESSING. Bal: N521,000.00.",bank_alert
1,"ALERT: A transaction of N23,000 was attempted on your PalmPay app. If not you, click http://access-secure-portal.com to block account.",banking_phishing
0,"Bro, abeg transfer N3,000 give me. I dey Ibadan like this, money no dey my hand for transport.",personal
0,I have arrived at Kano. Will call you once the meeting is done.,personal
0,"Glo: Dear Customer, you have used 80% of your daily data bundle. Dial *323# to buy a top-up.",telco_info
1,"ALERT: A transaction of N26,000 was attempted on your UBA app. If not you, click http://firstbank-secure-portal.com to block account.",banking_phishing
1,"JOB OFFER: Urgently recruiting Admin Officers at Yaba, Lagos. Salary: N180,000/month. Text YES to 08028831249 for interview invitation.",fake_job
0,"Zenith Bank: Credit N29,000.00. Desc: NIP/TRANSFER FROM OLUMIDE. Bal: N697,000.00.",bank_alert
1,"Get instant loan of N10,000 directly to your GTBank account in 2 minutes! No document needed. Download: bit.ly/ng-loan-38",loan_scam
1,"Central Bank Investment Scheme: N10,000 gives N30,000 in 24 hours. No loss. Call admin on 07037506368 now.",ponzi
1,"ALERT: A transaction of N31,000 was attempted on your Zenith Bank app. If not you, click http://gtb-secure-portal.com to block account.",banking_phishing
1,"Get instant loan of N20,000 directly to your UBA account in 2 minutes! No document needed. Download: bit.ly/ng-loan-99",loan_scam
1,DEBT WARNING: BLESSING with phone 09015129986 is a chronic defaulter on LendNG. Pay your debt today to avoid publishing your BVN online.,loan_harassment
0,"Bro, abeg transfer N6,000 give me. I dey Abuja like this, money no dey my hand for transport.",personal
1,"Central Bank Investment Scheme: N10,000 gives N30,000 in 24 hours. No loss. Call admin on 08024211253 now.",ponzi
0,I have arrived at Ikeja. Will call you once the meeting is done.,personal
1,"Federal Govt Empowerment Fund: You are eligible to receive N50,000 relief grant. Claim your grant here: http://fg-empowerment-ng.site",grant_fraud
1,"Federal Govt Empowerment Fund: You are eligible to receive N50,000 relief grant. Claim your grant here: http://fg-empowerment-ng.site",grant_fraud
0,9mobile: You have successfully activated 1.5GB Data Plan. Valid for 30 days. Dial *312# to check your data balance.,telco_info
1,"Invest N4,000 and get N17,000 in 45 minutes! 100% paying platform guaranteed. Join Telegram: t.me/ng_crypto_doubler",ponzi
0,Good morning ma. Please remember to buy bread and sachet water on your way back from work.,personal
0,"Fidelity: Your One Time Password (OTP) is 537031 for transfer of N2,000.00 to ADAMU. Valid for 5 minutes. DO NOT SHARE.",otp
0,Glo: You have successfully activated 1.5GB Data Plan. Valid for 30 days. Dial *312# to check your data balance.,telco_info
1,"Credit Alert: N209,000.00 credited to your account from OLUMIDE. Ref: TRX59743329. Call 08134515025 if you did not expect this payment.",fake_alert
0,Good morning ma. Please remember to buy bread and sachet water on your way back from work.,personal
0,"Access Bank: Your One Time Password (OTP) is 823265 for transfer of N4,000.00 to EMMANUEL. Valid for 5 minutes. DO NOT SHARE.",otp
1,"Central Bank Investment Scheme: N10,000 gives N30,000 in 24 hours. No loss. Call admin on 09012997877 now.",ponzi
1,URGENT: Your Kuda account has been restricted due to unverified KYC records. Call 09033083977 immediately to update your details.,banking_phishing
1,"Get instant loan of N11,000 directly to your FirstBank account in 2 minutes! No document needed. Download: bit.ly/ng-loan-61",loan_scam
0,"GTBank: Credit N48,000.00. Desc: NIP/TRANSFER FROM SUNDAY. Bal: N583,000.00.",bank_alert
0,"Bro, abeg transfer N2,000 give me. I dey Enugu like this, money no dey my hand for transport.",personal
1,"Central Bank Investment Scheme: N10,000 gives N30,000 in 24 hours. No loss. Call admin on 09018901649 now.",ponzi
0,"Bro, abeg transfer N3,000 give me. I dey Ibadan like this, money no dey my hand for transport.",personal
0,Guy how far? You go dey online tonight for the match? Make we talk football.,personal
0,"GTBank: Acct 012***9222 Debited: N7,000.00 Desc: POS PURCHASE - Ikeja. Bal: N30,000.00.",bank_alert
0,Good morning ma. Please remember to buy bread and sachet water on your way back from work.,personal
0,Guy how far? You go dey online tonight for the match? Make we talk football.,personal
1,DEBT WARNING: CHUKWUEMEKA with phone 08164764845 is a chronic defaulter on PalmCredit. Pay your debt today to avoid publishing your BVN online.,loan_harassment
1,"International Oil Company hiring Field Support Staff in Surulere. Earn N350,000 monthly. Send application details via WhatsApp: 09017730638",fake_job
0,Guy how far? You go dey online tonight for the match? Make we talk football.,personal
0,Guy how far? You go dey online tonight for the match? Make we talk football.,personal
0,"Bro, abeg transfer N8,000 give me. I dey Ikeja like this, money no dey my hand for transport.",personal
0,"Bro, abeg transfer N3,000 give me. I dey Lekki like this, money no dey my hand for transport.",personal
1,DEBT WARNING: OLUMIDE with phone 08124505149 is a chronic defaulter on QuickLoan. Pay your debt today to avoid publishing your BVN online.,loan_harassment
0,"Glo: Dear Customer, you have used 80% of your daily data bundle. Dial *323# to buy a top-up.",telco_info
0,Good morning ma. Please remember to buy bread and sachet water on your way back from work.,personal
0,"UBA: Credit N39,000.00. Desc: NIP/TRANSFER FROM IBRAHIM. Bal: N572,000.00.",bank_alert
1,"Federal Govt Empowerment Fund: You are eligible to receive N50,000 relief grant. Claim your grant here: http://fg-empowerment-ng.site",grant_fraud
1,"ALERT: A transaction of N37,000 was attempted on your PalmPay app. If not you, click http://access-secure-portal.com to block account.",banking_phishing
0,Guy how far? You go dey online tonight for the match? Make we talk football.,personal
1,"ALERT: A transaction of N30,000 was attempted on your GTBank app. If not you, click http://zenith-secure-portal.com to block account.",banking_phishing
0,"MTN: Dear Customer, you have used 80% of your daily data bundle. Dial *323# to buy a top-up.",telco_info
0,Good morning ma. Please remember to buy bread and sachet water on your way back from work.,personal
1,"Credit Alert: N277,000.00 credited to your account from CHUKWUEMEKA. Ref: TRX82781353. Call 08129890426 if you did not expect this payment.",fake_alert
0,I have arrived at Kano. Will call you once the meeting is done.,personal
0,"MTN: Dear Customer, you have used 80% of your daily data bundle. Dial *323# to buy a top-up.",telco_info
1,"CONGRATULATIONS! Your mobile number won N203,000 in the MTN Promo. Pay N4,000 processing fee to account 0123456789 to receive cash.",advance_fee
0,Guy how far? You go dey online tonight for the match? Make we talk football.,personal
1,"CONGRATULATIONS! Your mobile number won N479,000 in the MTN Promo. Pay N8,000 processing fee to account 0123456789 to receive cash.",advance_fee
0,MTN: You have successfully activated 1.5GB Data Plan. Valid for 30 days. Dial *312# to check your data balance.,telco_info
0,Guy how far? You go dey online tonight for the match? Make we talk football.,personal
0,I have arrived at Ibadan. Will call you once the meeting is done.,personal
0,9mobile: You have successfully activated 1.5GB Data Plan. Valid for 30 days. Dial *312# to check your data balance.,telco_info
1,"Federal Govt Empowerment Fund: You are eligible to receive N50,000 relief grant. Claim your grant here: http://fg-empowerment-ng.site",grant_fraud
0,"MTN: Dear Customer, you have used 80% of your daily data bundle. Dial *323# to buy a top-up.",telco_info
0,"Airtel: Dear Customer, you have used 80% of your daily data bundle. Dial *323# to buy a top-up.",telco_info
0,I have arrived at Ikeja. Will call you once the meeting is done.,personal
1,"ALERT: A transaction of N39,000 was attempted on your Fidelity app. If not you, click http://zenith-secure-portal.com to block account.",banking_phishing
1,"Invest N8,000 and get N38,000 in 45 minutes! 100% paying platform guaranteed. Join Telegram: t.me/ng_crypto_doubler",ponzi
0,I have arrived at Enugu. Will call you once the meeting is done.,personal
1,"Federal Govt Empowerment Fund: You are eligible to receive N50,000 relief grant. Claim your grant here: http://fg-empowerment-ng.site",grant_fraud
1,"ALERT: A transaction of N18,000 was attempted on your Kuda app. If not you, click http://gtb-secure-portal.com to block account.",banking_phishing
0,"Zenith Bank: Your One Time Password (OTP) is 155320 for transfer of N7,000.00 to CHIOMA. Valid for 5 minutes. DO NOT SHARE.",otp
1,"Dear customer, your BVN has been flagged for fraud. Kindly text your 11-digit BVN and DOB to 08125714025 to clear your profile.",banking_phishing
1,URGENT: Your Access Bank account has been restricted due to unverified NIN. Call 08024113631 immediately to update your details.,banking_phishing
0,Airtel: You have successfully activated 1.5GB Data Plan. Valid for 30 days. Dial *312# to check your data balance.,telco_info
1,"Get instant loan of N49,000 directly to your Kuda account in 2 minutes! No document needed. Download: bit.ly/ng-loan-40",loan_scam
1,"Credit Alert: N869,000.00 credited to your account from ADAMU. Ref: TRX39691554. Call 08028370394 if you did not expect this payment.",fake_alert
1,"CONGRATULATIONS! Your mobile number won N887,000 in the MTN Promo. Pay N7,000 processing fee to account 0123456789 to receive cash.",advance_fee
0,"Bro, abeg transfer N4,000 give me. I dey Surulere like this, money no dey my hand for transport.",personal
0,I have arrived at Yaba. Will call you once the meeting is done.,personal
1,"International Oil Company hiring Field Support Staff in Lekki. Earn N350,000 monthly. Send application details via WhatsApp: 09010635416",fake_job
0,"FirstBank: Your One Time Password (OTP) is 105443 for transfer of N5,000.00 to BLESSING. Valid for 5 minutes. DO NOT SHARE.",otp
0,"Glo: Dear Customer, you have used 80% of your daily data bundle. Dial *323# to buy a top-up.",telco_info
1,URGENT: Your Zenith Bank account has been restricted due to unverified NIN. Call 08123873518 immediately to update your details.,banking_phishing
0,Guy how far? You go dey online tonight for the match? Make we talk football.,personal
1,"JOB OFFER: Urgently recruiting Admin Officers at Surulere, Lagos. Salary: N180,000/month. Text YES to 09018643311 for interview invitation.",fake_job
1,DEBT WARNING: CHUKWUEMEKA with phone 08132093613 is a chronic defaulter on PalmCredit. Pay your debt today to avoid publishing your BVN online.,loan_harassment
1,"Dear customer, your BVN has been flagged for fraud. Kindly text your 11-digit BVN and DOB to 08125436172 to clear your profile.",banking_phishing
1,"Central Bank Investment Scheme: N10,000 gives N30,000 in 24 hours. No loss. Call admin on 09012291073 now.",ponzi
1,"Dear customer, your BVN has been flagged for fraud. Kindly text your 11-digit BVN and DOB to 08036664059 to clear your profile.",banking_phishing
0,"PalmPay: Your One Time Password (OTP) is 977116 for transfer of N5,000.00 to ADAMU. Valid for 5 minutes. DO NOT SHARE.",otp
1,DEBT WARNING: KELECHI with phone 09038814539 is a chronic defaulter on QuickLoan. Pay your debt today to avoid publishing your BVN online.,loan_harassment
0,I have arrived at Surulere. Will call you once the meeting is done.,personal
1,"Invest N7,000 and get N36,000 in 45 minutes! 100% paying platform guaranteed. Join Telegram: t.me/ng_crypto_doubler",ponzi
1,"Invest N5,000 and get N38,000 in 45 minutes! 100% paying platform guaranteed. Join Telegram: t.me/ng_crypto_doubler",ponzi
1,"Dear customer, your BVN has been flagged for fraud. Kindly text your 11-digit BVN and DOB to 09016069932 to clear your profile.",banking_phishing
1,URGENT: Your Kuda account has been restricted due to unverified BVN. Call 08035989926 immediately to update your details.,banking_phishing
0,Good morning ma. Please remember to buy bread and sachet water on your way back from work.,personal
1,"Dear customer, your BVN has been flagged for fraud. Kindly text your 11-digit BVN and DOB to 08136145440 to clear your profile.",banking_phishing
0,Guy how far? You go dey online tonight for the match? Make we talk football.,personal
0,"Access Bank: Acct 012***9130 Debited: N5,000.00 Desc: POS PURCHASE - Surulere. Bal: N22,000.00.",bank_alert
0,Good morning ma. Please remember to buy bread and sachet water on your way back from work.,personal
0,9mobile: You have successfully activated 1.5GB Data Plan. Valid for 30 days. Dial *312# to check your data balance.,telco_info
1,URGENT: Your FirstBank account has been restricted due to unverified BVN. Call 08039614909 immediately to update your details.,banking_phishing
0,Good morning ma. Please remember to buy bread and sachet water on your way back from work.,personal
0,"UBA: Acct 012***2781 Debited: N8,000.00 Desc: POS PURCHASE - Kano. Bal: N16,000.00.",bank_alert
0,Good morning ma. Please remember to buy bread and sachet water on your way back from work.,personal
1,"International Oil Company hiring Field Support Staff in Yaba. Earn N350,000 monthly. Send application details via WhatsApp: 09012121933",fake_job
1,"Credit Alert: N702,000.00 credited to your account from IBRAHIM. Ref: TRX23573040. Call 09012979253 if you did not expect this payment.",fake_alert
1,DEBT WARNING: ADAMU with phone 07037813767 is a chronic defaulter on PalmCredit. Pay your debt today to avoid publishing your BVN online.,loan_harassment
0,"PalmPay: Your One Time Password (OTP) is 132000 for transfer of N2,000.00 to IBRAHIM. Valid for 5 minutes. DO NOT SHARE.",otp
0,"Glo: Dear Customer, you have used 80% of your daily data bundle. Dial *323# to buy a top-up.",telco_info
0,Airtel: You have successfully activated 1.5GB Data Plan. Valid for 30 days. Dial *312# to check your data balance.,telco_info
0,I have arrived at Yaba. Will call you once the meeting is done.,personal
0,"GTBank: Credit N24,000.00. Desc: NIP/TRANSFER FROM SUNDAY. Bal: N378,000.00.",bank_alert
1,"Get instant loan of N48,000 directly to your Fidelity account in 2 minutes! No document needed. Download: bit.ly/ng-loan-24",loan_scam
1,"ALERT: A transaction of N39,000 was attempted on your GTBank app. If not you, click http://access-secure-portal.com to block account.",banking_phishing
1,"Get instant loan of N42,000 directly to your FirstBank account in 2 minutes! No document needed. Download: bit.ly/ng-loan-96",loan_scam
1,URGENT: Your Access Bank account has been restricted due to unverified NIN. Call 08126512558 immediately to update your details.,banking_phishing
1,"Invest N9,000 and get N20,000 in 45 minutes! 100% paying platform guaranteed. Join Telegram: t.me/ng_crypto_doubler",ponzi
0,"Bro, abeg transfer N2,000 give me. I dey Ibadan like this, money no dey my hand for transport.",personal
0,Airtel: You have successfully activated 1.5GB Data Plan. Valid for 30 days. Dial *312# to check your data balance.,telco_info
1,"Get instant loan of N15,000 directly to your Zenith Bank account in 2 minutes! No document needed. Download: bit.ly/ng-loan-76",loan_scam
0,"9mobile: Dear Customer, you have used 80% of your daily data bundle. Dial *323# to buy a top-up.",telco_info
0,"PalmPay: Acct 012***2373 Debited: N2,000.00 Desc: POS PURCHASE - Port Harcourt. Bal: N32,000.00.",bank_alert
0,"Access Bank: Your One Time Password (OTP) is 824811 for transfer of N8,000.00 to CHUKWUEMEKA. Valid for 5 minutes. DO NOT SHARE.",otp
0,"PalmPay: Your One Time Password (OTP) is 163119 for transfer of N5,000.00 to BLESSING. Valid for 5 minutes. DO NOT SHARE.",otp
0,9mobile: You have successfully activated 1.5GB Data Plan. Valid for 30 days. Dial *312# to check your data balance.,telco_info
1,"Dear customer, your BVN has been flagged for fraud. Kindly text your 11-digit BVN and DOB to 08138817683 to clear your profile.",banking_phishing
0,Guy how far? You go dey online tonight for the match? Make we talk football.,personal
0,"GTBank: Acct 012***3275 Debited: N4,000.00 Desc: POS PURCHASE - Abuja. Bal: N39,000.00.",bank_alert
1,"Get instant loan of N42,000 directly to your OPay account in 2 minutes! No document needed. Download: bit.ly/ng-loan-95",loan_scam
0,"GTBank: Your One Time Password (OTP) is 959210 for transfer of N7,000.00 to IBRAHIM. Valid for 5 minutes. DO NOT SHARE.",otp
1,"International Oil Company hiring Field Support Staff in Ikeja. Earn N350,000 monthly. Send application details via WhatsApp: 07033665945",fake_job
1,"Credit Alert: N564,000.00 credited to your account from BLESSING. Ref: TRX19417774. Call 07031054589 if you did not expect this payment.",fake_alert
1,"Invest N6,000 and get N33,000 in 45 minutes! 100% paying platform guaranteed. Join Telegram: t.me/ng_crypto_doubler",ponzi
1,URGENT: Your Kuda account has been restricted due to unverified NIN. Call 08020162249 immediately to update your details.,banking_phishing
1,"CONGRATULATIONS! Your mobile number won N923,000 in the Glo Promo. Pay N2,000 processing fee to account 0123456789 to receive cash.",advance_fee
0,Good morning ma. Please remember to buy bread and sachet water on your way back from work.,personal
1,"Credit Alert: N347,000.00 credited to your account from IBRAHIM. Ref: TRX42929786. Call 09036271358 if you did not expect this payment.",fake_alert
0,"Bro, abeg transfer N8,000 give me. I dey Lekki like this, money no dey my hand for transport.",personal
0,"FirstBank: Credit N46,000.00. Desc: NIP/TRANSFER FROM IBRAHIM. Bal: N256,000.00.",bank_alert
1,"ALERT: A transaction of N16,000 was attempted on your Kuda app. If not you, click http://access-secure-portal.com to block account.",banking_phishing
0,Good morning ma. Please remember to buy bread and sachet water on your way back from work.,personal
0,"MTN: Dear Customer, you have used 80% of your daily data bundle. Dial *323# to buy a top-up.",telco_info
1,"International Oil Company hiring Field Support Staff in Yaba. Earn N350,000 monthly. Send application details via WhatsApp: 08121590071",fake_job
0,"Kuda: Your One Time Password (OTP) is 641436 for transfer of N7,000.00 to OLUMIDE. Valid for 5 minutes. DO NOT SHARE.",otp
0,"Bro, abeg transfer N9,000 give me. I dey Lekki like this, money no dey my hand for transport.",personal
0,"FirstBank: Your One Time Password (OTP) is 414840 for transfer of N3,000.00 to ADAMU. Valid for 5 minutes. DO NOT SHARE.",otp
1,"CONGRATULATIONS! Your mobile number won N636,000 in the 9mobile Promo. Pay N1,000 processing fee to account 0123456789 to receive cash.",advance_fee
0,9mobile: You have successfully activated 1.5GB Data Plan. Valid for 30 days. Dial *312# to check your data balance.,telco_info
0,"Bro, abeg transfer N3,000 give me. I dey Ibadan like this, money no dey my hand for transport.",personal
0,"Zenith Bank: Acct 012***4733 Debited: N8,000.00 Desc: POS PURCHASE - Surulere. Bal: N43,000.00.",bank_alert
0,Glo: You have successfully activated 1.5GB Data Plan. Valid for 30 days. Dial *312# to check your data balance.,telco_info
0,Guy how far? You go dey online tonight for the match? Make we talk football.,personal
1,"Credit Alert: N391,000.00 credited to your account from EMMANUEL. Ref: TRX79383989. Call 08136892975 if you did not expect this payment.",fake_alert
1,"International Oil Company hiring Field Support Staff in Abuja. Earn N350,000 monthly. Send application details via WhatsApp: 08025321801",fake_job
1,"ALERT: A transaction of N16,000 was attempted on your UBA app. If not you, click http://zenith-secure-portal.com to block account.",banking_phishing
1,URGENT: Your Fidelity account has been restricted due to unverified BVN. Call 08124496639 immediately to update your details.,banking_phishing
1,"Dear customer, your BVN has been flagged for fraud. Kindly text your 11-digit BVN and DOB to 08166913647 to clear your profile.",banking_phishing
0,"FirstBank: Credit N17,000.00. Desc: NIP/TRANSFER FROM ADAMU. Bal: N867,000.00.",bank_alert
1,"Dear customer, your BVN has been flagged for fraud. Kindly text your 11-digit BVN and DOB to 08163907666 to clear your profile.",banking_phishing
1,"ALERT: A transaction of N24,000 was attempted on your Access Bank app. If not you, click http://zenith-secure-portal.com to block account.",banking_phishing
1,"Credit Alert: N241,000.00 credited to your account from EMMANUEL. Ref: TRX58986793. Call 09010488819 if you did not expect this payment.",fake_alert
1,"Get instant loan of N35,000 directly to your UBA account in 2 minutes! No document needed. Download: bit.ly/ng-loan-15",loan_scam
0,"MTN: Dear Customer, you have used 80% of your daily data bundle. Dial *323# to buy a top-up.",telco_info
0,"PalmPay: Your One Time Password (OTP) is 495908 for transfer of N2,000.00 to KELECHI. Valid for 5 minutes. DO NOT SHARE.",otp
1,"ALERT: A transaction of N29,000 was attempted on your OPay app. If not you, click http://firstbank-secure-portal.com to block account.",banking_phishing
1,"International Oil Company hiring Field Support Staff in Port Harcourt. Earn N350,000 monthly. Send application details via WhatsApp: 08121162506",fake_job
0,Airtel: You have successfully activated 1.5GB Data Plan. Valid for 30 days. Dial *312# to check your data balance.,telco_info
0,"Glo: Dear Customer, you have used 80% of your daily data bundle. Dial *323# to buy a top-up.",telco_info
0,MTN: You have successfully activated 1.5GB Data Plan. Valid for 30 days. Dial *312# to check your data balance.,telco_info
0,Guy how far? You go dey online tonight for the match? Make we talk football.,personal
1,"CONGRATULATIONS! Your mobile number won N468,000 in the Airtel Promo. Pay N5,000 processing fee to account 0123456789 to receive cash.",advance_fee
0,Guy how far? You go dey online tonight for the match? Make we talk football.,personal
0,"GTBank: Credit N38,000.00. Desc: NIP/TRANSFER FROM SUNDAY. Bal: N818,000.00.",bank_alert
1,"ALERT: A transaction of N23,000 was attempted on your Access Bank app. If not you, click http://zenith-secure-portal.com to block account.",banking_phishing
0,"Bro, abeg transfer N5,000 give me. I dey Kano like this, money no dey my hand for transport.",personal
1,"Get instant loan of N13,000 directly to your Access Bank account in 2 minutes! No document needed. Download: bit.ly/ng-loan-18",loan_scam
1,"Central Bank Investment Scheme: N10,000 gives N30,000 in 24 hours. No loss. Call admin on 08036399241 now.",ponzi
1,"CONGRATULATIONS! Your mobile number won N224,000 in the Airtel Promo. Pay N9,000 processing fee to account 0123456789 to receive cash.",advance_fee
0,"Fidelity: Your One Time Password (OTP) is 877533 for transfer of N1,000.00 to EMMANUEL. Valid for 5 minutes. DO NOT SHARE.",otp
1,"ALERT: A transaction of N42,000 was attempted on your Kuda app. If not you, click http://firstbank-secure-portal.com to block account.",banking_phishing
0,"MTN: Dear Customer, you have used 80% of your daily data bundle. Dial *323# to buy a top-up.",telco_info
0,Good morning ma. Please remember to buy bread and sachet water on your way back from work.,personal
0,Good morning ma. Please remember to buy bread and sachet water on your way back from work.,personal
0,I have arrived at Lekki. Will call you once the meeting is done.,personal
1,DEBT WARNING: CHIOMA with phone 08135270607 is a chronic defaulter on EasyCredit. Pay your debt today to avoid publishing your BVN online.,loan_harassment
0,Guy how far? You go dey online tonight for the match? Make we talk football.,personal
1,"Dear customer, your BVN has been flagged for fraud. Kindly text your 11-digit BVN and DOB to 08026968015 to clear your profile.",banking_phishing
0,I have arrived at Enugu. Will call you once the meeting is done.,personal
1,DEBT WARNING: EMMANUEL with phone 09016250668 is a chronic defaulter on FastCash. Pay your debt today to avoid publishing your BVN online.,loan_harassment
1,"ALERT: A transaction of N20,000 was attempted on your PalmPay app. If not you, click http://gtb-secure-portal.com to block account.",banking_phishing
1,"CONGRATULATIONS! Your mobile number won N536,000 in the MTN Promo. Pay N2,000 processing fee to account 0123456789 to receive cash.",advance_fee
1,"Dear customer, your BVN has been flagged for fraud. Kindly text your 11-digit BVN and DOB to 08136145501 to clear your profile.",banking_phishing
1,"Get instant loan of N13,000 directly to your Access Bank account in 2 minutes! No document needed. Download: bit.ly/ng-loan-84",loan_scam
0,Guy how far? You go dey online tonight for the match? Make we talk football.,personal
0,I have arrived at Ibadan. Will call you once the meeting is done.,personal
0,"Kuda: Your One Time Password (OTP) is 233699 for transfer of N5,000.00 to ADAMU. Valid for 5 minutes. DO NOT SHARE.",otp
0,"Bro, abeg transfer N5,000 give me. I dey Ikeja like this, money no dey my hand for transport.",personal
0,Good morning ma. Please remember to buy bread and sachet water on your way back from work.,personal
1,"ALERT: A transaction of N50,000 was attempted on your FirstBank app. If not you, click http://access-secure-portal.com to block account.",banking_phishing
1,"Credit Alert: N677,000.00 credited to your account from CHUKWUEMEKA. Ref: TRX79342339. Call 08122809202 if you did not expect this payment.",fake_alert
0,Guy how far? You go dey online tonight for the match? Make we talk football.,personal
1,"International Oil Company hiring Field Support Staff in Yaba. Earn N350,000 monthly. Send application details via WhatsApp: 08132003902",fake_job
1,"Credit Alert: N541,000.00 credited to your account from OLUMIDE. Ref: TRX30256883. Call 07036534420 if you did not expect this payment.",fake_alert
0,I have arrived at Kano. Will call you once the meeting is done.,personal
0,"FirstBank: Your One Time Password (OTP) is 302171 for transfer of N8,000.00 to KELECHI. Valid for 5 minutes. DO NOT SHARE.",otp
0,"Fidelity: Your One Time Password (OTP) is 314275 for transfer of N2,000.00 to IBRAHIM. Valid for 5 minutes. DO NOT SHARE.",otp
1,"Invest N8,000 and get N29,000 in 45 minutes! 100% paying platform guaranteed. Join Telegram: t.me/ng_crypto_doubler",ponzi
1,"International Oil Company hiring Field Support Staff in Lekki. Earn N350,000 monthly. Send application details via WhatsApp: 08164087474",fake_job
1,"Credit Alert: N381,000.00 credited to your account from CHUKWUEMEKA. Ref: TRX60995689. Call 08128717185 if you did not expect this payment.",fake_alert
0,"OPay: Acct 012***9888 Debited: N6,000.00 Desc: POS PURCHASE - Abuja. Bal: N43,000.00.",bank_alert
0,"Airtel: Dear Customer, you have used 80% of your daily data bundle. Dial *323# to buy a top-up.",telco_info
0,Glo: You have successfully activated 1.5GB Data Plan. Valid for 30 days. Dial *312# to check your data balance.,telco_info
0,"GTBank: Credit N21,000.00. Desc: NIP/TRANSFER FROM ADAMU. Bal: N813,000.00.",bank_alert
0,I have arrived at Lekki. Will call you once the meeting is done.,personal
1,"Dear customer, your BVN has been flagged for fraud. Kindly text your 11-digit BVN and DOB to 08161210242 to clear your profile.",banking_phishing
1,DEBT WARNING: EMMANUEL with phone 08127573320 is a chronic defaulter on QuickLoan. Pay your debt today to avoid publishing your BVN online.,loan_harassment
0,"Bro, abeg transfer N9,000 give me. I dey Ibadan like this, money no dey my hand for transport.",personal
0,"UBA: Credit N26,000.00. Desc: NIP/TRANSFER FROM KELECHI. Bal: N710,000.00.",bank_alert
1,"JOB OFFER: Urgently recruiting Admin Officers at Port Harcourt, Lagos. Salary: N180,000/month. Text YES to 08020931993 for interview invitation.",fake_job
1,"ALERT: A transaction of N17,000 was attempted on your Zenith Bank app. If not you, click http://zenith-secure-portal.com to block account.",banking_phishing
0,"Fidelity: Acct 012***1265 Debited: N2,000.00 Desc: POS PURCHASE - Yaba. Bal: N23,000.00.",bank_alert
0,I have arrived at Kano. Will call you once the meeting is done.,personal
1,"Central Bank Investment Scheme: N10,000 gives N30,000 in 24 hours. No loss. Call admin on 08134402755 now.",ponzi
1,"Credit Alert: N159,000.00 credited to your account from KELECHI. Ref: TRX16378854. Call 08125621974 if you did not expect this payment.",fake_alert
0,"Zenith Bank: Acct 012***2102 Debited: N8,000.00 Desc: POS PURCHASE - Ikeja. Bal: N18,000.00.",bank_alert
0,"UBA: Your One Time Password (OTP) is 582087 for transfer of N1,000.00 to CHUKWUEMEKA. Valid for 5 minutes. DO NOT SHARE.",otp
1,"Get instant loan of N30,000 directly to your Kuda account in 2 minutes! No document needed. Download: bit.ly/ng-loan-98",loan_scam
0,"Bro, abeg transfer N5,000 give me. I dey Lekki like this, money no dey my hand for transport.",personal
1,"International Oil Company hiring Field Support Staff in Kano. Earn N350,000 monthly. Send application details via WhatsApp: 08020652854",fake_job
0,Airtel: You have successfully activated 1.5GB Data Plan. Valid for 30 days. Dial *312# to check your data balance.,telco_info
0,Guy how far? You go dey online tonight for the match? Make we talk football.,personal
1,"Get instant loan of N46,000 directly to your Access Bank account in 2 minutes! No document needed. Download: bit.ly/ng-loan-53",loan_scam
0,"MTN: Dear Customer, you have used 80% of your daily data bundle. Dial *323# to buy a top-up.",telco_info
1,"Federal Govt Empowerment Fund: You are eligible to receive N50,000 relief grant. Claim your grant here: http://fg-empowerment-ng.site",grant_fraud
0,Glo: You have successfully activated 1.5GB Data Plan. Valid for 30 days. Dial *312# to check your data balance.,telco_info
1,"International Oil Company hiring Field Support Staff in Lekki. Earn N350,000 monthly. Send application details via WhatsApp: 07036078182",fake_job
1,URGENT: Your PalmPay account has been restricted due to unverified KYC records. Call 08132798059 immediately to update your details.,banking_phishing
1,"CONGRATULATIONS! Your mobile number won N391,000 in the MTN Promo. Pay N2,000 processing fee to account 0123456789 to receive cash.",advance_fee
0,Guy how far? You go dey online tonight for the match? Make we talk football.,personal
1,"Federal Govt Empowerment Fund: You are eligible to receive N50,000 relief grant. Claim your grant here: http://fg-empowerment-ng.site",grant_fraud
1,"ALERT: A transaction of N22,000 was attempted on your Fidelity app. If not you, click http://access-secure-portal.com to block account.",banking_phishing
0,"Kuda: Credit N12,000.00. Desc: NIP/TRANSFER FROM CHUKWUEMEKA. Bal: N167,000.00.",bank_alert
1,DEBT WARNING: IBRAHIM with phone 09012491416 is a chronic defaulter on LendNG. Pay your debt today to avoid publishing your BVN online.,loan_harassment
1,"Get instant loan of N44,000 directly to your FirstBank account in 2 minutes! No document needed. Download: bit.ly/ng-loan-31",loan_scam
0,"Fidelity: Your One Time Password (OTP) is 249031 for transfer of N7,000.00 to SUNDAY. Valid for 5 minutes. DO NOT SHARE.",otp
0,Good morning ma. Please remember to buy bread and sachet water on your way back from work.,personal
0,"Kuda: Your One Time Password (OTP) is 495572 for transfer of N1,000.00 to OLUMIDE. Valid for 5 minutes. DO NOT SHARE.",otp
1,"Get instant loan of N42,000 directly to your GTBank account in 2 minutes! No document needed. Download: bit.ly/ng-loan-57",loan_scam
0,"Access Bank: Credit N19,000.00. Desc: NIP/TRANSFER FROM OLUMIDE. Bal: N471,000.00.",bank_alert
0,Guy how far? You go dey online tonight for the match? Make we talk football.,personal
0,"OPay: Acct 012***9064 Debited: N4,000.00 Desc: POS PURCHASE - Port Harcourt. Bal: N30,000.00.",bank_alert
1,DEBT WARNING: BLESSING with phone 08035937775 is a chronic defaulter on FastCash. Pay your debt today to avoid publishing your BVN online.,loan_harassment
1,"Get instant loan of N25,000 directly to your UBA account in 2 minutes! No document needed. Download: bit.ly/ng-loan-80",loan_scam
1,"Central Bank Investment Scheme: N10,000 gives N30,000 in 24 hours. No loss. Call admin on 08167673800 now.",ponzi
1,"CONGRATULATIONS! Your mobile number won N176,000 in the MTN Promo. Pay N9,000 processing fee to account 0123456789 to receive cash.",advance_fee
1,"Get instant loan of N32,000 directly to your Kuda account in 2 minutes! No document needed. Download: bit.ly/ng-loan-73",loan_scam
1,"ALERT: A transaction of N48,000 was attempted on your GTBank app. If not you, click http://zenith-secure-portal.com to block account.",banking_phishing
1,"Dear customer, your BVN has been flagged for fraud. Kindly text your 11-digit BVN and DOB to 08029391460 to clear your profile.",banking_phishing
1,DEBT WARNING: EMMANUEL with phone 09037896300 is a chronic defaulter on LendNG. Pay your debt today to avoid publishing your BVN online.,loan_harassment
0,"GTBank: Credit N10,000.00. Desc: NIP/TRANSFER FROM SUNDAY. Bal: N543,000.00.",bank_alert
1,"Invest N9,000 and get N46,000 in 45 minutes! 100% paying platform guaranteed. Join Telegram: t.me/ng_crypto_doubler",ponzi
0,"Kuda: Acct 012***8616 Debited: N6,000.00 Desc: POS PURCHASE - Ibadan. Bal: N11,000.00.",bank_alert
1,"International Oil Company hiring Field Support Staff in Ibadan. Earn N350,000 monthly. Send application details via WhatsApp: 09035766647",fake_job
0,I have arrived at Kano. Will call you once the meeting is done.,personal
1,"International Oil Company hiring Field Support Staff in Ibadan. Earn N350,000 monthly. Send application details via WhatsApp: 08030385894",fake_job
0,"OPay: Your One Time Password (OTP) is 432197 for transfer of N9,000.00 to ADAMU. Valid for 5 minutes. DO NOT SHARE.",otp
1,"Federal Govt Empowerment Fund: You are eligible to receive N50,000 relief grant. Claim your grant here: http://fg-empowerment-ng.site",grant_fraud
0,9mobile: You have successfully activated 1.5GB Data Plan. Valid for 30 days. Dial *312# to check your data balance.,telco_info
0,"Zenith Bank: Acct 012***6931 Debited: N2,000.00 Desc: POS PURCHASE - Port Harcourt. Bal: N15,000.00.",bank_alert
1,"Credit Alert: N288,000.00 credited to your account from KELECHI. Ref: TRX48284400. Call 08128152787 if you did not expect this payment.",fake_alert
1,"Federal Govt Empowerment Fund: You are eligible to receive N50,000 relief grant. Claim your grant here: http://fg-empowerment-ng.site",grant_fraud
1,"ALERT: A transaction of N36,000 was attempted on your PalmPay app. If not you, click http://firstbank-secure-portal.com to block account.",banking_phishing
0,"OPay: Credit N12,000.00. Desc: NIP/TRANSFER FROM ADAMU. Bal: N104,000.00.",bank_alert
1,"Federal Govt Empowerment Fund: You are eligible to receive N50,000 relief grant. Claim your grant here: http://fg-empowerment-ng.site",grant_fraud
0,Guy how far? You go dey online tonight for the match? Make we talk football.,personal
0,"PalmPay: Credit N37,000.00. Desc: NIP/TRANSFER FROM BLESSING. Bal: N897,000.00.",bank_alert
0,"Bro, abeg transfer N1,000 give me. I dey Kano like this, money no dey my hand for transport.",personal
1,URGENT: Your Fidelity account has been restricted due to unverified KYC records. Call 08161152750 immediately to update your details.,banking_phishing
1,"Federal Govt Empowerment Fund: You are eligible to receive N50,000 relief grant. Claim your grant here: http://fg-empowerment-ng.site",grant_fraud
1,"Invest N4,000 and get N36,000 in 45 minutes! 100% paying platform guaranteed. Join Telegram: t.me/ng_crypto_doubler",ponzi
1,"Get instant loan of N21,000 directly to your Kuda account in 2 minutes! No document needed. Download: bit.ly/ng-loan-60",loan_scam
1,"Central Bank Investment Scheme: N10,000 gives N30,000 in 24 hours. No loss. Call admin on 08028325823 now.",ponzi
1,"Central Bank Investment Scheme: N10,000 gives N30,000 in 24 hours. No loss. Call admin on 08034179588 now.",ponzi
0,Glo: You have successfully activated 1.5GB Data Plan. Valid for 30 days. Dial *312# to check your data balance.,telco_info
1,"Invest N3,000 and get N28,000 in 45 minutes! 100% paying platform guaranteed. Join Telegram: t.me/ng_crypto_doubler",ponzi
0,"Bro, abeg transfer N8,000 give me. I dey Lekki like this, money no dey my hand for transport.",personal
1,"Get instant loan of N17,000 directly to your UBA account in 2 minutes! No document needed. Download: bit.ly/ng-loan-45",loan_scam
1,"ALERT: A transaction of N21,000 was attempted on your GTBank app. If not you, click http://firstbank-secure-portal.com to block account.",banking_phishing
0,9mobile: You have successfully activated 1.5GB Data Plan. Valid for 30 days. Dial *312# to check your data balance.,telco_info
0,"MTN: Dear Customer, you have used 80% of your daily data bundle. Dial *323# to buy a top-up.",telco_info
1,"Get instant loan of N20,000 directly to your OPay account in 2 minutes! No document needed. Download: bit.ly/ng-loan-37",loan_scam
0,Guy how far? You go dey online tonight for the match? Make we talk football.,personal
0,Good morning ma. Please remember to buy bread and sachet water on your way back from work.,personal
1,"Federal Govt Empowerment Fund: You are eligible to receive N50,000 relief grant. Claim your grant here: http://fg-empowerment-ng.site",grant_fraud
1,"Invest N4,000 and get N10,000 in 45 minutes! 100% paying platform guaranteed. Join Telegram: t.me/ng_crypto_doubler",ponzi
0,Guy how far? You go dey online tonight for the match? Make we talk football.,personal
0,9mobile: You have successfully activated 1.5GB Data Plan. Valid for 30 days. Dial *312# to check your data balance.,telco_info
1,"Invest N2,000 and get N28,000 in 45 minutes! 100% paying platform guaranteed. Join Telegram: t.me/ng_crypto_doubler",ponzi
1,URGENT: Your Access Bank account has been restricted due to unverified NIN. Call 08120953677 immediately to update your details.,banking_phishing
0,"Bro, abeg transfer N5,000 give me. I dey Kano like this, money no dey my hand for transport.",personal
1,"ALERT: A transaction of N41,000 was attempted on your PalmPay app. If not you, click http://access-secure-portal.com to block account.",banking_phishing
1,"Get instant loan of N35,000 directly to your GTBank account in 2 minutes! No document needed. Download: bit.ly/ng-loan-47",loan_scam
1,"Get instant loan of N23,000 directly to your UBA account in 2 minutes! No document needed. Download: bit.ly/ng-loan-76",loan_scam
1,"Get instant loan of N23,000 directly to your UBA account in 2 minutes! No document needed. Download: bit.ly/ng-loan-36",loan_scam
0,"Glo: Dear Customer, you have used 80% of your daily data bundle. Dial *323# to buy a top-up.",telco_info
0,"Access Bank: Credit N38,000.00. Desc: NIP/TRANSFER FROM CHIOMA. Bal: N623,000.00.",bank_alert
1,DEBT WARNING: IBRAHIM with phone 07032786561 is a chronic defaulter on PalmCredit. Pay your debt today to avoid publishing your BVN online.,loan_harassment
0,9mobile: You have successfully activated 1.5GB Data Plan. Valid for 30 days. Dial *312# to check your data balance.,telco_info
0,I have arrived at Lekki. Will call you once the meeting is done.,personal
1,"Federal Govt Empowerment Fund: You are eligible to receive N50,000 relief grant. Claim your grant here: http://fg-empowerment-ng.site",grant_fraud
1,"Dear customer, your BVN has been flagged for fraud. Kindly text your 11-digit BVN and DOB to 07036448988 to clear your profile.",banking_phishing
1,"Get instant loan of N20,000 directly to your Access Bank account in 2 minutes! No document needed. Download: bit.ly/ng-loan-54",loan_scam
1,"CONGRATULATIONS! Your mobile number won N819,000 in the MTN Promo. Pay N4,000 processing fee to account 0123456789 to receive cash.",advance_fee
0,"GTBank: Acct 012***9781 Debited: N7,000.00 Desc: POS PURCHASE - Yaba. Bal: N18,000.00.",bank_alert
0,MTN: You have successfully activated 1.5GB Data Plan. Valid for 30 days. Dial *312# to check your data balance.,telco_info
1,"Credit Alert: N495,000.00 credited to your account from OLUMIDE. Ref: TRX94868610. Call 08037612228 if you did not expect this payment.",fake_alert
0,Airtel: You have successfully activated 1.5GB Data Plan. Valid for 30 days. Dial *312# to check your data balance.,telco_info
1,DEBT WARNING: KELECHI with phone 08124557464 is a chronic defaulter on LendNG. Pay your debt today to avoid publishing your BVN online.,loan_harassment
0,"OPay: Your One Time Password (OTP) is 351057 for transfer of N5,000.00 to KELECHI. Valid for 5 minutes. DO NOT SHARE.",otp
1,"International Oil Company hiring Field Support Staff in Lekki. Earn N350,000 monthly. Send application details via WhatsApp: 08133200379",fake_job
0,"GTBank: Your One Time Password (OTP) is 725084 for transfer of N9,000.00 to EMMANUEL. Valid for 5 minutes. DO NOT SHARE.",otp
0,"OPay: Your One Time Password (OTP) is 625387 for transfer of N5,000.00 to SUNDAY. Valid for 5 minutes. DO NOT SHARE.",otp
0,"Glo: Dear Customer, you have used 80% of your daily data bundle. Dial *323# to buy a top-up.",telco_info
0,Airtel: You have successfully activated 1.5GB Data Plan. Valid for 30 days. Dial *312# to check your data balance.,telco_info
0,Glo: You have successfully activated 1.5GB Data Plan. Valid for 30 days. Dial *312# to check your data balance.,telco_info
0,9mobile: You have successfully activated 1.5GB Data Plan. Valid for 30 days. Dial *312# to check your data balance.,telco_info
0,"Kuda: Acct 012***1673 Debited: N5,000.00 Desc: POS PURCHASE - Port Harcourt. Bal: N20,000.00.",bank_alert
0,Guy how far? You go dey online tonight for the match? Make we talk football.,personal
1,"Federal Govt Empowerment Fund: You are eligible to receive N50,000 relief grant. Claim your grant here: http://fg-empowerment-ng.site",grant_fraud
0,9mobile: You have successfully activated 1.5GB Data Plan. Valid for 30 days. Dial *312# to check your data balance.,telco_info
1,"ALERT: A transaction of N47,000 was attempted on your GTBank app. If not you, click http://zenith-secure-portal.com to block account.",banking_phishing
1,"Federal Govt Empowerment Fund: You are eligible to receive N50,000 relief grant. Claim your grant here: http://fg-empowerment-ng.site",grant_fraud
0,Guy how far? You go dey online tonight for the match? Make we talk football.,personal
1,"Dear customer, your BVN has been flagged for fraud. Kindly text your 11-digit BVN and DOB to 08164984746 to clear your profile.",banking_phishing
0,Good morning ma. Please remember to buy bread and sachet water on your way back from work.,personal
1,"Central Bank Investment Scheme: N10,000 gives N30,000 in 24 hours. No loss. Call admin on 09031891349 now.",ponzi
0,Guy how far? You go dey online tonight for the match? Make we talk football.,personal
0,"PalmPay: Credit N32,000.00. Desc: NIP/TRANSFER FROM CHIOMA. Bal: N351,000.00.",bank_alert
1,DEBT WARNING: ADAMU with phone 08131769708 is a chronic defaulter on LendNG. Pay your debt today to avoid publishing your BVN online.,loan_harassment
1,"Credit Alert: N882,000.00 credited to your account from IBRAHIM. Ref: TRX14539747. Call 08125228728 if you did not expect this payment.",fake_alert
1,"Federal Govt Empowerment Fund: You are eligible to receive N50,000 relief grant. Claim your grant here: http://fg-empowerment-ng.site",grant_fraud
1,"ALERT: A transaction of N43,000 was attempted on your Fidelity app. If not you, click http://access-secure-portal.com to block account.",banking_phishing
1,"Federal Govt Empowerment Fund: You are eligible to receive N50,000 relief grant. Claim your grant here: http://fg-empowerment-ng.site",grant_fraud
0,I have arrived at Ibadan. Will call you once the meeting is done.,personal
0,"Bro, abeg transfer N6,000 give me. I dey Abuja like this, money no dey my hand for transport.",personal
0,Glo: You have successfully activated 1.5GB Data Plan. Valid for 30 days. Dial *312# to check your data balance.,telco_info
0,I have arrived at Ikeja. Will call you once the meeting is done.,personal
0,"FirstBank: Credit N41,000.00. Desc: NIP/TRANSFER FROM CHIOMA. Bal: N317,000.00.",bank_alert
0,"Bro, abeg transfer N1,000 give me. I dey Surulere like this, money no dey my hand for transport.",personal
1,"ALERT: A transaction of N23,000 was attempted on your FirstBank app. If not you, click http://access-secure-portal.com to block account.",banking_phishing
1,"ALERT: A transaction of N21,000 was attempted on your Fidelity app. If not you, click http://access-secure-portal.com to block account.",banking_phishing
0,"Bro, abeg transfer N7,000 give me. I dey Port Harcourt like this, money no dey my hand for transport.",personal
0,Good morning ma. Please remember to buy bread and sachet water on your way back from work.,personal
1,"ALERT: A transaction of N22,000 was attempted on your PalmPay app. If not you, click http://firstbank-secure-portal.com to block account.",banking_phishing
1,"Federal Govt Empowerment Fund: You are eligible to receive N50,000 relief grant. Claim your grant here: http://fg-empowerment-ng.site",grant_fraud
0,Guy how far? You go dey online tonight for the match? Make we talk football.,personal
0,Good morning ma. Please remember to buy bread and sachet water on your way back from work.,personal
0,"MTN: Dear Customer, you have used 80% of your daily data bundle. Dial *323# to buy a top-up.",telco_info
1,"Central Bank Investment Scheme: N10,000 gives N30,000 in 24 hours. No loss. Call admin on 08128095728 now.",ponzi
0,Good morning ma. Please remember to buy bread and sachet water on your way back from work.,personal
1,DEBT WARNING: KELECHI with phone 08127906545 is a chronic defaulter on EasyCredit. Pay your debt today to avoid publishing your BVN online.,loan_harassment
0,I have arrived at Ibadan. Will call you once the meeting is done.,personal
0,"Bro, abeg transfer N3,000 give me. I dey Lekki like this, money no dey my hand for transport.",personal
1,"JOB OFFER: Urgently recruiting Admin Officers at Kano, Lagos. Salary: N180,000/month. Text YES to 08137156415 for interview invitation.",fake_job
0,"OPay: Your One Time Password (OTP) is 930470 for transfer of N8,000.00 to KELECHI. Valid for 5 minutes. DO NOT SHARE.",otp
1,"Dear customer, your BVN has been flagged for fraud. Kindly text your 11-digit BVN and DOB to 07031847146 to clear your profile.",banking_phishing
1,"JOB OFFER: Urgently recruiting Admin Officers at Ibadan, Lagos. Salary: N180,000/month. Text YES to 08128963899 for interview invitation.",fake_job
1,"JOB OFFER: Urgently recruiting Admin Officers at Enugu, Lagos. Salary: N180,000/month. Text YES to 07034108439 for interview invitation.",fake_job
0,"PalmPay: Credit N32,000.00. Desc: NIP/TRANSFER FROM ADAMU. Bal: N352,000.00.",bank_alert
0,"PalmPay: Your One Time Password (OTP) is 352638 for transfer of N5,000.00 to OLUMIDE. Valid for 5 minutes. DO NOT SHARE.",otp
0,"GTBank: Your One Time Password (OTP) is 504315 for transfer of N2,000.00 to KELECHI. Valid for 5 minutes. DO NOT SHARE.",otp
0,"Bro, abeg transfer N8,000 give me. I dey Enugu like this, money no dey my hand for transport.",personal
0,Guy how far? You go dey online tonight for the match? Make we talk football.,personal
0,"Fidelity: Acct 012***7243 Debited: N4,000.00 Desc: POS PURCHASE - Yaba. Bal: N16,000.00.",bank_alert
1,"Get instant loan of N39,000 directly to your OPay account in 2 minutes! No document needed. Download: bit.ly/ng-loan-83",loan_scam
1,"Federal Govt Empowerment Fund: You are eligible to receive N50,000 relief grant. Claim your grant here: http://fg-empowerment-ng.site",grant_fraud
0,"Glo: Dear Customer, you have used 80% of your daily data bundle. Dial *323# to buy a top-up.",telco_info
1,"Dear customer, your BVN has been flagged for fraud. Kindly text your 11-digit BVN and DOB to 08167541184 to clear your profile.",banking_phishing
1,DEBT WARNING: IBRAHIM with phone 07031514888 is a chronic defaulter on EasyCredit. Pay your debt today to avoid publishing your BVN online.,loan_harassment
0,Good morning ma. Please remember to buy bread and sachet water on your way back from work.,personal
0,"UBA: Credit N40,000.00. Desc: NIP/TRANSFER FROM IBRAHIM. Bal: N841,000.00.",bank_alert
1,"Invest N4,000 and get N15,000 in 45 minutes! 100% paying platform guaranteed. Join Telegram: t.me/ng_crypto_doubler",ponzi
0,"Fidelity: Your One Time Password (OTP) is 370933 for transfer of N9,000.00 to CHIOMA. Valid for 5 minutes. DO NOT SHARE.",otp
1,"JOB OFFER: Urgently recruiting Admin Officers at Surulere, Lagos. Salary: N180,000/month. Text YES to 07039531273 for interview invitation.",fake_job
0,"PalmPay: Acct 012***2925 Debited: N4,000.00 Desc: POS PURCHASE - Ikeja. Bal: N27,000.00.",bank_alert
0,"UBA: Your One Time Password (OTP) is 250198 for transfer of N5,000.00 to SUNDAY. Valid for 5 minutes. DO NOT SHARE.",otp
0,"GTBank: Credit N19,000.00. Desc: NIP/TRANSFER FROM EMMANUEL. Bal: N303,000.00.",bank_alert
1,URGENT: Your Zenith Bank account has been restricted due to unverified BVN. Call 08022567212 immediately to update your details.,banking_phishing
1,"Federal Govt Empowerment Fund: You are eligible to receive N50,000 relief grant. Claim your grant here: http://fg-empowerment-ng.site",grant_fraud
1,"Dear customer, your BVN has been flagged for fraud. Kindly text your 11-digit BVN and DOB to 09034007965 to clear your profile.",banking_phishing
1,"Credit Alert: N424,000.00 credited to your account from IBRAHIM. Ref: TRX76165193. Call 08033619328 if you did not expect this payment.",fake_alert
0,"FirstBank: Your One Time Password (OTP) is 479625 for transfer of N8,000.00 to ADAMU. Valid for 5 minutes. DO NOT SHARE.",otp
1,"Central Bank Investment Scheme: N10,000 gives N30,000 in 24 hours. No loss. Call admin on 08133159998 now.",ponzi
0,Guy how far? You go dey online tonight for the match? Make we talk football.,personal
0,"Fidelity: Credit N47,000.00. Desc: NIP/TRANSFER FROM SUNDAY. Bal: N223,000.00.",bank_alert
1,"Central Bank Investment Scheme: N10,000 gives N30,000 in 24 hours. No loss. Call admin on 08122269405 now.",ponzi
1,"International Oil Company hiring Field Support Staff in Abuja. Earn N350,000 monthly. Send application details via WhatsApp: 09033316140",fake_job
1,"JOB OFFER: Urgently recruiting Admin Officers at Abuja, Lagos. Salary: N180,000/month. Text YES to 07031996459 for interview invitation.",fake_job
1,"ALERT: A transaction of N22,000 was attempted on your Zenith Bank app. If not you, click http://zenith-secure-portal.com to block account.",banking_phishing
0,Guy how far? You go dey online tonight for the match? Make we talk football.,personal
0,"Zenith Bank: Acct 012***1683 Debited: N8,000.00 Desc: POS PURCHASE - Ikeja. Bal: N42,000.00.",bank_alert
1,"Central Bank Investment Scheme: N10,000 gives N30,000 in 24 hours. No loss. Call admin on 08126503052 now.",ponzi
0,"Access Bank: Acct 012***1941 Debited: N2,000.00 Desc: POS PURCHASE - Kano. Bal: N24,000.00.",bank_alert
1,"Dear customer, your BVN has been flagged for fraud. Kindly text your 11-digit BVN and DOB to 08161219993 to clear your profile.",banking_phishing
1,"Credit Alert: N777,000.00 credited to your account from EMMANUEL. Ref: TRX86721626. Call 08125018607 if you did not expect this payment.",fake_alert
1,"CONGRATULATIONS! Your mobile number won N927,000 in the Airtel Promo. Pay N9,000 processing fee to account 0123456789 to receive cash.",advance_fee
0,"UBA: Your One Time Password (OTP) is 906532 for transfer of N2,000.00 to CHIOMA. Valid for 5 minutes. DO NOT SHARE.",otp
0,Good morning ma. Please remember to buy bread and sachet water on your way back from work.,personal
0,"FirstBank: Your One Time Password (OTP) is 572760 for transfer of N4,000.00 to CHIOMA. Valid for 5 minutes. DO NOT SHARE.",otp
0,MTN: You have successfully activated 1.5GB Data Plan. Valid for 30 days. Dial *312# to check your data balance.,telco_info
0,"FirstBank: Acct 012***4946 Debited: N5,000.00 Desc: POS PURCHASE - Yaba. Bal: N48,000.00.",bank_alert
1,"ALERT: A transaction of N29,000 was attempted on your UBA app. If not you, click http://access-secure-portal.com to block account.",banking_phishing
1,"JOB OFFER: Urgently recruiting Admin Officers at Abuja, Lagos. Salary: N180,000/month. Text YES to 09019758344 for interview invitation.",fake_job
0,"GTBank: Your One Time Password (OTP) is 778553 for transfer of N9,000.00 to SUNDAY. Valid for 5 minutes. DO NOT SHARE.",otp
0,Good morning ma. Please remember to buy bread and sachet water on your way back from work.,personal
0,I have arrived at Surulere. Will call you once the meeting is done.,personal
0,I have arrived at Port Harcourt. Will call you once the meeting is done.,personal
0,"PalmPay: Your One Time Password (OTP) is 450504 for transfer of N3,000.00 to EMMANUEL. Valid for 5 minutes. DO NOT SHARE.",otp
1,"Credit Alert: N758,000.00 credited to your account from KELECHI. Ref: TRX11945284. Call 07033262538 if you did not expect this payment.",fake_alert
1,"Get instant loan of N40,000 directly to your PalmPay account in 2 minutes! No document needed. Download: bit.ly/ng-loan-72",loan_scam
1,"International Oil Company hiring Field Support Staff in Surulere. Earn N350,000 monthly. Send application details via WhatsApp: 09011763524",fake_job
1,"International Oil Company hiring Field Support Staff in Surulere. Earn N350,000 monthly. Send application details via WhatsApp: 08137744197",fake_job
1,"Invest N7,000 and get N10,000 in 45 minutes! 100% paying platform guaranteed. Join Telegram: t.me/ng_crypto_doubler",ponzi
1,"Federal Govt Empowerment Fund: You are eligible to receive N50,000 relief grant. Claim your grant here: http://fg-empowerment-ng.site",grant_fraud
0,Good morning ma. Please remember to buy bread and sachet water on your way back from work.,personal
1,"JOB OFFER: Urgently recruiting Admin Officers at Port Harcourt, Lagos. Salary: N180,000/month. Text YES to 08135872717 for interview invitation.",fake_job
1,"Dear customer, your BVN has been flagged for fraud. Kindly text your 11-digit BVN and DOB to 08026058019 to clear your profile.",banking_phishing
0,I have arrived at Enugu. Will call you once the meeting is done.,personal
0,Good morning ma. Please remember to buy bread and sachet water on your way back from work.,personal
1,URGENT: Your Access Bank account has been restricted due to unverified KYC records. Call 08022259572 immediately to update your details.,banking_phishing
0,"OPay: Your One Time Password (OTP) is 511305 for transfer of N8,000.00 to OLUMIDE. Valid for 5 minutes. DO NOT SHARE.",otp
0,Guy how far? You go dey online tonight for the match? Make we talk football.,personal
1,URGENT: Your Kuda account has been restricted due to unverified BVN. Call 08037250933 immediately to update your details.,banking_phishing
0,"Bro, abeg transfer N3,000 give me. I dey Ikeja like this, money no dey my hand for transport.",personal
1,"ALERT: A transaction of N44,000 was attempted on your UBA app. If not you, click http://access-secure-portal.com to block account.",banking_phishing
0,"Bro, abeg transfer N4,000 give me. I dey Ikeja like this, money no dey my hand for transport.",personal
1,URGENT: Your Kuda account has been restricted due to unverified BVN. Call 08160716348 immediately to update your details.,banking_phishing
0,"GTBank: Acct 012***2742 Debited: N7,000.00 Desc: POS PURCHASE - Abuja. Bal: N30,000.00.",bank_alert
0,Guy how far? You go dey online tonight for the match? Make we talk football.,personal
0,"GTBank: Acct 012***7762 Debited: N6,000.00 Desc: POS PURCHASE - Port Harcourt. Bal: N39,000.00.",bank_alert
1,"Credit Alert: N278,000.00 credited to your account from OLUMIDE. Ref: TRX29967125. Call 09033984811 if you did not expect this payment.",fake_alert
1,"Credit Alert: N311,000.00 credited to your account from IBRAHIM. Ref: TRX74707236. Call 08167773426 if you did not expect this payment.",fake_alert
0,"Zenith Bank: Credit N46,000.00. Desc: NIP/TRANSFER FROM IBRAHIM. Bal: N303,000.00.",bank_alert
1,"Federal Govt Empowerment Fund: You are eligible to receive N50,000 relief grant. Claim your grant here: http://fg-empowerment-ng.site",grant_fraud
0,Good morning ma. Please remember to buy bread and sachet water on your way back from work.,personal
0,"Bro, abeg transfer N1,000 give me. I dey Port Harcourt like this, money no dey my hand for transport.",personal
0,Guy how far? You go dey online tonight for the match? Make we talk football.,personal
1,"JOB OFFER: Urgently recruiting Admin Officers at Surulere, Lagos. Salary: N180,000/month. Text YES to 08032611398 for interview invitation.",fake_job
0,"Access Bank: Your One Time Password (OTP) is 939236 for transfer of N4,000.00 to SUNDAY. Valid for 5 minutes. DO NOT SHARE.",otp
1,"International Oil Company hiring Field Support Staff in Kano. Earn N350,000 monthly. Send application details via WhatsApp: 08165157980",fake_job
0,"Fidelity: Your One Time Password (OTP) is 461145 for transfer of N9,000.00 to ADAMU. Valid for 5 minutes. DO NOT SHARE.",otp
0,"Fidelity: Credit N35,000.00. Desc: NIP/TRANSFER FROM CHUKWUEMEKA. Bal: N931,000.00.",bank_alert
0,Good morning ma. Please remember to buy bread and sachet water on your way back from work.,personal
1,"Central Bank Investment Scheme: N10,000 gives N30,000 in 24 hours. No loss. Call admin on 08168889994 now.",ponzi
1,"Get instant loan of N24,000 directly to your UBA account in 2 minutes! No document needed. Download: bit.ly/ng-loan-43",loan_scam
1,"Invest N5,000 and get N35,000 in 45 minutes! 100% paying platform guaranteed. Join Telegram: t.me/ng_crypto_doubler",ponzi
1,URGENT: Your Access Bank account has been restricted due to unverified KYC records. Call 08132727281 immediately to update your details.,banking_phishing
0,"Airtel: Dear Customer, you have used 80% of your daily data bundle. Dial *323# to buy a top-up.",telco_info
0,Guy how far? You go dey online tonight for the match? Make we talk football.,personal
1,"Dear customer, your BVN has been flagged for fraud. Kindly text your 11-digit BVN and DOB to 08024595508 to clear your profile.",banking_phishing
0,Glo: You have successfully activated 1.5GB Data Plan. Valid for 30 days. Dial *312# to check your data balance.,telco_info
1,"JOB OFFER: Urgently recruiting Admin Officers at Surulere, Lagos. Salary: N180,000/month. Text YES to 08036969421 for interview invitation.",fake_job
1,URGENT: Your Kuda account has been restricted due to unverified BVN. Call 08163397855 immediately to update your details.,banking_phishing
0,"Zenith Bank: Your One Time Password (OTP) is 759891 for transfer of N5,000.00 to CHIOMA. Valid for 5 minutes. DO NOT SHARE.",otp
1,"ALERT: A transaction of N25,000 was attempted on your OPay app. If not you, click http://firstbank-secure-portal.com to block account.",banking_phishing
0,"Fidelity: Credit N17,000.00. Desc: NIP/TRANSFER FROM SUNDAY. Bal: N385,000.00.",bank_alert
1,DEBT WARNING: IBRAHIM with phone 09033454182 is a chronic defaulter on QuickLoan. Pay your debt today to avoid publishing your BVN online.,loan_harassment
1,"Federal Govt Empowerment Fund: You are eligible to receive N50,000 relief grant. Claim your grant here: http://fg-empowerment-ng.site",grant_fraud
0,"Bro, abeg transfer N9,000 give me. I dey Ikeja like this, money no dey my hand for transport.",personal
0,"Bro, abeg transfer N6,000 give me. I dey Abuja like this, money no dey my hand for transport.",personal
1,DEBT WARNING: SUNDAY with phone 08028435797 is a chronic defaulter on FastCash. Pay your debt today to avoid publishing your BVN online.,loan_harassment
1,"Credit Alert: N233,000.00 credited to your account from ADAMU. Ref: TRX57482675. Call 08023165871 if you did not expect this payment.",fake_alert
1,"International Oil Company hiring Field Support Staff in Ibadan. Earn N350,000 monthly. Send application details via WhatsApp: 08029530164",fake_job
1,"ALERT: A transaction of N30,000 was attempted on your Zenith Bank app. If not you, click http://gtb-secure-portal.com to block account.",banking_phishing
0,Airtel: You have successfully activated 1.5GB Data Plan. Valid for 30 days. Dial *312# to check your data balance.,telco_info
1,"Dear customer, your BVN has been flagged for fraud. Kindly text your 11-digit BVN and DOB to 08039016801 to clear your profile.",banking_phishing
0,"UBA: Acct 012***6277 Debited: N9,000.00 Desc: POS PURCHASE - Yaba. Bal: N21,000.00.",bank_alert
0,"9mobile: Dear Customer, you have used 80% of your daily data bundle. Dial *323# to buy a top-up.",telco_info
1,"Dear customer, your BVN has been flagged for fraud. Kindly text your 11-digit BVN and DOB to 08131110397 to clear your profile.",banking_phishing
1,"Central Bank Investment Scheme: N10,000 gives N30,000 in 24 hours. No loss. Call admin on 08160605664 now.",ponzi
0,"OPay: Acct 012***2299 Debited: N8,000.00 Desc: POS PURCHASE - Enugu. Bal: N29,000.00.",bank_alert
1,"ALERT: A transaction of N15,000 was attempted on your Zenith Bank app. If not you, click http://gtb-secure-portal.com to block account.",banking_phishing
0,I have arrived at Ibadan. Will call you once the meeting is done.,personal
1,"Dear customer, your BVN has been flagged for fraud. Kindly text your 11-digit BVN and DOB to 08027933554 to clear your profile.",banking_phishing
1,URGENT: Your Zenith Bank account has been restricted due to unverified KYC records. Call 09039986077 immediately to update your details.,banking_phishing
1,"Central Bank Investment Scheme: N10,000 gives N30,000 in 24 hours. No loss. Call admin on 08036887302 now.",ponzi
0,"UBA: Credit N18,000.00. Desc: NIP/TRANSFER FROM CHUKWUEMEKA. Bal: N796,000.00.",bank_alert
0,Airtel: You have successfully activated 1.5GB Data Plan. Valid for 30 days. Dial *312# to check your data balance.,telco_info
0,"Bro, abeg transfer N5,000 give me. I dey Kano like this, money no dey my hand for transport.",personal
1,"ALERT: A transaction of N21,000 was attempted on your Access Bank app. If not you, click http://access-secure-portal.com to block account.",banking_phishing
1,"Invest N4,000 and get N12,000 in 45 minutes! 100% paying platform guaranteed. Join Telegram: t.me/ng_crypto_doubler",ponzi
1,"ALERT: A transaction of N10,000 was attempted on your UBA app. If not you, click http://access-secure-portal.com to block account.",banking_phishing
0,Good morning ma. Please remember to buy bread and sachet water on your way back from work.,personal
0,"PalmPay: Credit N23,000.00. Desc: NIP/TRANSFER FROM OLUMIDE. Bal: N523,000.00.",bank_alert
1,"Federal Govt Empowerment Fund: You are eligible to receive N50,000 relief grant. Claim your grant here: http://fg-empowerment-ng.site",grant_fraud
0,"Glo: Dear Customer, you have used 80% of your daily data bundle. Dial *323# to buy a top-up.",telco_info
0,Guy how far? You go dey online tonight for the match? Make we talk football.,personal
0,Good morning ma. Please remember to buy bread and sachet water on your way back from work.,personal
1,"Federal Govt Empowerment Fund: You are eligible to receive N50,000 relief grant. Claim your grant here: http://fg-empowerment-ng.site",grant_fraud
1,"CONGRATULATIONS! Your mobile number won N935,000 in the Glo Promo. Pay N8,000 processing fee to account 0123456789 to receive cash.",advance_fee
1,"Invest N3,000 and get N47,000 in 45 minutes! 100% paying platform guaranteed. Join Telegram: t.me/ng_crypto_doubler",ponzi
0,"FirstBank: Your One Time Password (OTP) is 762044 for transfer of N1,000.00 to CHUKWUEMEKA. Valid for 5 minutes. DO NOT SHARE.",otp
0,"MTN: Dear Customer, you have used 80% of your daily data bundle. Dial *323# to buy a top-up.",telco_info
1,"International Oil Company hiring Field Support Staff in Abuja. Earn N350,000 monthly. Send application details via WhatsApp: 09034327541",fake_job
1,"Get instant loan of N41,000 directly to your Zenith Bank account in 2 minutes! No document needed. Download: bit.ly/ng-loan-64",loan_scam
1,URGENT: Your Kuda account has been restricted due to unverified NIN. Call 08131433605 immediately to update your details.,banking_phishing
0,"PalmPay: Your One Time Password (OTP) is 440967 for transfer of N3,000.00 to SUNDAY. Valid for 5 minutes. DO NOT SHARE.",otp
0,Good morning ma. Please remember to buy bread and sachet water on your way back from work.,personal
1,"Federal Govt Empowerment Fund: You are eligible to receive N50,000 relief grant. Claim your grant here: http://fg-empowerment-ng.site",grant_fraud
1,DEBT WARNING: BLESSING with phone 08035346503 is a chronic defaulter on LendNG. Pay your debt today to avoid publishing your BVN online.,loan_harassment
1,"ALERT: A transaction of N50,000 was attempted on your Zenith Bank app. If not you, click http://gtb-secure-portal.com to block account.",banking_phishing
1,"Dear customer, your BVN has been flagged for fraud. Kindly text your 11-digit BVN and DOB to 08032944627 to clear your profile.",banking_phishing
0,Guy how far? You go dey online tonight for the match? Make we talk football.,personal
1,"ALERT: A transaction of N26,000 was attempted on your Access Bank app. If not you, click http://firstbank-secure-portal.com to block account.",banking_phishing
0,9mobile: You have successfully activated 1.5GB Data Plan. Valid for 30 days. Dial *312# to check your data balance.,telco_info
0,I have arrived at Abuja. Will call you once the meeting is done.,personal
1,"Federal Govt Empowerment Fund: You are eligible to receive N50,000 relief grant. Claim your grant here: http://fg-empowerment-ng.site",grant_fraud
1,"CONGRATULATIONS! Your mobile number won N136,000 in the 9mobile Promo. Pay N4,000 processing fee to account 0123456789 to receive cash.",advance_fee
1,"Central Bank Investment Scheme: N10,000 gives N30,000 in 24 hours. No loss. Call admin on 09014372954 now.",ponzi
1,"Get instant loan of N14,000 directly to your PalmPay account in 2 minutes! No document needed. Download: bit.ly/ng-loan-38",loan_scam
1,"ALERT: A transaction of N39,000 was attempted on your UBA app. If not you, click http://zenith-secure-portal.com to block account.",banking_phishing
1,"Dear customer, your BVN has been flagged for fraud. Kindly text your 11-digit BVN and DOB to 08027464887 to clear your profile.",banking_phishing
0,"Kuda: Your One Time Password (OTP) is 650723 for transfer of N5,000.00 to EMMANUEL. Valid for 5 minutes. DO NOT SHARE.",otp
0,Guy how far? You go dey online tonight for the match? Make we talk football.,personal
0,Guy how far? You go dey online tonight for the match? Make we talk football.,personal
0,I have arrived at Lekki. Will call you once the meeting is done.,personal
1,DEBT WARNING: IBRAHIM with phone 09038071545 is a chronic defaulter on PalmCredit. Pay your debt today to avoid publishing your BVN online.,loan_harassment
1,"JOB OFFER: Urgently recruiting Admin Officers at Ikeja, Lagos. Salary: N180,000/month. Text YES to 09013012398 for interview invitation.",fake_job
1,"Invest N3,000 and get N11,000 in 45 minutes! 100% paying platform guaranteed. Join Telegram: t.me/ng_crypto_doubler",ponzi
0,"Airtel: Dear Customer, you have used 80% of your daily data bundle. Dial *323# to buy a top-up.",telco_info
0,9mobile: You have successfully activated 1.5GB Data Plan. Valid for 30 days. Dial *312# to check your data balance.,telco_info
1,"Invest N7,000 and get N28,000 in 45 minutes! 100% paying platform guaranteed. Join Telegram: t.me/ng_crypto_doubler",ponzi
0,"Bro, abeg transfer N6,000 give me. I dey Lekki like this, money no dey my hand for transport.",personal
1,"Dear customer, your BVN has been flagged for fraud. Kindly text your 11-digit BVN and DOB to 09018820244 to clear your profile.",banking_phishing
0,MTN: You have successfully activated 1.5GB Data Plan. Valid for 30 days. Dial *312# to check your data balance.,telco_info
1,"Central Bank Investment Scheme: N10,000 gives N30,000 in 24 hours. No loss. Call admin on 08163210469 now.",ponzi
1,"International Oil Company hiring Field Support Staff in Ibadan. Earn N350,000 monthly. Send application details via WhatsApp: 07033514546",fake_job
0,9mobile: You have successfully activated 1.5GB Data Plan. Valid for 30 days. Dial *312# to check your data balance.,telco_info
1,"JOB OFFER: Urgently recruiting Admin Officers at Port Harcourt, Lagos. Salary: N180,000/month. Text YES to 09016756355 for interview invitation.",fake_job
0,"Glo: Dear Customer, you have used 80% of your daily data bundle. Dial *323# to buy a top-up.",telco_info
0,Guy how far? You go dey online tonight for the match? Make we talk football.,personal
1,"Central Bank Investment Scheme: N10,000 gives N30,000 in 24 hours. No loss. Call admin on 09036502859 now.",ponzi
0,"OPay: Credit N23,000.00. Desc: NIP/TRANSFER FROM CHIOMA. Bal: N391,000.00.",bank_alert
1,"CONGRATULATIONS! Your mobile number won N170,000 in the Glo Promo. Pay N8,000 processing fee to account 0123456789 to receive cash.",advance_fee
0,I have arrived at Surulere. Will call you once the meeting is done.,personal
0,"Zenith Bank: Acct 012***7076 Debited: N6,000.00 Desc: POS PURCHASE - Ikeja. Bal: N33,000.00.",bank_alert
0,"GTBank: Acct 012***3019 Debited: N3,000.00 Desc: POS PURCHASE - Surulere. Bal: N24,000.00.",bank_alert
1,"Federal Govt Empowerment Fund: You are eligible to receive N50,000 relief grant. Claim your grant here: http://fg-empowerment-ng.site",grant_fraud
1,URGENT: Your OPay account has been restricted due to unverified BVN. Call 08126547370 immediately to update your details.,banking_phishing
1,"CONGRATULATIONS! Your mobile number won N205,000 in the Glo Promo. Pay N1,000 processing fee to account 0123456789 to receive cash.",advance_fee
1,URGENT: Your FirstBank account has been restricted due to unverified NIN. Call 08121658087 immediately to update your details.,banking_phishing
0,Guy how far? You go dey online tonight for the match? Make we talk football.,personal
1,URGENT: Your Zenith Bank account has been restricted due to unverified KYC records. Call 07036310437 immediately to update your details.,banking_phishing
0,Glo: You have successfully activated 1.5GB Data Plan. Valid for 30 days. Dial *312# to check your data balance.,telco_info
0,"OPay: Your One Time Password (OTP) is 690698 for transfer of N1,000.00 to CHIOMA. Valid for 5 minutes. DO NOT SHARE.",otp
1,"ALERT: A transaction of N50,000 was attempted on your Access Bank app. If not you, click http://access-secure-portal.com to block account.",banking_phishing
0,"Access Bank: Acct 012***6640 Debited: N1,000.00 Desc: POS PURCHASE - Kano. Bal: N49,000.00.",bank_alert
1,DEBT WARNING: BLESSING with phone 09037097389 is a chronic defaulter on PalmCredit. Pay your debt today to avoid publishing your BVN online.,loan_harassment
1,"Central Bank Investment Scheme: N10,000 gives N30,000 in 24 hours. No loss. Call admin on 09030402874 now.",ponzi
1,"Federal Govt Empowerment Fund: You are eligible to receive N50,000 relief grant. Claim your grant here: http://fg-empowerment-ng.site",grant_fraud
1,"CONGRATULATIONS! Your mobile number won N708,000 in the MTN Promo. Pay N8,000 processing fee to account 0123456789 to receive cash.",advance_fee
0,"MTN: Dear Customer, you have used 80% of your daily data bundle. Dial *323# to buy a top-up.",telco_info
1,"Credit Alert: N934,000.00 credited to your account from CHIOMA. Ref: TRX77274241. Call 09035240553 if you did not expect this payment.",fake_alert
0,Guy how far? You go dey online tonight for the match? Make we talk football.,personal
1,URGENT: Your PalmPay account has been restricted due to unverified KYC records. Call 08160322177 immediately to update your details.,banking_phishing
0,"OPay: Credit N14,000.00. Desc: NIP/TRANSFER FROM OLUMIDE. Bal: N511,000.00.",bank_alert
1,"JOB OFFER: Urgently recruiting Admin Officers at Port Harcourt, Lagos. Salary: N180,000/month. Text YES to 08036056360 for interview invitation.",fake_job
0,I have arrived at Yaba. Will call you once the meeting is done.,personal
1,"Federal Govt Empowerment Fund: You are eligible to receive N50,000 relief grant. Claim your grant here: http://fg-empowerment-ng.site",grant_fraud
0,"PalmPay: Your One Time Password (OTP) is 963812 for transfer of N4,000.00 to BLESSING. Valid for 5 minutes. DO NOT SHARE.",otp
0,"Bro, abeg transfer N9,000 give me. I dey Abuja like this, money no dey my hand for transport.",personal
1,DEBT WARNING: BLESSING with phone 08130388401 is a chronic defaulter on FastCash. Pay your debt today to avoid publishing your BVN online.,loan_harassment
0,Guy how far? You go dey online tonight for the match? Make we talk football.,personal
0,Glo: You have successfully activated 1.5GB Data Plan. Valid for 30 days. Dial *312# to check your data balance.,telco_info
0,"GTBank: Acct 012***9196 Debited: N3,000.00 Desc: POS PURCHASE - Port Harcourt. Bal: N40,000.00.",bank_alert
0,Guy how far? You go dey online tonight for the match? Make we talk football.,personal
0,Good morning ma. Please remember to buy bread and sachet water on your way back from work.,personal
0,Good morning ma. Please remember to buy bread and sachet water on your way back from work.,personal
0,Good morning ma. Please remember to buy bread and sachet water on your way back from work.,personal
0,MTN: You have successfully activated 1.5GB Data Plan. Valid for 30 days. Dial *312# to check your data balance.,telco_info
0,Good morning ma. Please remember to buy bread and sachet water on your way back from work.,personal
1,"JOB OFFER: Urgently recruiting Admin Officers at Lekki, Lagos. Salary: N180,000/month. Text YES to 08038338265 for interview invitation.",fake_job
1,"Federal Govt Empowerment Fund: You are eligible to receive N50,000 relief grant. Claim your grant here: http://fg-empowerment-ng.site",grant_fraud
0,"Bro, abeg transfer N3,000 give me. I dey Lekki like this, money no dey my hand for transport.",personal
0,"OPay: Acct 012***8927 Debited: N7,000.00 Desc: POS PURCHASE - Yaba. Bal: N38,000.00.",bank_alert
1,URGENT: Your UBA account has been restricted due to unverified BVN. Call 08124375811 immediately to update your details.,banking_phishing
0,"Kuda: Credit N30,000.00. Desc: NIP/TRANSFER FROM SUNDAY. Bal: N460,000.00.",bank_alert
0,MTN: You have successfully activated 1.5GB Data Plan. Valid for 30 days. Dial *312# to check your data balance.,telco_info
0,Guy how far? You go dey online tonight for the match? Make we talk football.,personal
0,"9mobile: Dear Customer, you have used 80% of your daily data bundle. Dial *323# to buy a top-up.",telco_info
0,I have arrived at Port Harcourt. Will call you once the meeting is done.,personal
0,"GTBank: Acct 012***7040 Debited: N4,000.00 Desc: POS PURCHASE - Ibadan. Bal: N15,000.00.",bank_alert
0,"9mobile: Dear Customer, you have used 80% of your daily data bundle. Dial *323# to buy a top-up.",telco_info
0,Good morning ma. Please remember to buy bread and sachet water on your way back from work.,personal
1,URGENT: Your PalmPay account has been restricted due to unverified BVN. Call 08133213495 immediately to update your details.,banking_phishing
0,"FirstBank: Acct 012***6515 Debited: N2,000.00 Desc: POS PURCHASE - Ibadan. Bal: N13,000.00.",bank_alert
1,"Credit Alert: N315,000.00 credited to your account from OLUMIDE. Ref: TRX41491128. Call 08165987622 if you did not expect this payment.",fake_alert
0,"GTBank: Your One Time Password (OTP) is 329540 for transfer of N7,000.00 to KELECHI. Valid for 5 minutes. DO NOT SHARE.",otp
1,"ALERT: A transaction of N27,000 was attempted on your GTBank app. If not you, click http://zenith-secure-portal.com to block account.",banking_phishing
0,"Bro, abeg transfer N2,000 give me. I dey Enugu like this, money no dey my hand for transport.",personal
1,"Federal Govt Empowerment Fund: You are eligible to receive N50,000 relief grant. Claim your grant here: http://fg-empowerment-ng.site",grant_fraud
1,"Federal Govt Empowerment Fund: You are eligible to receive N50,000 relief grant. Claim your grant here: http://fg-empowerment-ng.site",grant_fraud
1,URGENT: Your Zenith Bank account has been restricted due to unverified KYC records. Call 09030264236 immediately to update your details.,banking_phishing
1,URGENT: Your GTBank account has been restricted due to unverified KYC records. Call 08133106005 immediately to update your details.,banking_phishing
1,"CONGRATULATIONS! Your mobile number won N787,000 in the 9mobile Promo. Pay N3,000 processing fee to account 0123456789 to receive cash.",advance_fee
0,I have arrived at Abuja. Will call you once the meeting is done.,personal
0,I have arrived at Enugu. Will call you once the meeting is done.,personal
0,"9mobile: Dear Customer, you have used 80% of your daily data bundle. Dial *323# to buy a top-up.",telco_info
0,"Kuda: Credit N37,000.00. Desc: NIP/TRANSFER FROM CHIOMA. Bal: N802,000.00.",bank_alert
1,"International Oil Company hiring Field Support Staff in Kano. Earn N350,000 monthly. Send application details via WhatsApp: 09019638453",fake_job
0,Guy how far? You go dey online tonight for the match? Make we talk football.,personal
0,"Bro, abeg transfer N8,000 give me. I dey Lekki like this, money no dey my hand for transport.",personal
1,"CONGRATULATIONS! Your mobile number won N404,000 in the MTN Promo. Pay N8,000 processing fee to account 0123456789 to receive cash.",advance_fee
1,"ALERT: A transaction of N20,000 was attempted on your FirstBank app. If not you, click http://access-secure-portal.com to block account.",banking_phishing
1,"Central Bank Investment Scheme: N10,000 gives N30,000 in 24 hours. No loss. Call admin on 08165740589 now.",ponzi
0,Good morning ma. Please remember to buy bread and sachet water on your way back from work.,personal
0,"Bro, abeg transfer N2,000 give me. I dey Port Harcourt like this, money no dey my hand for transport.",personal
1,"Invest N2,000 and get N34,000 in 45 minutes! 100% paying platform guaranteed. Join Telegram: t.me/ng_crypto_doubler",ponzi
1,"ALERT: A transaction of N25,000 was attempted on your OPay app. If not you, click http://zenith-secure-portal.com to block account.",banking_phishing
1,"International Oil Company hiring Field Support Staff in Abuja. Earn N350,000 monthly. Send application details via WhatsApp: 08032206953",fake_job
0,"Access Bank: Acct 012***9495 Debited: N3,000.00 Desc: POS PURCHASE - Yaba. Bal: N37,000.00.",bank_alert
1,"Dear customer, your BVN has been flagged for fraud. Kindly text your 11-digit BVN and DOB to 07039014599 to clear your profile.",banking_phishing
0,"OPay: Your One Time Password (OTP) is 938007 for transfer of N5,000.00 to IBRAHIM. Valid for 5 minutes. DO NOT SHARE.",otp
0,"9mobile: Dear Customer, you have used 80% of your daily data bundle. Dial *323# to buy a top-up.",telco_info
0,"Bro, abeg transfer N6,000 give me. I dey Kano like this, money no dey my hand for transport.",personal
1,"Get instant loan of N32,000 directly to your Kuda account in 2 minutes! No document needed. Download: bit.ly/ng-loan-55",loan_scam
1,"Central Bank Investment Scheme: N10,000 gives N30,000 in 24 hours. No loss. Call admin on 08124956291 now.",ponzi
1,"CONGRATULATIONS! Your mobile number won N366,000 in the Airtel Promo. Pay N5,000 processing fee to account 0123456789 to receive cash.",advance_fee
1,"Credit Alert: N157,000.00 credited to your account from IBRAHIM. Ref: TRX97273361. Call 08163485675 if you did not expect this payment.",fake_alert
0,"Kuda: Credit N12,000.00. Desc: NIP/TRANSFER FROM OLUMIDE. Bal: N791,000.00.",bank_alert
1,"Central Bank Investment Scheme: N10,000 gives N30,000 in 24 hours. No loss. Call admin on 09032254686 now.",ponzi
0,"FirstBank: Your One Time Password (OTP) is 428357 for transfer of N3,000.00 to ADAMU. Valid for 5 minutes. DO NOT SHARE.",otp
0,"GTBank: Your One Time Password (OTP) is 814643 for transfer of N5,000.00 to IBRAHIM. Valid for 5 minutes. DO NOT SHARE.",otp
1,"Invest N1,000 and get N10,000 in 45 minutes! 100% paying platform guaranteed. Join Telegram: t.me/ng_crypto_doubler",ponzi
0,"Airtel: Dear Customer, you have used 80% of your daily data bundle. Dial *323# to buy a top-up.",telco_info
1,URGENT: Your Kuda account has been restricted due to unverified BVN. Call 08122799752 immediately to update your details.,banking_phishing
1,URGENT: Your Kuda account has been restricted due to unverified NIN. Call 08136399865 immediately to update your details.,banking_phishing
1,"Federal Govt Empowerment Fund: You are eligible to receive N50,000 relief grant. Claim your grant here: http://fg-empowerment-ng.site",grant_fraud
1,"Credit Alert: N100,000.00 credited to your account from IBRAHIM. Ref: TRX25360324. Call 09033379226 if you did not expect this payment.",fake_alert
0,Good morning ma. Please remember to buy bread and sachet water on your way back from work.,personal
0,I have arrived at Yaba. Will call you once the meeting is done.,personal
1,"CONGRATULATIONS! Your mobile number won N782,000 in the Airtel Promo. Pay N4,000 processing fee to account 0123456789 to receive cash.",advance_fee
0,"Glo: Dear Customer, you have used 80% of your daily data bundle. Dial *323# to buy a top-up.",telco_info
0,"UBA: Your One Time Password (OTP) is 547051 for transfer of N7,000.00 to OLUMIDE. Valid for 5 minutes. DO NOT SHARE.",otp
1,"Dear customer, your BVN has been flagged for fraud. Kindly text your 11-digit BVN and DOB to 08120380695 to clear your profile.",banking_phishing
1,"International Oil Company hiring Field Support Staff in Ikeja. Earn N350,000 monthly. Send application details via WhatsApp: 09014760751",fake_job
0,Good morning ma. Please remember to buy bread and sachet water on your way back from work.,personal
1,"Central Bank Investment Scheme: N10,000 gives N30,000 in 24 hours. No loss. Call admin on 09032608955 now.",ponzi
1,"Credit Alert: N142,000.00 credited to your account from IBRAHIM. Ref: TRX82549495. Call 08161307221 if you did not expect this payment.",fake_alert
0,"FirstBank: Your One Time Password (OTP) is 413267 for transfer of N8,000.00 to BLESSING. Valid for 5 minutes. DO NOT SHARE.",otp
0,"MTN: Dear Customer, you have used 80% of your daily data bundle. Dial *323# to buy a top-up.",telco_info
1,"Get instant loan of N27,000 directly to your PalmPay account in 2 minutes! No document needed. Download: bit.ly/ng-loan-75",loan_scam
1,"JOB OFFER: Urgently recruiting Admin Officers at Abuja, Lagos. Salary: N180,000/month. Text YES to 08035110900 for interview invitation.",fake_job
0,"Zenith Bank: Credit N32,000.00. Desc: NIP/TRANSFER FROM KELECHI. Bal: N378,000.00.",bank_alert
1,"ALERT: A transaction of N40,000 was attempted on your Zenith Bank app. If not you, click http://gtb-secure-portal.com to block account.",banking_phishing
1,"CONGRATULATIONS! Your mobile number won N356,000 in the 9mobile Promo. Pay N3,000 processing fee to account 0123456789 to receive cash.",advance_fee
1,"JOB OFFER: Urgently recruiting Admin Officers at Ikeja, Lagos. Salary: N180,000/month. Text YES to 07030943533 for interview invitation.",fake_job
0,"Bro, abeg transfer N3,000 give me. I dey Surulere like this, money no dey my hand for transport.",personal
1,"Central Bank Investment Scheme: N10,000 gives N30,000 in 24 hours. No loss. Call admin on 08165634108 now.",ponzi
0,Good morning ma. Please remember to buy bread and sachet water on your way back from work.,personal
0,"Zenith Bank: Credit N19,000.00. Desc: NIP/TRANSFER FROM OLUMIDE. Bal: N372,000.00.",bank_alert
0,9mobile: You have successfully activated 1.5GB Data Plan. Valid for 30 days. Dial *312# to check your data balance.,telco_info
1,"Dear customer, your BVN has been flagged for fraud. Kindly text your 11-digit BVN and DOB to 08135744181 to clear your profile.",banking_phishing
1,DEBT WARNING: CHIOMA with phone 08037896778 is a chronic defaulter on PalmCredit. Pay your debt today to avoid publishing your BVN online.,loan_harassment
0,"PalmPay: Credit N19,000.00. Desc: NIP/TRANSFER FROM CHUKWUEMEKA. Bal: N907,000.00.",bank_alert
0,"Glo: Dear Customer, you have used 80% of your daily data bundle. Dial *323# to buy a top-up.",telco_info
1,"Credit Alert: N320,000.00 credited to your account from OLUMIDE. Ref: TRX89761514. Call 08124888995 if you did not expect this payment.",fake_alert
0,"MTN: Dear Customer, you have used 80% of your daily data bundle. Dial *323# to buy a top-up.",telco_info
0,Good morning ma. Please remember to buy bread and sachet water on your way back from work.,personal
0,"9mobile: Dear Customer, you have used 80% of your daily data bundle. Dial *323# to buy a top-up.",telco_info
0,"9mobile: Dear Customer, you have used 80% of your daily data bundle. Dial *323# to buy a top-up.",telco_info
1,"International Oil Company hiring Field Support Staff in Ibadan. Earn N350,000 monthly. Send application details via WhatsApp: 08027802715",fake_job
0,"Kuda: Your One Time Password (OTP) is 485364 for transfer of N8,000.00 to EMMANUEL. Valid for 5 minutes. DO NOT SHARE.",otp
1,"Federal Govt Empowerment Fund: You are eligible to receive N50,000 relief grant. Claim your grant here: http://fg-empowerment-ng.site",grant_fraud
0,"Access Bank: Your One Time Password (OTP) is 533672 for transfer of N2,000.00 to OLUMIDE. Valid for 5 minutes. DO NOT SHARE.",otp
1,"Get instant loan of N35,000 directly to your Access Bank account in 2 minutes! No document needed. Download: bit.ly/ng-loan-69",loan_scam
1,"Get instant loan of N14,000 directly to your UBA account in 2 minutes! No document needed. Download: bit.ly/ng-loan-13",loan_scam
0,"Airtel: Dear Customer, you have used 80% of your daily data bundle. Dial *323# to buy a top-up.",telco_info
1,"International Oil Company hiring Field Support Staff in Abuja. Earn N350,000 monthly. Send application details via WhatsApp: 08167366098",fake_job
0,MTN: You have successfully activated 1.5GB Data Plan. Valid for 30 days. Dial *312# to check your data balance.,telco_info
1,"CONGRATULATIONS! Your mobile number won N136,000 in the Glo Promo. Pay N4,000 processing fee to account 0123456789 to receive cash.",advance_fee
1,"International Oil Company hiring Field Support Staff in Yaba. Earn N350,000 monthly. Send application details via WhatsApp: 09035826312",fake_job
0,"MTN: Dear Customer, you have used 80% of your daily data bundle. Dial *323# to buy a top-up.",telco_info
0,MTN: You have successfully activated 1.5GB Data Plan. Valid for 30 days. Dial *312# to check your data balance.,telco_info
0,"UBA: Credit N44,000.00. Desc: NIP/TRANSFER FROM BLESSING. Bal: N216,000.00.",bank_alert
1,"Dear customer, your BVN has been flagged for fraud. Kindly text your 11-digit BVN and DOB to 08021073512 to clear your profile.",banking_phishing
0,"PalmPay: Credit N40,000.00. Desc: NIP/TRANSFER FROM OLUMIDE. Bal: N116,000.00.",bank_alert
1,"Credit Alert: N134,000.00 credited to your account from CHUKWUEMEKA. Ref: TRX64765985. Call 08029056574 if you did not expect this payment.",fake_alert
0,"Glo: Dear Customer, you have used 80% of your daily data bundle. Dial *323# to buy a top-up.",telco_info
1,"Central Bank Investment Scheme: N10,000 gives N30,000 in 24 hours. No loss. Call admin on 09012838664 now.",ponzi
1,"ALERT: A transaction of N16,000 was attempted on your FirstBank app. If not you, click http://zenith-secure-portal.com to block account.",banking_phishing
0,"GTBank: Credit N18,000.00. Desc: NIP/TRANSFER FROM BLESSING. Bal: N935,000.00.",bank_alert
0,I have arrived at Lekki. Will call you once the meeting is done.,personal
0,Glo: You have successfully activated 1.5GB Data Plan. Valid for 30 days. Dial *312# to check your data balance.,telco_info
0,Good morning ma. Please remember to buy bread and sachet water on your way back from work.,personal
1,"Dear customer, your BVN has been flagged for fraud. Kindly text your 11-digit BVN and DOB to 08134007716 to clear your profile.",banking_phishing
0,"PalmPay: Acct 012***9082 Debited: N9,000.00 Desc: POS PURCHASE - Ikeja. Bal: N30,000.00.",bank_alert
1,"Dear customer, your BVN has been flagged for fraud. Kindly text your 11-digit BVN and DOB to 08035129486 to clear your profile.",banking_phishing
1,"International Oil Company hiring Field Support Staff in Ikeja. Earn N350,000 monthly. Send application details via WhatsApp: 09030807539",fake_job
0,"Bro, abeg transfer N2,000 give me. I dey Abuja like this, money no dey my hand for transport.",personal
0,"OPay: Your One Time Password (OTP) is 170975 for transfer of N7,000.00 to KELECHI. Valid for 5 minutes. DO NOT SHARE.",otp
0,"Access Bank: Acct 012***8198 Debited: N5,000.00 Desc: POS PURCHASE - Lekki. Bal: N44,000.00.",bank_alert
0,"PalmPay: Your One Time Password (OTP) is 836342 for transfer of N5,000.00 to BLESSING. Valid for 5 minutes. DO NOT SHARE.",otp
0,"Bro, abeg transfer N1,000 give me. I dey Lekki like this, money no dey my hand for transport.",personal
1,"Dear customer, your BVN has been flagged for fraud. Kindly text your 11-digit BVN and DOB to 08036185069 to clear your profile.",banking_phishing
1,"Invest N5,000 and get N48,000 in 45 minutes! 100% paying platform guaranteed. Join Telegram: t.me/ng_crypto_doubler",ponzi
1,"CONGRATULATIONS! Your mobile number won N536,000 in the Airtel Promo. Pay N5,000 processing fee to account 0123456789 to receive cash.",advance_fee
1,"Central Bank Investment Scheme: N10,000 gives N30,000 in 24 hours. No loss. Call admin on 07037727972 now.",ponzi
1,"International Oil Company hiring Field Support Staff in Enugu. Earn N350,000 monthly. Send application details via WhatsApp: 09014164879",fake_job
0,Guy how far? You go dey online tonight for the match? Make we talk football.,personal
1,URGENT: Your GTBank account has been restricted due to unverified KYC records. Call 08137821056 immediately to update your details.,banking_phishing
1,"JOB OFFER: Urgently recruiting Admin Officers at Kano, Lagos. Salary: N180,000/month. Text YES to 08034505732 for interview invitation.",fake_job
0,"Bro, abeg transfer N7,000 give me. I dey Enugu like this, money no dey my hand for transport.",personal
1,"JOB OFFER: Urgently recruiting Admin Officers at Ibadan, Lagos. Salary: N180,000/month. Text YES to 08128514190 for interview invitation.",fake_job
0,"PalmPay: Credit N10,000.00. Desc: NIP/TRANSFER FROM OLUMIDE. Bal: N638,000.00.",bank_alert
0,MTN: You have successfully activated 1.5GB Data Plan. Valid for 30 days. Dial *312# to check your data balance.,telco_info
1,"CONGRATULATIONS! Your mobile number won N393,000 in the 9mobile Promo. Pay N1,000 processing fee to account 0123456789 to receive cash.",advance_fee
0,"GTBank: Acct 012***9376 Debited: N3,000.00 Desc: POS PURCHASE - Kano. Bal: N16,000.00.",bank_alert
0,"OPay: Your One Time Password (OTP) is 164561 for transfer of N6,000.00 to EMMANUEL. Valid for 5 minutes. DO NOT SHARE.",otp
0,I have arrived at Ikeja. Will call you once the meeting is done.,personal
0,Airtel: You have successfully activated 1.5GB Data Plan. Valid for 30 days. Dial *312# to check your data balance.,telco_info
0,"Access Bank: Credit N15,000.00. Desc: NIP/TRANSFER FROM IBRAHIM. Bal: N761,000.00.",bank_alert
1,DEBT WARNING: SUNDAY with phone 08137299520 is a chronic defaulter on PalmCredit. Pay your debt today to avoid publishing your BVN online.,loan_harassment
0,"PalmPay: Your One Time Password (OTP) is 834285 for transfer of N1,000.00 to BLESSING. Valid for 5 minutes. DO NOT SHARE.",otp
1,"International Oil Company hiring Field Support Staff in Port Harcourt. Earn N350,000 monthly. Send application details via WhatsApp: 09010337902",fake_job
0,"Glo: Dear Customer, you have used 80% of your daily data bundle. Dial *323# to buy a top-up.",telco_info
1,"Dear customer, your BVN has been flagged for fraud. Kindly text your 11-digit BVN and DOB to 08167867397 to clear your profile.",banking_phishing
0,"Fidelity: Credit N11,000.00. Desc: NIP/TRANSFER FROM ADAMU. Bal: N583,000.00.",bank_alert
1,"Dear customer, your BVN has been flagged for fraud. Kindly text your 11-digit BVN and DOB to 09031085370 to clear your profile.",banking_phishing
1,DEBT WARNING: IBRAHIM with phone 07039645495 is a chronic defaulter on LendNG. Pay your debt today to avoid publishing your BVN online.,loan_harassment
1,URGENT: Your Access Bank account has been restricted due to unverified NIN. Call 09031829803 immediately to update your details.,banking_phishing
0,Glo: You have successfully activated 1.5GB Data Plan. Valid for 30 days. Dial *312# to check your data balance.,telco_info
0,Good morning ma. Please remember to buy bread and sachet water on your way back from work.,personal
0,"Glo: Dear Customer, you have used 80% of your daily data bundle. Dial *323# to buy a top-up.",telco_info
1,"Dear customer, your BVN has been flagged for fraud. Kindly text your 11-digit BVN and DOB to 08124745171 to clear your profile.",banking_phishing
0,"OPay: Your One Time Password (OTP) is 170396 for transfer of N8,000.00 to SUNDAY. Valid for 5 minutes. DO NOT SHARE.",otp
0,"Fidelity: Acct 012***5622 Debited: N3,000.00 Desc: POS PURCHASE - Lekki. Bal: N13,000.00.",bank_alert
0,"Fidelity: Credit N12,000.00. Desc: NIP/TRANSFER FROM KELECHI. Bal: N153,000.00.",bank_alert
1,"Dear customer, your BVN has been flagged for fraud. Kindly text your 11-digit BVN and DOB to 07037677839 to clear your profile.",banking_phishing
1,"International Oil Company hiring Field Support Staff in Port Harcourt. Earn N350,000 monthly. Send application details via WhatsApp: 08022467400",fake_job
1,"CONGRATULATIONS! Your mobile number won N188,000 in the 9mobile Promo. Pay N6,000 processing fee to account 0123456789 to receive cash.",advance_fee
1,"Get instant loan of N15,000 directly to your OPay account in 2 minutes! No document needed. Download: bit.ly/ng-loan-26",loan_scam
1,DEBT WARNING: BLESSING with phone 08030796330 is a chronic defaulter on QuickLoan. Pay your debt today to avoid publishing your BVN online.,loan_harassment
0,"Bro, abeg transfer N6,000 give me. I dey Abuja like this, money no dey my hand for transport.",personal
0,Guy how far? You go dey online tonight for the match? Make we talk football.,personal
1,"International Oil Company hiring Field Support Staff in Surulere. Earn N350,000 monthly. Send application details via WhatsApp: 08139627365",fake_job
1,"CONGRATULATIONS! Your mobile number won N501,000 in the Airtel Promo. Pay N7,000 processing fee to account 0123456789 to receive cash.",advance_fee
1,"Get instant loan of N11,000 directly to your OPay account in 2 minutes! No document needed. Download: bit.ly/ng-loan-36",loan_scam
1,"ALERT: A transaction of N47,000 was attempted on your GTBank app. If not you, click http://firstbank-secure-portal.com to block account.",banking_phishing
1,"CONGRATULATIONS! Your mobile number won N744,000 in the 9mobile Promo. Pay N5,000 processing fee to account 0123456789 to receive cash.",advance_fee
1,"ALERT: A transaction of N10,000 was attempted on your Fidelity app. If not you, click http://zenith-secure-portal.com to block account.",banking_phishing
0,Airtel: You have successfully activated 1.5GB Data Plan. Valid for 30 days. Dial *312# to check your data balance.,telco_info
1,"ALERT: A transaction of N37,000 was attempted on your FirstBank app. If not you, click http://zenith-secure-portal.com to block account.",banking_phishing
0,Good morning ma. Please remember to buy bread and sachet water on your way back from work.,personal
0,"GTBank: Acct 012***9533 Debited: N8,000.00 Desc: POS PURCHASE - Yaba. Bal: N27,000.00.",bank_alert
0,I have arrived at Enugu. Will call you once the meeting is done.,personal
1,"ALERT: A transaction of N35,000 was attempted on your Kuda app. If not you, click http://gtb-secure-portal.com to block account.",banking_phishing
0,"9mobile: Dear Customer, you have used 80% of your daily data bundle. Dial *323# to buy a top-up.",telco_info
0,"GTBank: Your One Time Password (OTP) is 671844 for transfer of N1,000.00 to KELECHI. Valid for 5 minutes. DO NOT SHARE.",otp
1,"Dear customer, your BVN has been flagged for fraud. Kindly text your 11-digit BVN and DOB to 08026266032 to clear your profile.",banking_phishing
0,Good morning ma. Please remember to buy bread and sachet water on your way back from work.,personal
1,"ALERT: A transaction of N32,000 was attempted on your PalmPay app. If not you, click http://access-secure-portal.com to block account.",banking_phishing
1,"Get instant loan of N41,000 directly to your UBA account in 2 minutes! No document needed. Download: bit.ly/ng-loan-80",loan_scam
1,"Dear customer, your BVN has been flagged for fraud. Kindly text your 11-digit BVN and DOB to 08162209434 to clear your profile.",banking_phishing
1,DEBT WARNING: CHIOMA with phone 09011984656 is a chronic defaulter on QuickLoan. Pay your debt today to avoid publishing your BVN online.,loan_harassment
1,"Federal Govt Empowerment Fund: You are eligible to receive N50,000 relief grant. Claim your grant here: http://fg-empowerment-ng.site",grant_fraud
1,"International Oil Company hiring Field Support Staff in Yaba. Earn N350,000 monthly. Send application details via WhatsApp: 08165974887",fake_job
1,URGENT: Your Access Bank account has been restricted due to unverified NIN. Call 08167175663 immediately to update your details.,banking_phishing
1,"Dear customer, your BVN has been flagged for fraud. Kindly text your 11-digit BVN and DOB to 08021928567 to clear your profile.",banking_phishing
1,"Dear customer, your BVN has been flagged for fraud. Kindly text your 11-digit BVN and DOB to 08030713659 to clear your profile.",banking_phishing
0,I have arrived at Surulere. Will call you once the meeting is done.,personal
0,"MTN: Dear Customer, you have used 80% of your daily data bundle. Dial *323# to buy a top-up.",telco_info
0,"9mobile: Dear Customer, you have used 80% of your daily data bundle. Dial *323# to buy a top-up.",telco_info
1,"Get instant loan of N48,000 directly to your Fidelity account in 2 minutes! No document needed. Download: bit.ly/ng-loan-56",loan_scam
1,"International Oil Company hiring Field Support Staff in Yaba. Earn N350,000 monthly. Send application details via WhatsApp: 08134727274",fake_job
1,"Invest N2,000 and get N49,000 in 45 minutes! 100% paying platform guaranteed. Join Telegram: t.me/ng_crypto_doubler",ponzi
0,Guy how far? You go dey online tonight for the match? Make we talk football.,personal
1,"Get instant loan of N22,000 directly to your OPay account in 2 minutes! No document needed. Download: bit.ly/ng-loan-56",loan_scam
1,"JOB OFFER: Urgently recruiting Admin Officers at Ibadan, Lagos. Salary: N180,000/month. Text YES to 08162720450 for interview invitation.",fake_job
0,"PalmPay: Credit N21,000.00. Desc: NIP/TRANSFER FROM SUNDAY. Bal: N276,000.00.",bank_alert
1,"Invest N4,000 and get N39,000 in 45 minutes! 100% paying platform guaranteed. Join Telegram: t.me/ng_crypto_doubler",ponzi
1,"Central Bank Investment Scheme: N10,000 gives N30,000 in 24 hours. No loss. Call admin on 09030792746 now.",ponzi
1,"CONGRATULATIONS! Your mobile number won N942,000 in the MTN Promo. Pay N5,000 processing fee to account 0123456789 to receive cash.",advance_fee
0,"Fidelity: Credit N13,000.00. Desc: NIP/TRANSFER FROM SUNDAY. Bal: N475,000.00.",bank_alert
1,DEBT WARNING: KELECHI with phone 09035608469 is a chronic defaulter on LendNG. Pay your debt today to avoid publishing your BVN online.,loan_harassment
0,Good morning ma. Please remember to buy bread and sachet water on your way back from work.,personal
1,"CONGRATULATIONS! Your mobile number won N659,000 in the Glo Promo. Pay N7,000 processing fee to account 0123456789 to receive cash.",advance_fee
0,"OPay: Credit N34,000.00. Desc: NIP/TRANSFER FROM ADAMU. Bal: N306,000.00.",bank_alert
0,"Kuda: Acct 012***6312 Debited: N1,000.00 Desc: POS PURCHASE - Ikeja. Bal: N47,000.00.",bank_alert
1,"Dear customer, your BVN has been flagged for fraud. Kindly text your 11-digit BVN and DOB to 08025307079 to clear your profile.",banking_phishing
0,Guy how far? You go dey online tonight for the match? Make we talk football.,personal
0,"MTN: Dear Customer, you have used 80% of your daily data bundle. Dial *323# to buy a top-up.",telco_info
0,"Bro, abeg transfer N8,000 give me. I dey Abuja like this, money no dey my hand for transport.",personal
1,DEBT WARNING: CHUKWUEMEKA with phone 09017394059 is a chronic defaulter on LendNG. Pay your debt today to avoid publishing your BVN online.,loan_harassment
0,Guy how far? You go dey online tonight for the match? Make we talk football.,personal
1,"CONGRATULATIONS! Your mobile number won N656,000 in the MTN Promo. Pay N6,000 processing fee to account 0123456789 to receive cash.",advance_fee
0,Guy how far? You go dey online tonight for the match? Make we talk football.,personal
1,"ALERT: A transaction of N19,000 was attempted on your Kuda app. If not you, click http://zenith-secure-portal.com to block account.",banking_phishing
0,Guy how far? You go dey online tonight for the match? Make we talk football.,personal
1,"Get instant loan of N10,000 directly to your Zenith Bank account in 2 minutes! No document needed. Download: bit.ly/ng-loan-68",loan_scam
0,Guy how far? You go dey online tonight for the match? Make we talk football.,personal
1,"Get instant loan of N21,000 directly to your GTBank account in 2 minutes! No document needed. Download: bit.ly/ng-loan-32",loan_scam
0,"Kuda: Your One Time Password (OTP) is 683597 for transfer of N8,000.00 to IBRAHIM. Valid for 5 minutes. DO NOT SHARE.",otp
0,I have arrived at Ikeja. Will call you once the meeting is done.,personal
1,"JOB OFFER: Urgently recruiting Admin Officers at Kano, Lagos. Salary: N180,000/month. Text YES to 08031313487 for interview invitation.",fake_job
0,"Airtel: Dear Customer, you have used 80% of your daily data bundle. Dial *323# to buy a top-up.",telco_info
1,DEBT WARNING: CHUKWUEMEKA with phone 08130816957 is a chronic defaulter on PalmCredit. Pay your debt today to avoid publishing your BVN online.,loan_harassment
1,"JOB OFFER: Urgently recruiting Admin Officers at Ikeja, Lagos. Salary: N180,000/month. Text YES to 09013210597 for interview invitation.",fake_job
0,"Bro, abeg transfer N1,000 give me. I dey Ibadan like this, money no dey my hand for transport.",personal
0,"PalmPay: Credit N31,000.00. Desc: NIP/TRANSFER FROM CHUKWUEMEKA. Bal: N151,000.00.",bank_alert
0,"Fidelity: Your One Time Password (OTP) is 516762 for transfer of N7,000.00 to ADAMU. Valid for 5 minutes. DO NOT SHARE.",otp
0,I have arrived at Ikeja. Will call you once the meeting is done.,personal
0,I have arrived at Surulere. Will call you once the meeting is done.,personal
0,Guy how far? You go dey online tonight for the match? Make we talk football.,personal
1,"CONGRATULATIONS! Your mobile number won N386,000 in the 9mobile Promo. Pay N2,000 processing fee to account 0123456789 to receive cash.",advance_fee
0,"Zenith Bank: Credit N34,000.00. Desc: NIP/TRANSFER FROM KELECHI. Bal: N550,000.00.",bank_alert
0,"OPay: Your One Time Password (OTP) is 981628 for transfer of N6,000.00 to ADAMU. Valid for 5 minutes. DO NOT SHARE.",otp
1,"Credit Alert: N181,000.00 credited to your account from ADAMU. Ref: TRX34820595. Call 08137379274 if you did not expect this payment.",fake_alert
1,"ALERT: A transaction of N26,000 was attempted on your Access Bank app. If not you, click http://access-secure-portal.com to block account.",banking_phishing
1,"Get instant loan of N23,000 directly to your PalmPay account in 2 minutes! No document needed. Download: bit.ly/ng-loan-81",loan_scam
1,"CONGRATULATIONS! Your mobile number won N133,000 in the Glo Promo. Pay N9,000 processing fee to account 0123456789 to receive cash.",advance_fee
1,"Dear customer, your BVN has been flagged for fraud. Kindly text your 11-digit BVN and DOB to 08025088500 to clear your profile.",banking_phishing
0,Airtel: You have successfully activated 1.5GB Data Plan. Valid for 30 days. Dial *312# to check your data balance.,telco_info
1,"International Oil Company hiring Field Support Staff in Ibadan. Earn N350,000 monthly. Send application details via WhatsApp: 08035291876",fake_job
1,URGENT: Your Access Bank account has been restricted due to unverified BVN. Call 08124055306 immediately to update your details.,banking_phishing
1,"Credit Alert: N589,000.00 credited to your account from IBRAHIM. Ref: TRX61889673. Call 08023450948 if you did not expect this payment.",fake_alert
0,"UBA: Acct 012***1577 Debited: N7,000.00 Desc: POS PURCHASE - Abuja. Bal: N35,000.00.",bank_alert
1,"Federal Govt Empowerment Fund: You are eligible to receive N50,000 relief grant. Claim your grant here: http://fg-empowerment-ng.site",grant_fraud
0,Guy how far? You go dey online tonight for the match? Make we talk football.,personal
0,"Bro, abeg transfer N8,000 give me. I dey Abuja like this, money no dey my hand for transport.",personal
0,"Airtel: Dear Customer, you have used 80% of your daily data bundle. Dial *323# to buy a top-up.",telco_info
1,"ALERT: A transaction of N24,000 was attempted on your OPay app. If not you, click http://gtb-secure-portal.com to block account.",banking_phishing
0,"FirstBank: Acct 012***9667 Debited: N2,000.00 Desc: POS PURCHASE - Ibadan. Bal: N35,000.00.",bank_alert
0,"Access Bank: Acct 012***4992 Debited: N1,000.00 Desc: POS PURCHASE - Ikeja. Bal: N18,000.00.",bank_alert
0,"PalmPay: Your One Time Password (OTP) is 142268 for transfer of N9,000.00 to BLESSING. Valid for 5 minutes. DO NOT SHARE.",otp
1,"Get instant loan of N47,000 directly to your OPay account in 2 minutes! No document needed. Download: bit.ly/ng-loan-35",loan_scam
0,"Fidelity: Your One Time Password (OTP) is 413710 for transfer of N9,000.00 to ADAMU. Valid for 5 minutes. DO NOT SHARE.",otp
0,"Bro, abeg transfer N4,000 give me. I dey Ikeja like this, money no dey my hand for transport.",personal
0,I have arrived at Kano. Will call you once the meeting is done.,personal
1,DEBT WARNING: OLUMIDE with phone 08132359063 is a chronic defaulter on PalmCredit. Pay your debt today to avoid publishing your BVN online.,loan_harassment
1,"Central Bank Investment Scheme: N10,000 gives N30,000 in 24 hours. No loss. Call admin on 09039446431 now.",ponzi
1,URGENT: Your FirstBank account has been restricted due to unverified NIN. Call 08160393954 immediately to update your details.,banking_phishing
0,9mobile: You have successfully activated 1.5GB Data Plan. Valid for 30 days. Dial *312# to check your data balance.,telco_info
0,Glo: You have successfully activated 1.5GB Data Plan. Valid for 30 days. Dial *312# to check your data balance.,telco_info
1,"Invest N7,000 and get N17,000 in 45 minutes! 100% paying platform guaranteed. Join Telegram: t.me/ng_crypto_doubler",ponzi
0,"UBA: Your One Time Password (OTP) is 904330 for transfer of N4,000.00 to ADAMU. Valid for 5 minutes. DO NOT SHARE.",otp
0,"OPay: Acct 012***9524 Debited: N3,000.00 Desc: POS PURCHASE - Kano. Bal: N33,000.00.",bank_alert
0,Good morning ma. Please remember to buy bread and sachet water on your way back from work.,personal
0,"Bro, abeg transfer N1,000 give me. I dey Port Harcourt like this, money no dey my hand for transport.",personal
1,"Federal Govt Empowerment Fund: You are eligible to receive N50,000 relief grant. Claim your grant here: http://fg-empowerment-ng.site",grant_fraud
1,"CONGRATULATIONS! Your mobile number won N784,000 in the 9mobile Promo. Pay N4,000 processing fee to account 0123456789 to receive cash.",advance_fee
1,"Dear customer, your BVN has been flagged for fraud. Kindly text your 11-digit BVN and DOB to 07034865743 to clear your profile.",banking_phishing
0,I have arrived at Lekki. Will call you once the meeting is done.,personal
1,"International Oil Company hiring Field Support Staff in Ibadan. Earn N350,000 monthly. Send application details via WhatsApp: 08032327639",fake_job
1,"Invest N6,000 and get N12,000 in 45 minutes! 100% paying platform guaranteed. Join Telegram: t.me/ng_crypto_doubler",ponzi
0,"Kuda: Acct 012***7305 Debited: N4,000.00 Desc: POS PURCHASE - Enugu. Bal: N19,000.00.",bank_alert
0,"OPay: Your One Time Password (OTP) is 980697 for transfer of N4,000.00 to BLESSING. Valid for 5 minutes. DO NOT SHARE.",otp
0,"Bro, abeg transfer N5,000 give me. I dey Enugu like this, money no dey my hand for transport.",personal
0,I have arrived at Enugu. Will call you once the meeting is done.,personal
1,URGENT: Your Access Bank account has been restricted due to unverified NIN. Call 08027452735 immediately to update your details.,banking_phishing
0,I have arrived at Abuja. Will call you once the meeting is done.,personal
0,"Bro, abeg transfer N1,000 give me. I dey Ikeja like this, money no dey my hand for transport.",personal
1,"Federal Govt Empowerment Fund: You are eligible to receive N50,000 relief grant. Claim your grant here: http://fg-empowerment-ng.site",grant_fraud
0,"Bro, abeg transfer N4,000 give me. I dey Ibadan like this, money no dey my hand for transport.",personal
1,"Dear customer, your BVN has been flagged for fraud. Kindly text your 11-digit BVN and DOB to 08031134843 to clear your profile.",banking_phishing
1,"CONGRATULATIONS! Your mobile number won N283,000 in the MTN Promo. Pay N5,000 processing fee to account 0123456789 to receive cash.",advance_fee
1,"Central Bank Investment Scheme: N10,000 gives N30,000 in 24 hours. No loss. Call admin on 08025128513 now.",ponzi
1,"International Oil Company hiring Field Support Staff in Port Harcourt. Earn N350,000 monthly. Send application details via WhatsApp: 09016659398",fake_job
1,"Invest N9,000 and get N13,000 in 45 minutes! 100% paying platform guaranteed. Join Telegram: t.me/ng_crypto_doubler",ponzi
0,Good morning ma. Please remember to buy bread and sachet water on your way back from work.,personal
0,Guy how far? You go dey online tonight for the match? Make we talk football.,personal
1,"Get instant loan of N36,000 directly to your GTBank account in 2 minutes! No document needed. Download: bit.ly/ng-loan-14",loan_scam
0,I have arrived at Ibadan. Will call you once the meeting is done.,personal
0,"Bro, abeg transfer N4,000 give me. I dey Port Harcourt like this, money no dey my hand for transport.",personal
1,"Invest N6,000 and get N45,000 in 45 minutes! 100% paying platform guaranteed. Join Telegram: t.me/ng_crypto_doubler",ponzi
0,I have arrived at Ikeja. Will call you once the meeting is done.,personal
0,Good morning ma. Please remember to buy bread and sachet water on your way back from work.,personal
1,"JOB OFFER: Urgently recruiting Admin Officers at Yaba, Lagos. Salary: N180,000/month. Text YES to 08031168809 for interview invitation.",fake_job
1,"International Oil Company hiring Field Support Staff in Surulere. Earn N350,000 monthly. Send application details via WhatsApp: 08134631078",fake_job
0,I have arrived at Yaba. Will call you once the meeting is done.,personal
1,URGENT: Your Access Bank account has been restricted due to unverified BVN. Call 08131417336 immediately to update your details.,banking_phishing
0,Guy how far? You go dey online tonight for the match? Make we talk football.,personal
1,"JOB OFFER: Urgently recruiting Admin Officers at Ikeja, Lagos. Salary: N180,000/month. Text YES to 08164005643 for interview invitation.",fake_job
0,Good morning ma. Please remember to buy bread and sachet water on your way back from work.,personal
0,"Zenith Bank: Acct 012***8746 Debited: N7,000.00 Desc: POS PURCHASE - Port Harcourt. Bal: N12,000.00.",bank_alert
0,"Bro, abeg transfer N7,000 give me. I dey Lekki like this, money no dey my hand for transport.",personal
0,Airtel: You have successfully activated 1.5GB Data Plan. Valid for 30 days. Dial *312# to check your data balance.,telco_info
0,Glo: You have successfully activated 1.5GB Data Plan. Valid for 30 days. Dial *312# to check your data balance.,telco_info
1,"Credit Alert: N664,000.00 credited to your account from OLUMIDE. Ref: TRX94849658. Call 08030182087 if you did not expect this payment.",fake_alert
0,Good morning ma. Please remember to buy bread and sachet water on your way back from work.,personal
0,"Bro, abeg transfer N6,000 give me. I dey Ikeja like this, money no dey my hand for transport.",personal
0,Good morning ma. Please remember to buy bread and sachet water on your way back from work.,personal
1,"Credit Alert: N924,000.00 credited to your account from ADAMU. Ref: TRX11491050. Call 09034239402 if you did not expect this payment.",fake_alert
0,Airtel: You have successfully activated 1.5GB Data Plan. Valid for 30 days. Dial *312# to check your data balance.,telco_info
0,"GTBank: Your One Time Password (OTP) is 480525 for transfer of N4,000.00 to SUNDAY. Valid for 5 minutes. DO NOT SHARE.",otp
1,"Central Bank Investment Scheme: N10,000 gives N30,000 in 24 hours. No loss. Call admin on 07039525400 now.",ponzi
1,"International Oil Company hiring Field Support Staff in Port Harcourt. Earn N350,000 monthly. Send application details via WhatsApp: 09010537953",fake_job
1,DEBT WARNING: KELECHI with phone 09037200734 is a chronic defaulter on PalmCredit. Pay your debt today to avoid publishing your BVN online.,loan_harassment
0,Guy how far? You go dey online tonight for the match? Make we talk football.,personal
1,URGENT: Your Access Bank account has been restricted due to unverified NIN. Call 08131464202 immediately to update your details.,banking_phishing
0,Guy how far? You go dey online tonight for the match? Make we talk football.,personal
1,"Central Bank Investment Scheme: N10,000 gives N30,000 in 24 hours. No loss. Call admin on 08035498578 now.",ponzi
0,Good morning ma. Please remember to buy bread and sachet water on your way back from work.,personal
1,"Central Bank Investment Scheme: N10,000 gives N30,000 in 24 hours. No loss. Call admin on 09035030666 now.",ponzi
1,"Federal Govt Empowerment Fund: You are eligible to receive N50,000 relief grant. Claim your grant here: http://fg-empowerment-ng.site",grant_fraud
1,"Central Bank Investment Scheme: N10,000 gives N30,000 in 24 hours. No loss. Call admin on 09031630702 now.",ponzi
1,"International Oil Company hiring Field Support Staff in Yaba. Earn N350,000 monthly. Send application details via WhatsApp: 08129214762",fake_job
1,"CONGRATULATIONS! Your mobile number won N388,000 in the Airtel Promo. Pay N3,000 processing fee to account 0123456789 to receive cash.",advance_fee
0,I have arrived at Enugu. Will call you once the meeting is done.,personal
1,"Dear customer, your BVN has been flagged for fraud. Kindly text your 11-digit BVN and DOB to 08030728895 to clear your profile.",banking_phishing
0,Good morning ma. Please remember to buy bread and sachet water on your way back from work.,personal
1,"International Oil Company hiring Field Support Staff in Kano. Earn N350,000 monthly. Send application details via WhatsApp: 08136953102",fake_job
1,"Federal Govt Empowerment Fund: You are eligible to receive N50,000 relief grant. Claim your grant here: http://fg-empowerment-ng.site",grant_fraud
1,"CONGRATULATIONS! Your mobile number won N518,000 in the MTN Promo. Pay N2,000 processing fee to account 0123456789 to receive cash.",advance_fee
0,"Bro, abeg transfer N1,000 give me. I dey Kano like this, money no dey my hand for transport.",personal
1,"Dear customer, your BVN has been flagged for fraud. Kindly text your 11-digit BVN and DOB to 08035451736 to clear your profile.",banking_phishing
0,Guy how far? You go dey online tonight for the match? Make we talk football.,personal
1,"CONGRATULATIONS! Your mobile number won N397,000 in the Airtel Promo. Pay N9,000 processing fee to account 0123456789 to receive cash.",advance_fee
1,"CONGRATULATIONS! Your mobile number won N589,000 in the Glo Promo. Pay N7,000 processing fee to account 0123456789 to receive cash.",advance_fee
0,Good morning ma. Please remember to buy bread and sachet water on your way back from work.,personal
1,"ALERT: A transaction of N24,000 was attempted on your Kuda app. If not you, click http://access-secure-portal.com to block account.",banking_phishing
1,"International Oil Company hiring Field Support Staff in Surulere. Earn N350,000 monthly. Send application details via WhatsApp: 08027232882",fake_job
1,"CONGRATULATIONS! Your mobile number won N758,000 in the 9mobile Promo. Pay N9,000 processing fee to account 0123456789 to receive cash.",advance_fee
0,"GTBank: Your One Time Password (OTP) is 980591 for transfer of N2,000.00 to KELECHI. Valid for 5 minutes. DO NOT SHARE.",otp
1,"Dear customer, your BVN has been flagged for fraud. Kindly text your 11-digit BVN and DOB to 08136001452 to clear your profile.",banking_phishing
0,Guy how far? You go dey online tonight for the match? Make we talk football.,personal
1,"International Oil Company hiring Field Support Staff in Abuja. Earn N350,000 monthly. Send application details via WhatsApp: 09031728470",fake_job
1,"Get instant loan of N38,000 directly to your OPay account in 2 minutes! No document needed. Download: bit.ly/ng-loan-31",loan_scam
1,"JOB OFFER: Urgently recruiting Admin Officers at Enugu, Lagos. Salary: N180,000/month. Text YES to 08128277288 for interview invitation.",fake_job
0,"Bro, abeg transfer N4,000 give me. I dey Abuja like this, money no dey my hand for transport.",personal
1,"International Oil Company hiring Field Support Staff in Yaba. Earn N350,000 monthly. Send application details via WhatsApp: 09017965640",fake_job
0,"Kuda: Your One Time Password (OTP) is 501620 for transfer of N1,000.00 to CHIOMA. Valid for 5 minutes. DO NOT SHARE.",otp
1,DEBT WARNING: OLUMIDE with phone 08136863644 is a chronic defaulter on QuickLoan. Pay your debt today to avoid publishing your BVN online.,loan_harassment
0,I have arrived at Ikeja. Will call you once the meeting is done.,personal
0,Guy how far? You go dey online tonight for the match? Make we talk football.,personal
0,Good morning ma. Please remember to buy bread and sachet water on your way back from work.,personal
0,I have arrived at Abuja. Will call you once the meeting is done.,personal
0,"FirstBank: Your One Time Password (OTP) is 701543 for transfer of N4,000.00 to KELECHI. Valid for 5 minutes. DO NOT SHARE.",otp
1,"Get instant loan of N50,000 directly to your Access Bank account in 2 minutes! No document needed. Download: bit.ly/ng-loan-31",loan_scam
1,"Central Bank Investment Scheme: N10,000 gives N30,000 in 24 hours. No loss. Call admin on 08026339236 now.",ponzi
1,"Dear customer, your BVN has been flagged for fraud. Kindly text your 11-digit BVN and DOB to 08122509201 to clear your profile.",banking_phishing
0,"Bro, abeg transfer N9,000 give me. I dey Ikeja like this, money no dey my hand for transport.",personal
1,URGENT: Your UBA account has been restricted due to unverified KYC records. Call 07032333059 immediately to update your details.,banking_phishing
0,"Bro, abeg transfer N3,000 give me. I dey Port Harcourt like this, money no dey my hand for transport.",personal
0,"Kuda: Acct 012***2998 Debited: N7,000.00 Desc: POS PURCHASE - Ikeja. Bal: N38,000.00.",bank_alert
1,"ALERT: A transaction of N18,000 was attempted on your GTBank app. If not you, click http://zenith-secure-portal.com to block account.",banking_phishing
0,"GTBank: Your One Time Password (OTP) is 774498 for transfer of N7,000.00 to EMMANUEL. Valid for 5 minutes. DO NOT SHARE.",otp
1,"ALERT: A transaction of N19,000 was attempted on your Kuda app. If not you, click http://firstbank-secure-portal.com to block account.",banking_phishing
0,"Kuda: Your One Time Password (OTP) is 915361 for transfer of N8,000.00 to CHUKWUEMEKA. Valid for 5 minutes. DO NOT SHARE.",otp
1,"Central Bank Investment Scheme: N10,000 gives N30,000 in 24 hours. No loss. Call admin on 08025605427 now.",ponzi
1,"ALERT: A transaction of N14,000 was attempted on your Access Bank app. If not you, click http://firstbank-secure-portal.com to block account.",banking_phishing
0,"Zenith Bank: Your One Time Password (OTP) is 445850 for transfer of N6,000.00 to OLUMIDE. Valid for 5 minutes. DO NOT SHARE.",otp
0,Guy how far? You go dey online tonight for the match? Make we talk football.,personal
0,Guy how far? You go dey online tonight for the match? Make we talk football.,personal
1,"Dear customer, your BVN has been flagged for fraud. Kindly text your 11-digit BVN and DOB to 09016603616 to clear your profile.",banking_phishing
0,"Zenith Bank: Credit N22,000.00. Desc: NIP/TRANSFER FROM CHIOMA. Bal: N480,000.00.",bank_alert
0,"Zenith Bank: Your One Time Password (OTP) is 253833 for transfer of N9,000.00 to KELECHI. Valid for 5 minutes. DO NOT SHARE.",otp
1,"ALERT: A transaction of N18,000 was attempted on your Zenith Bank app. If not you, click http://zenith-secure-portal.com to block account.",banking_phishing
0,I have arrived at Surulere. Will call you once the meeting is done.,personal
1,"CONGRATULATIONS! Your mobile number won N647,000 in the Airtel Promo. Pay N2,000 processing fee to account 0123456789 to receive cash.",advance_fee
0,"Zenith Bank: Your One Time Password (OTP) is 629837 for transfer of N8,000.00 to BLESSING. Valid for 5 minutes. DO NOT SHARE.",otp
0,"FirstBank: Acct 012***6292 Debited: N7,000.00 Desc: POS PURCHASE - Surulere. Bal: N40,000.00.",bank_alert
0,"9mobile: Dear Customer, you have used 80% of your daily data bundle. Dial *323# to buy a top-up.",telco_info
1,"JOB OFFER: Urgently recruiting Admin Officers at Ibadan, Lagos. Salary: N180,000/month. Text YES to 08166924658 for interview invitation.",fake_job
1,"JOB OFFER: Urgently recruiting Admin Officers at Surulere, Lagos. Salary: N180,000/month. Text YES to 07038953829 for interview invitation.",fake_job
0,Glo: You have successfully activated 1.5GB Data Plan. Valid for 30 days. Dial *312# to check your data balance.,telco_info
0,"Zenith Bank: Acct 012***9635 Debited: N6,000.00 Desc: POS PURCHASE - Kano. Bal: N15,000.00.",bank_alert
1,"CONGRATULATIONS! Your mobile number won N411,000 in the MTN Promo. Pay N2,000 processing fee to account 0123456789 to receive cash.",advance_fee
0,"Zenith Bank: Credit N37,000.00. Desc: NIP/TRANSFER FROM KELECHI. Bal: N564,000.00.",bank_alert
1,"JOB OFFER: Urgently recruiting Admin Officers at Lekki, Lagos. Salary: N180,000/month. Text YES to 08121338516 for interview invitation.",fake_job
0,Airtel: You have successfully activated 1.5GB Data Plan. Valid for 30 days. Dial *312# to check your data balance.,telco_info
1,URGENT: Your Zenith Bank account has been restricted due to unverified KYC records. Call 08020563586 immediately to update your details.,banking_phishing
1,"JOB OFFER: Urgently recruiting Admin Officers at Surulere, Lagos. Salary: N180,000/month. Text YES to 07039331088 for interview invitation.",fake_job
0,9mobile: You have successfully activated 1.5GB Data Plan. Valid for 30 days. Dial *312# to check your data balance.,telco_info
0,Good morning ma. Please remember to buy bread and sachet water on your way back from work.,personal
0,Guy how far? You go dey online tonight for the match? Make we talk football.,personal
1,"Central Bank Investment Scheme: N10,000 gives N30,000 in 24 hours. No loss. Call admin on 09016650518 now.",ponzi
1,"JOB OFFER: Urgently recruiting Admin Officers at Yaba, Lagos. Salary: N180,000/month. Text YES to 08121334237 for interview invitation.",fake_job
0,Good morning ma. Please remember to buy bread and sachet water on your way back from work.,personal
0,Glo: You have successfully activated 1.5GB Data Plan. Valid for 30 days. Dial *312# to check your data balance.,telco_info
0,Good morning ma. Please remember to buy bread and sachet water on your way back from work.,personal
0,"Airtel: Dear Customer, you have used 80% of your daily data bundle. Dial *323# to buy a top-up.",telco_info
1,"Credit Alert: N474,000.00 credited to your account from CHIOMA. Ref: TRX24782498. Call 09031299262 if you did not expect this payment.",fake_alert
1,URGENT: Your FirstBank account has been restricted due to unverified NIN. Call 09036330923 immediately to update your details.,banking_phishing
0,"Airtel: Dear Customer, you have used 80% of your daily data bundle. Dial *323# to buy a top-up.",telco_info
0,Good morning ma. Please remember to buy bread and sachet water on your way back from work.,personal
0,"Bro, abeg transfer N2,000 give me. I dey Kano like this, money no dey my hand for transport.",personal
0,"Kuda: Acct 012***9735 Debited: N6,000.00 Desc: POS PURCHASE - Port Harcourt. Bal: N24,000.00.",bank_alert
0,"Fidelity: Acct 012***4391 Debited: N2,000.00 Desc: POS PURCHASE - Port Harcourt. Bal: N25,000.00.",bank_alert
1,"Invest N5,000 and get N47,000 in 45 minutes! 100% paying platform guaranteed. Join Telegram: t.me/ng_crypto_doubler",ponzi
1,URGENT: Your FirstBank account has been restricted due to unverified BVN. Call 08028182715 immediately to update your details.,banking_phishing
0,"PalmPay: Credit N40,000.00. Desc: NIP/TRANSFER FROM EMMANUEL. Bal: N496,000.00.",bank_alert
1,"Dear customer, your BVN has been flagged for fraud. Kindly text your 11-digit BVN and DOB to 09011341700 to clear your profile.",banking_phishing
0,"Bro, abeg transfer N1,000 give me. I dey Ikeja like this, money no dey my hand for transport.",personal
0,I have arrived at Kano. Will call you once the meeting is done.,personal
0,Guy how far? You go dey online tonight for the match? Make we talk football.,personal
0,"Zenith Bank: Your One Time Password (OTP) is 695461 for transfer of N8,000.00 to SUNDAY. Valid for 5 minutes. DO NOT SHARE.",otp
0,"Glo: Dear Customer, you have used 80% of your daily data bundle. Dial *323# to buy a top-up.",telco_info
0,"OPay: Acct 012***2091 Debited: N2,000.00 Desc: POS PURCHASE - Kano. Bal: N41,000.00.",bank_alert
1,URGENT: Your Kuda account has been restricted due to unverified NIN. Call 08029170669 immediately to update your details.,banking_phishing
0,Glo: You have successfully activated 1.5GB Data Plan. Valid for 30 days. Dial *312# to check your data balance.,telco_info
1,"CONGRATULATIONS! Your mobile number won N154,000 in the Airtel Promo. Pay N1,000 processing fee to account 0123456789 to receive cash.",advance_fee
0,"OPay: Acct 012***9364 Debited: N3,000.00 Desc: POS PURCHASE - Ikeja. Bal: N12,000.00.",bank_alert
1,"Central Bank Investment Scheme: N10,000 gives N30,000 in 24 hours. No loss. Call admin on 08031461870 now.",ponzi
1,DEBT WARNING: CHUKWUEMEKA with phone 08030003810 is a chronic defaulter on LendNG. Pay your debt today to avoid publishing your BVN online.,loan_harassment
1,"Invest N9,000 and get N31,000 in 45 minutes! 100% paying platform guaranteed. Join Telegram: t.me/ng_crypto_doubler",ponzi
0,Good morning ma. Please remember to buy bread and sachet water on your way back from work.,personal
1,"ALERT: A transaction of N44,000 was attempted on your Zenith Bank app. If not you, click http://access-secure-portal.com to block account.",banking_phishing
1,"Federal Govt Empowerment Fund: You are eligible to receive N50,000 relief grant. Claim your grant here: http://fg-empowerment-ng.site",grant_fraud
0,"Glo: Dear Customer, you have used 80% of your daily data bundle. Dial *323# to buy a top-up.",telco_info
0,"FirstBank: Your One Time Password (OTP) is 796734 for transfer of N6,000.00 to CHUKWUEMEKA. Valid for 5 minutes. DO NOT SHARE.",otp
0,"Bro, abeg transfer N5,000 give me. I dey Kano like this, money no dey my hand for transport.",personal
0,"Kuda: Your One Time Password (OTP) is 417538 for transfer of N6,000.00 to IBRAHIM. Valid for 5 minutes. DO NOT SHARE.",otp
0,MTN: You have successfully activated 1.5GB Data Plan. Valid for 30 days. Dial *312# to check your data balance.,telco_info
0,"Bro, abeg transfer N2,000 give me. I dey Enugu like this, money no dey my hand for transport.",personal
1,"Invest N4,000 and get N44,000 in 45 minutes! 100% paying platform guaranteed. Join Telegram: t.me/ng_crypto_doubler",ponzi
1,"ALERT: A transaction of N38,000 was attempted on your Access Bank app. If not you, click http://firstbank-secure-portal.com to block account.",banking_phishing
0,"MTN: Dear Customer, you have used 80% of your daily data bundle. Dial *323# to buy a top-up.",telco_info
1,"ALERT: A transaction of N33,000 was attempted on your PalmPay app. If not you, click http://gtb-secure-portal.com to block account.",banking_phishing
0,I have arrived at Kano. Will call you once the meeting is done.,personal
1,"Get instant loan of N21,000 directly to your Access Bank account in 2 minutes! No document needed. Download: bit.ly/ng-loan-16",loan_scam
1,"Central Bank Investment Scheme: N10,000 gives N30,000 in 24 hours. No loss. Call admin on 08124011628 now.",ponzi
0,"Kuda: Your One Time Password (OTP) is 307108 for transfer of N8,000.00 to BLESSING. Valid for 5 minutes. DO NOT SHARE.",otp
0,"Zenith Bank: Acct 012***1710 Debited: N2,000.00 Desc: POS PURCHASE - Abuja. Bal: N12,000.00.",bank_alert
0,I have arrived at Abuja. Will call you once the meeting is done.,personal
1,"Central Bank Investment Scheme: N10,000 gives N30,000 in 24 hours. No loss. Call admin on 09037041510 now.",ponzi
1,"Central Bank Investment Scheme: N10,000 gives N30,000 in 24 hours. No loss. Call admin on 09012436402 now.",ponzi
0,I have arrived at Ibadan. Will call you once the meeting is done.,personal
0,I have arrived at Surulere. Will call you once the meeting is done.,personal
0,"PalmPay: Credit N48,000.00. Desc: NIP/TRANSFER FROM BLESSING. Bal: N689,000.00.",bank_alert
1,"Central Bank Investment Scheme: N10,000 gives N30,000 in 24 hours. No loss. Call admin on 08161467031 now.",ponzi
1,"Federal Govt Empowerment Fund: You are eligible to receive N50,000 relief grant. Claim your grant here: http://fg-empowerment-ng.site",grant_fraud
0,"Bro, abeg transfer N4,000 give me. I dey Ikeja like this, money no dey my hand for transport.",personal
0,I have arrived at Yaba. Will call you once the meeting is done.,personal
1,DEBT WARNING: SUNDAY with phone 08034970464 is a chronic defaulter on PalmCredit. Pay your debt today to avoid publishing your BVN online.,loan_harassment
1,"JOB OFFER: Urgently recruiting Admin Officers at Kano, Lagos. Salary: N180,000/month. Text YES to 08024957957 for interview invitation.",fake_job
1,URGENT: Your OPay account has been restricted due to unverified BVN. Call 09030502816 immediately to update your details.,banking_phishing
0,MTN: You have successfully activated 1.5GB Data Plan. Valid for 30 days. Dial *312# to check your data balance.,telco_info
1,URGENT: Your OPay account has been restricted due to unverified NIN. Call 08126284987 immediately to update your details.,banking_phishing
0,Guy how far? You go dey online tonight for the match? Make we talk football.,personal
1,"Central Bank Investment Scheme: N10,000 gives N30,000 in 24 hours. No loss. Call admin on 08035475515 now.",ponzi
0,"Fidelity: Your One Time Password (OTP) is 378502 for transfer of N5,000.00 to CHIOMA. Valid for 5 minutes. DO NOT SHARE.",otp
1,URGENT: Your GTBank account has been restricted due to unverified KYC records. Call 08160247485 immediately to update your details.,banking_phishing
0,"Bro, abeg transfer N6,000 give me. I dey Ibadan like this, money no dey my hand for transport.",personal
1,"Central Bank Investment Scheme: N10,000 gives N30,000 in 24 hours. No loss. Call admin on 08134155999 now.",ponzi
1,"JOB OFFER: Urgently recruiting Admin Officers at Port Harcourt, Lagos. Salary: N180,000/month. Text YES to 08137589975 for interview invitation.",fake_job
1,"Federal Govt Empowerment Fund: You are eligible to receive N50,000 relief grant. Claim your grant here: http://fg-empowerment-ng.site",grant_fraud
0,"Zenith Bank: Your One Time Password (OTP) is 538539 for transfer of N2,000.00 to ADAMU. Valid for 5 minutes. DO NOT SHARE.",otp
1,"JOB OFFER: Urgently recruiting Admin Officers at Surulere, Lagos. Salary: N180,000/month. Text YES to 09018593580 for interview invitation.",fake_job
1,"Credit Alert: N214,000.00 credited to your account from SUNDAY. Ref: TRX40850867. Call 08138045030 if you did not expect this payment.",fake_alert
0,"FirstBank: Credit N11,000.00. Desc: NIP/TRANSFER FROM BLESSING. Bal: N180,000.00.",bank_alert
0,"Bro, abeg transfer N2,000 give me. I dey Enugu like this, money no dey my hand for transport.",personal
0,"UBA: Credit N22,000.00. Desc: NIP/TRANSFER FROM KELECHI. Bal: N357,000.00.",bank_alert
1,"Credit Alert: N505,000.00 credited to your account from ADAMU. Ref: TRX13417889. Call 08020587525 if you did not expect this payment.",fake_alert
0,Guy how far? You go dey online tonight for the match? Make we talk football.,personal
0,Good morning ma. Please remember to buy bread and sachet water on your way back from work.,personal
1,"Get instant loan of N43,000 directly to your Access Bank account in 2 minutes! No document needed. Download: bit.ly/ng-loan-49",loan_scam
0,Airtel: You have successfully activated 1.5GB Data Plan. Valid for 30 days. Dial *312# to check your data balance.,telco_info
1,"Credit Alert: N669,000.00 credited to your account from CHUKWUEMEKA. Ref: TRX89134185. Call 08162732855 if you did not expect this payment.",fake_alert
1,"Get instant loan of N29,000 directly to your Zenith Bank account in 2 minutes! No document needed. Download: bit.ly/ng-loan-47",loan_scam
1,DEBT WARNING: KELECHI with phone 08027083879 is a chronic defaulter on FastCash. Pay your debt today to avoid publishing your BVN online.,loan_harassment
1,"Dear customer, your BVN has been flagged for fraud. Kindly text your 11-digit BVN and DOB to 08138004143 to clear your profile.",banking_phishing
0,I have arrived at Ibadan. Will call you once the meeting is done.,personal
1,"ALERT: A transaction of N14,000 was attempted on your GTBank app. If not you, click http://firstbank-secure-portal.com to block account.",banking_phishing
1,"Get instant loan of N30,000 directly to your FirstBank account in 2 minutes! No document needed. Download: bit.ly/ng-loan-62",loan_scam
1,"ALERT: A transaction of N16,000 was attempted on your PalmPay app. If not you, click http://zenith-secure-portal.com to block account.",banking_phishing
1,"Federal Govt Empowerment Fund: You are eligible to receive N50,000 relief grant. Claim your grant here: http://fg-empowerment-ng.site",grant_fraud
0,"PalmPay: Acct 012***1918 Debited: N6,000.00 Desc: POS PURCHASE - Port Harcourt. Bal: N20,000.00.",bank_alert
1,"CONGRATULATIONS! Your mobile number won N152,000 in the Airtel Promo. Pay N8,000 processing fee to account 0123456789 to receive cash.",advance_fee
0,I have arrived at Lekki. Will call you once the meeting is done.,personal
1,DEBT WARNING: EMMANUEL with phone 08126939553 is a chronic defaulter on FastCash. Pay your debt today to avoid publishing your BVN online.,loan_harassment
1,DEBT WARNING: CHUKWUEMEKA with phone 08133159987 is a chronic defaulter on EasyCredit. Pay your debt today to avoid publishing your BVN online.,loan_harassment
0,Good morning ma. Please remember to buy bread and sachet water on your way back from work.,personal
0,Good morning ma. Please remember to buy bread and sachet water on your way back from work.,personal
1,"Get instant loan of N36,000 directly to your OPay account in 2 minutes! No document needed. Download: bit.ly/ng-loan-54",loan_scam
0,"9mobile: Dear Customer, you have used 80% of your daily data bundle. Dial *323# to buy a top-up.",telco_info
1,"JOB OFFER: Urgently recruiting Admin Officers at Surulere, Lagos. Salary: N180,000/month. Text YES to 07035875950 for interview invitation.",fake_job
1,"Credit Alert: N345,000.00 credited to your account from CHIOMA. Ref: TRX98641164. Call 09034990913 if you did not expect this payment.",fake_alert
0,I have arrived at Abuja. Will call you once the meeting is done.,personal
1,"Get instant loan of N27,000 directly to your Kuda account in 2 minutes! No document needed. Download: bit.ly/ng-loan-19",loan_scam
1,URGENT: Your FirstBank account has been restricted due to unverified BVN. Call 09013143017 immediately to update your details.,banking_phishing
1,"CONGRATULATIONS! Your mobile number won N224,000 in the 9mobile Promo. Pay N3,000 processing fee to account 0123456789 to receive cash.",advance_fee
0,"Bro, abeg transfer N4,000 give me. I dey Kano like this, money no dey my hand for transport.",personal
1,URGENT: Your FirstBank account has been restricted due to unverified KYC records. Call 08129704937 immediately to update your details.,banking_phishing
1,URGENT: Your Access Bank account has been restricted due to unverified BVN. Call 08124510910 immediately to update your details.,banking_phishing
1,"Credit Alert: N808,000.00 credited to your account from OLUMIDE. Ref: TRX82509856. Call 08133382765 if you did not expect this payment.",fake_alert
1,"JOB OFFER: Urgently recruiting Admin Officers at Abuja, Lagos. Salary: N180,000/month. Text YES to 08037365611 for interview invitation.",fake_job
0,Good morning ma. Please remember to buy bread and sachet water on your way back from work.,personal
0,"Bro, abeg transfer N6,000 give me. I dey Yaba like this, money no dey my hand for transport.",personal
1,"International Oil Company hiring Field Support Staff in Port Harcourt. Earn N350,000 monthly. Send application details via WhatsApp: 08028864594",fake_job
1,"ALERT: A transaction of N18,000 was attempted on your Zenith Bank app. If not you, click http://gtb-secure-portal.com to block account.",banking_phishing
0,Glo: You have successfully activated 1.5GB Data Plan. Valid for 30 days. Dial *312# to check your data balance.,telco_info
1,"Get instant loan of N49,000 directly to your Access Bank account in 2 minutes! No document needed. Download: bit.ly/ng-loan-66",loan_scam
1,"Get instant loan of N45,000 directly to your OPay account in 2 minutes! No document needed. Download: bit.ly/ng-loan-87",loan_scam
1,"Central Bank Investment Scheme: N10,000 gives N30,000 in 24 hours. No loss. Call admin on 07033519788 now.",ponzi
0,Good morning ma. Please remember to buy bread and sachet water on your way back from work.,personal
0,"Access Bank: Acct 012***2342 Debited: N6,000.00 Desc: POS PURCHASE - Enugu. Bal: N47,000.00.",bank_alert
1,"Federal Govt Empowerment Fund: You are eligible to receive N50,000 relief grant. Claim your grant here: http://fg-empowerment-ng.site",grant_fraud
1,"Central Bank Investment Scheme: N10,000 gives N30,000 in 24 hours. No loss. Call admin on 09017993895 now.",ponzi
0,"UBA: Credit N31,000.00. Desc: NIP/TRANSFER FROM KELECHI. Bal: N167,000.00.",bank_alert
0,Airtel: You have successfully activated 1.5GB Data Plan. Valid for 30 days. Dial *312# to check your data balance.,telco_info
1,"ALERT: A transaction of N12,000 was attempted on your PalmPay app. If not you, click http://zenith-secure-portal.com to block account.",banking_phishing
1,"CONGRATULATIONS! Your mobile number won N808,000 in the Airtel Promo. Pay N1,000 processing fee to account 0123456789 to receive cash.",advance_fee
1,"JOB OFFER: Urgently recruiting Admin Officers at Abuja, Lagos. Salary: N180,000/month. Text YES to 08137658490 for interview invitation.",fake_job
0,"Bro, abeg transfer N5,000 give me. I dey Abuja like this, money no dey my hand for transport.",personal
0,I have arrived at Port Harcourt. Will call you once the meeting is done.,personal
0,"Bro, abeg transfer N6,000 give me. I dey Abuja like this, money no dey my hand for transport.",personal
1,"CONGRATULATIONS! Your mobile number won N795,000 in the Airtel Promo. Pay N9,000 processing fee to account 0123456789 to receive cash.",advance_fee
1,URGENT: Your FirstBank account has been restricted due to unverified NIN. Call 08165808273 immediately to update your details.,banking_phishing
0,"PalmPay: Your One Time Password (OTP) is 269553 for transfer of N8,000.00 to SUNDAY. Valid for 5 minutes. DO NOT SHARE.",otp
1,"ALERT: A transaction of N13,000 was attempted on your GTBank app. If not you, click http://gtb-secure-portal.com to block account.",banking_phishing
0,Airtel: You have successfully activated 1.5GB Data Plan. Valid for 30 days. Dial *312# to check your data balance.,telco_info
1,"ALERT: A transaction of N41,000 was attempted on your Zenith Bank app. If not you, click http://zenith-secure-portal.com to block account.",banking_phishing
0,I have arrived at Enugu. Will call you once the meeting is done.,personal
1,"CONGRATULATIONS! Your mobile number won N894,000 in the MTN Promo. Pay N5,000 processing fee to account 0123456789 to receive cash.",advance_fee
1,"Credit Alert: N857,000.00 credited to your account from EMMANUEL. Ref: TRX68838370. Call 08132603861 if you did not expect this payment.",fake_alert
0,Guy how far? You go dey online tonight for the match? Make we talk football.,personal
1,DEBT WARNING: SUNDAY with phone 08128498247 is a chronic defaulter on QuickLoan. Pay your debt today to avoid publishing your BVN online.,loan_harassment
0,Glo: You have successfully activated 1.5GB Data Plan. Valid for 30 days. Dial *312# to check your data balance.,telco_info
1,"Central Bank Investment Scheme: N10,000 gives N30,000 in 24 hours. No loss. Call admin on 08035848136 now.",ponzi
1,"JOB OFFER: Urgently recruiting Admin Officers at Yaba, Lagos. Salary: N180,000/month. Text YES to 08121326401 for interview invitation.",fake_job
0,"Fidelity: Credit N11,000.00. Desc: NIP/TRANSFER FROM EMMANUEL. Bal: N253,000.00.",bank_alert
0,Guy how far? You go dey online tonight for the match? Make we talk football.,personal
0,Guy how far? You go dey online tonight for the match? Make we talk football.,personal
1,URGENT: Your Kuda account has been restricted due to unverified NIN. Call 09012237750 immediately to update your details.,banking_phishing
1,"Get instant loan of N19,000 directly to your GTBank account in 2 minutes! No document needed. Download: bit.ly/ng-loan-76",loan_scam
1,"Dear customer, your BVN has been flagged for fraud. Kindly text your 11-digit BVN and DOB to 09011846689 to clear your profile.",banking_phishing
1,"ALERT: A transaction of N21,000 was attempted on your Zenith Bank app. If not you, click http://firstbank-secure-portal.com to block account.",banking_phishing
1,"Dear customer, your BVN has been flagged for fraud. Kindly text your 11-digit BVN and DOB to 08021121395 to clear your profile.",banking_phishing
1,"CONGRATULATIONS! Your mobile number won N228,000 in the 9mobile Promo. Pay N8,000 processing fee to account 0123456789 to receive cash.",advance_fee
0,"Zenith Bank: Credit N19,000.00. Desc: NIP/TRANSFER FROM KELECHI. Bal: N936,000.00.",bank_alert
0,Guy how far? You go dey online tonight for the match? Make we talk football.,personal
1,"Dear customer, your BVN has been flagged for fraud. Kindly text your 11-digit BVN and DOB to 07036979559 to clear your profile.",banking_phishing
0,Guy how far? You go dey online tonight for the match? Make we talk football.,personal
0,"Airtel: Dear Customer, you have used 80% of your daily data bundle. Dial *323# to buy a top-up.",telco_info
1,"CONGRATULATIONS! Your mobile number won N733,000 in the Airtel Promo. Pay N4,000 processing fee to account 0123456789 to receive cash.",advance_fee
0,I have arrived at Yaba. Will call you once the meeting is done.,personal
0,"GTBank: Credit N39,000.00. Desc: NIP/TRANSFER FROM ADAMU. Bal: N359,000.00.",bank_alert
0,Guy how far? You go dey online tonight for the match? Make we talk football.,personal
1,URGENT: Your PalmPay account has been restricted due to unverified BVN. Call 07037882556 immediately to update your details.,banking_phishing
1,"Invest N2,000 and get N33,000 in 45 minutes! 100% paying platform guaranteed. Join Telegram: t.me/ng_crypto_doubler",ponzi
0,Airtel: You have successfully activated 1.5GB Data Plan. Valid for 30 days. Dial *312# to check your data balance.,telco_info
1,"International Oil Company hiring Field Support Staff in Ikeja. Earn N350,000 monthly. Send application details via WhatsApp: 09010710661",fake_job
0,Airtel: You have successfully activated 1.5GB Data Plan. Valid for 30 days. Dial *312# to check your data balance.,telco_info
1,"JOB OFFER: Urgently recruiting Admin Officers at Port Harcourt, Lagos. Salary: N180,000/month. Text YES to 07034349541 for interview invitation.",fake_job
0,"OPay: Credit N37,000.00. Desc: NIP/TRANSFER FROM EMMANUEL. Bal: N479,000.00.",bank_alert
1,URGENT: Your GTBank account has been restricted due to unverified BVN. Call 08139117174 immediately to update your details.,banking_phishing
1,"ALERT: A transaction of N37,000 was attempted on your OPay app. If not you, click http://access-secure-portal.com to block account.",banking_phishing
1,URGENT: Your PalmPay account has been restricted due to unverified NIN. Call 08028204129 immediately to update your details.,banking_phishing
1,"International Oil Company hiring Field Support Staff in Ikeja. Earn N350,000 monthly. Send application details via WhatsApp: 08029209382",fake_job
1,"ALERT: A transaction of N27,000 was attempted on your PalmPay app. If not you, click http://access-secure-portal.com to block account.",banking_phishing
1,"Federal Govt Empowerment Fund: You are eligible to receive N50,000 relief grant. Claim your grant here: http://fg-empowerment-ng.site",grant_fraud
1,"JOB OFFER: Urgently recruiting Admin Officers at Yaba, Lagos. Salary: N180,000/month. Text YES to 08024122580 for interview invitation.",fake_job
1,"Federal Govt Empowerment Fund: You are eligible to receive N50,000 relief grant. Claim your grant here: http://fg-empowerment-ng.site",grant_fraud
1,"Dear customer, your BVN has been flagged for fraud. Kindly text your 11-digit BVN and DOB to 07031119738 to clear your profile.",banking_phishing
0,"PalmPay: Credit N35,000.00. Desc: NIP/TRANSFER FROM CHUKWUEMEKA. Bal: N632,000.00.",bank_alert
1,"Central Bank Investment Scheme: N10,000 gives N30,000 in 24 hours. No loss. Call admin on 09011496675 now.",ponzi
0,"UBA: Acct 012***3706 Debited: N3,000.00 Desc: POS PURCHASE - Kano. Bal: N34,000.00.",bank_alert
1,"Dear customer, your BVN has been flagged for fraud. Kindly text your 11-digit BVN and DOB to 09035142432 to clear your profile.",banking_phishing
1,"Federal Govt Empowerment Fund: You are eligible to receive N50,000 relief grant. Claim your grant here: http://fg-empowerment-ng.site",grant_fraud
0,"MTN: Dear Customer, you have used 80% of your daily data bundle. Dial *323# to buy a top-up.",telco_info
0,"Airtel: Dear Customer, you have used 80% of your daily data bundle. Dial *323# to buy a top-up.",telco_info
0,"Bro, abeg transfer N8,000 give me. I dey Surulere like this, money no dey my hand for transport.",personal
0,"FirstBank: Acct 012***6164 Debited: N7,000.00 Desc: POS PURCHASE - Ibadan. Bal: N34,000.00.",bank_alert
0,"9mobile: Dear Customer, you have used 80% of your daily data bundle. Dial *323# to buy a top-up.",telco_info
0,MTN: You have successfully activated 1.5GB Data Plan. Valid for 30 days. Dial *312# to check your data balance.,telco_info
0,"Glo: Dear Customer, you have used 80% of your daily data bundle. Dial *323# to buy a top-up.",telco_info
1,"Central Bank Investment Scheme: N10,000 gives N30,000 in 24 hours. No loss. Call admin on 08028750677 now.",ponzi
0,I have arrived at Ibadan. Will call you once the meeting is done.,personal
1,"ALERT: A transaction of N35,000 was attempted on your FirstBank app. If not you, click http://firstbank-secure-portal.com to block account.",banking_phishing
0,"9mobile: Dear Customer, you have used 80% of your daily data bundle. Dial *323# to buy a top-up.",telco_info
0,"Bro, abeg transfer N3,000 give me. I dey Enugu like this, money no dey my hand for transport.",personal
1,DEBT WARNING: OLUMIDE with phone 09031128740 is a chronic defaulter on EasyCredit. Pay your debt today to avoid publishing your BVN online.,loan_harassment
0,Good morning ma. Please remember to buy bread and sachet water on your way back from work.,personal
1,"ALERT: A transaction of N43,000 was attempted on your Kuda app. If not you, click http://firstbank-secure-portal.com to block account.",banking_phishing
1,"CONGRATULATIONS! Your mobile number won N316,000 in the MTN Promo. Pay N7,000 processing fee to account 0123456789 to receive cash.",advance_fee
1,"ALERT: A transaction of N42,000 was attempted on your UBA app. If not you, click http://gtb-secure-portal.com to block account.",banking_phishing
0,"Bro, abeg transfer N4,000 give me. I dey Yaba like this, money no dey my hand for transport.",personal
0,"Bro, abeg transfer N7,000 give me. I dey Surulere like this, money no dey my hand for transport.",personal
0,"Bro, abeg transfer N1,000 give me. I dey Enugu like this, money no dey my hand for transport.",personal
0,"FirstBank: Your One Time Password (OTP) is 937658 for transfer of N5,000.00 to CHUKWUEMEKA. Valid for 5 minutes. DO NOT SHARE.",otp
0,Good morning ma. Please remember to buy bread and sachet water on your way back from work.,personal
0,Guy how far? You go dey online tonight for the match? Make we talk football.,personal
0,"GTBank: Acct 012***7981 Debited: N7,000.00 Desc: POS PURCHASE - Yaba. Bal: N21,000.00.",bank_alert
1,"Central Bank Investment Scheme: N10,000 gives N30,000 in 24 hours. No loss. Call admin on 08168309917 now.",ponzi
0,"GTBank: Credit N38,000.00. Desc: NIP/TRANSFER FROM BLESSING. Bal: N682,000.00.",bank_alert
1,"International Oil Company hiring Field Support Staff in Surulere. Earn N350,000 monthly. Send application details via WhatsApp: 08123271937",fake_job
0,"Kuda: Acct 012***9549 Debited: N3,000.00 Desc: POS PURCHASE - Lekki. Bal: N45,000.00.",bank_alert
0,9mobile: You have successfully activated 1.5GB Data Plan. Valid for 30 days. Dial *312# to check your data balance.,telco_info
0,"MTN: Dear Customer, you have used 80% of your daily data bundle. Dial *323# to buy a top-up.",telco_info
0,"Glo: Dear Customer, you have used 80% of your daily data bundle. Dial *323# to buy a top-up.",telco_info
0,"Access Bank: Your One Time Password (OTP) is 620272 for transfer of N3,000.00 to SUNDAY. Valid for 5 minutes. DO NOT SHARE.",otp
0,"Kuda: Acct 012***1487 Debited: N8,000.00 Desc: POS PURCHASE - Abuja. Bal: N23,000.00.",bank_alert
0,I have arrived at Port Harcourt. Will call you once the meeting is done.,personal
0,Guy how far? You go dey online tonight for the match? Make we talk football.,personal
1,"Credit Alert: N715,000.00 credited to your account from OLUMIDE. Ref: TRX71306921. Call 09014135455 if you did not expect this payment.",fake_alert
1,"Get instant loan of N25,000 directly to your Zenith Bank account in 2 minutes! No document needed. Download: bit.ly/ng-loan-16",loan_scam
1,"JOB OFFER: Urgently recruiting Admin Officers at Kano, Lagos. Salary: N180,000/month. Text YES to 08020311155 for interview invitation.",fake_job
0,Guy how far? You go dey online tonight for the match? Make we talk football.,personal
1,"Central Bank Investment Scheme: N10,000 gives N30,000 in 24 hours. No loss. Call admin on 09039633895 now.",ponzi
0,"Zenith Bank: Your One Time Password (OTP) is 744920 for transfer of N8,000.00 to EMMANUEL. Valid for 5 minutes. DO NOT SHARE.",otp
1,"JOB OFFER: Urgently recruiting Admin Officers at Ibadan, Lagos. Salary: N180,000/month. Text YES to 08030599469 for interview invitation.",fake_job
1,"Credit Alert: N804,000.00 credited to your account from ADAMU. Ref: TRX81586696. Call 09016183262 if you did not expect this payment.",fake_alert
1,URGENT: Your FirstBank account has been restricted due to unverified NIN. Call 09014991579 immediately to update your details.,banking_phishing
0,"GTBank: Your One Time Password (OTP) is 374294 for transfer of N3,000.00 to BLESSING. Valid for 5 minutes. DO NOT SHARE.",otp
1,"JOB OFFER: Urgently recruiting Admin Officers at Enugu, Lagos. Salary: N180,000/month. Text YES to 09037567535 for interview invitation.",fake_job
1,"International Oil Company hiring Field Support Staff in Lekki. Earn N350,000 monthly. Send application details via WhatsApp: 07038580526",fake_job
0,Guy how far? You go dey online tonight for the match? Make we talk football.,personal
1,"Central Bank Investment Scheme: N10,000 gives N30,000 in 24 hours. No loss. Call admin on 08028939720 now.",ponzi
1,"JOB OFFER: Urgently recruiting Admin Officers at Surulere, Lagos. Salary: N180,000/month. Text YES to 09037572668 for interview invitation.",fake_job
0,"Fidelity: Acct 012***1551 Debited: N2,000.00 Desc: POS PURCHASE - Yaba. Bal: N36,000.00.",bank_alert
0,"FirstBank: Your One Time Password (OTP) is 694339 for transfer of N6,000.00 to SUNDAY. Valid for 5 minutes. DO NOT SHARE.",otp
0,Good morning ma. Please remember to buy bread and sachet water on your way back from work.,personal
0,Good morning ma. Please remember to buy bread and sachet water on your way back from work.,personal
0,I have arrived at Surulere. Will call you once the meeting is done.,personal
1,"Dear customer, your BVN has been flagged for fraud. Kindly text your 11-digit BVN and DOB to 08128678515 to clear your profile.",banking_phishing
1,"Central Bank Investment Scheme: N10,000 gives N30,000 in 24 hours. No loss. Call admin on 09010353321 now.",ponzi
0,"Airtel: Dear Customer, you have used 80% of your daily data bundle. Dial *323# to buy a top-up.",telco_info
1,"CONGRATULATIONS! Your mobile number won N691,000 in the Glo Promo. Pay N8,000 processing fee to account 0123456789 to receive cash.",advance_fee
1,DEBT WARNING: KELECHI with phone 08036551281 is a chronic defaulter on QuickLoan. Pay your debt today to avoid publishing your BVN online.,loan_harassment
0,"FirstBank: Your One Time Password (OTP) is 771692 for transfer of N7,000.00 to CHIOMA. Valid for 5 minutes. DO NOT SHARE.",otp
0,Guy how far? You go dey online tonight for the match? Make we talk football.,personal
1,"Federal Govt Empowerment Fund: You are eligible to receive N50,000 relief grant. Claim your grant here: http://fg-empowerment-ng.site",grant_fraud
1,DEBT WARNING: CHIOMA with phone 08035718187 is a chronic defaulter on LendNG. Pay your debt today to avoid publishing your BVN online.,loan_harassment
0,9mobile: You have successfully activated 1.5GB Data Plan. Valid for 30 days. Dial *312# to check your data balance.,telco_info
0,"FirstBank: Your One Time Password (OTP) is 471305 for transfer of N2,000.00 to BLESSING. Valid for 5 minutes. DO NOT SHARE.",otp
1,"Central Bank Investment Scheme: N10,000 gives N30,000 in 24 hours. No loss. Call admin on 08031808753 now.",ponzi
0,Guy how far? You go dey online tonight for the match? Make we talk football.,personal
0,"Fidelity: Acct 012***1207 Debited: N2,000.00 Desc: POS PURCHASE - Ibadan. Bal: N45,000.00.",bank_alert
1,"International Oil Company hiring Field Support Staff in Port Harcourt. Earn N350,000 monthly. Send application details via WhatsApp: 09031563360",fake_job
1,"International Oil Company hiring Field Support Staff in Yaba. Earn N350,000 monthly. Send application details via WhatsApp: 08127358573",fake_job
0,"UBA: Acct 012***8434 Debited: N5,000.00 Desc: POS PURCHASE - Enugu. Bal: N19,000.00.",bank_alert
0,"OPay: Credit N16,000.00. Desc: NIP/TRANSFER FROM SUNDAY. Bal: N585,000.00.",bank_alert
1,DEBT WARNING: BLESSING with phone 08023407451 is a chronic defaulter on QuickLoan. Pay your debt today to avoid publishing your BVN online.,loan_harassment
1,"Invest N3,000 and get N34,000 in 45 minutes! 100% paying platform guaranteed. Join Telegram: t.me/ng_crypto_doubler",ponzi
1,"Dear customer, your BVN has been flagged for fraud. Kindly text your 11-digit BVN and DOB to 08029290245 to clear your profile.",banking_phishing
0,Guy how far? You go dey online tonight for the match? Make we talk football.,personal
1,"Invest N4,000 and get N50,000 in 45 minutes! 100% paying platform guaranteed. Join Telegram: t.me/ng_crypto_doubler",ponzi
1,"Invest N3,000 and get N23,000 in 45 minutes! 100% paying platform guaranteed. Join Telegram: t.me/ng_crypto_doubler",ponzi
0,Guy how far? You go dey online tonight for the match? Make we talk football.,personal
0,Good morning ma. Please remember to buy bread and sachet water on your way back from work.,personal
1,"JOB OFFER: Urgently recruiting Admin Officers at Lekki, Lagos. Salary: N180,000/month. Text YES to 08031855405 for interview invitation.",fake_job
1,"CONGRATULATIONS! Your mobile number won N302,000 in the 9mobile Promo. Pay N7,000 processing fee to account 0123456789 to receive cash.",advance_fee
1,URGENT: Your FirstBank account has been restricted due to unverified KYC records. Call 08132806346 immediately to update your details.,banking_phishing
1,"Federal Govt Empowerment Fund: You are eligible to receive N50,000 relief grant. Claim your grant here: http://fg-empowerment-ng.site",grant_fraud
0,Good morning ma. Please remember to buy bread and sachet water on your way back from work.,personal
1,"Credit Alert: N921,000.00 credited to your account from BLESSING. Ref: TRX63098323. Call 09034470263 if you did not expect this payment.",fake_alert
1,"Get instant loan of N31,000 directly to your UBA account in 2 minutes! No document needed. Download: bit.ly/ng-loan-59",loan_scam
1,"JOB OFFER: Urgently recruiting Admin Officers at Ibadan, Lagos. Salary: N180,000/month. Text YES to 08028570010 for interview invitation.",fake_job
1,URGENT: Your Kuda account has been restricted due to unverified BVN. Call 09036765640 immediately to update your details.,banking_phishing
0,"GTBank: Acct 012***1001 Debited: N4,000.00 Desc: POS PURCHASE - Enugu. Bal: N48,000.00.",bank_alert
1,"International Oil Company hiring Field Support Staff in Ikeja. Earn N350,000 monthly. Send application details via WhatsApp: 08134644390",fake_job
1,"Invest N3,000 and get N22,000 in 45 minutes! 100% paying platform guaranteed. Join Telegram: t.me/ng_crypto_doubler",ponzi
0,"Access Bank: Acct 012***2147 Debited: N2,000.00 Desc: POS PURCHASE - Kano. Bal: N40,000.00.",bank_alert
0,"Airtel: Dear Customer, you have used 80% of your daily data bundle. Dial *323# to buy a top-up.",telco_info
0,I have arrived at Abuja. Will call you once the meeting is done.,personal
1,"Credit Alert: N788,000.00 credited to your account from SUNDAY. Ref: TRX10800718. Call 08167964439 if you did not expect this payment.",fake_alert
0,Good morning ma. Please remember to buy bread and sachet water on your way back from work.,personal
1,"Federal Govt Empowerment Fund: You are eligible to receive N50,000 relief grant. Claim your grant here: http://fg-empowerment-ng.site",grant_fraud
1,DEBT WARNING: OLUMIDE with phone 07035807190 is a chronic defaulter on QuickLoan. Pay your debt today to avoid publishing your BVN online.,loan_harassment
0,I have arrived at Ibadan. Will call you once the meeting is done.,personal
0,Guy how far? You go dey online tonight for the match? Make we talk football.,personal
0,"Access Bank: Acct 012***8415 Debited: N7,000.00 Desc: POS PURCHASE - Kano. Bal: N22,000.00.",bank_alert
0,Good morning ma. Please remember to buy bread and sachet water on your way back from work.,personal
0,"UBA: Credit N15,000.00. Desc: NIP/TRANSFER FROM KELECHI. Bal: N335,000.00.",bank_alert
0,Good morning ma. Please remember to buy bread and sachet water on your way back from work.,personal
0,"GTBank: Your One Time Password (OTP) is 725515 for transfer of N1,000.00 to CHUKWUEMEKA. Valid for 5 minutes. DO NOT SHARE.",otp
1,"Get instant loan of N35,000 directly to your OPay account in 2 minutes! No document needed. Download: bit.ly/ng-loan-76",loan_scam
0,I have arrived at Yaba. Will call you once the meeting is done.,personal
0,"Bro, abeg transfer N3,000 give me. I dey Lekki like this, money no dey my hand for transport.",personal
1,URGENT: Your FirstBank account has been restricted due to unverified KYC records. Call 08038086978 immediately to update your details.,banking_phishing
0,"GTBank: Your One Time Password (OTP) is 732339 for transfer of N6,000.00 to ADAMU. Valid for 5 minutes. DO NOT SHARE.",otp
1,"International Oil Company hiring Field Support Staff in Kano. Earn N350,000 monthly. Send application details via WhatsApp: 08126442209",fake_job
0,Good morning ma. Please remember to buy bread and sachet water on your way back from work.,personal
1,"JOB OFFER: Urgently recruiting Admin Officers at Kano, Lagos. Salary: N180,000/month. Text YES to 07030734319 for interview invitation.",fake_job
0,I have arrived at Surulere. Will call you once the meeting is done.,personal
1,"Invest N8,000 and get N23,000 in 45 minutes! 100% paying platform guaranteed. Join Telegram: t.me/ng_crypto_doubler",ponzi
1,"JOB OFFER: Urgently recruiting Admin Officers at Yaba, Lagos. Salary: N180,000/month. Text YES to 08134282097 for interview invitation.",fake_job
0,"Bro, abeg transfer N8,000 give me. I dey Lekki like this, money no dey my hand for transport.",personal
0,"OPay: Your One Time Password (OTP) is 417658 for transfer of N3,000.00 to KELECHI. Valid for 5 minutes. DO NOT SHARE.",otp
1,"Federal Govt Empowerment Fund: You are eligible to receive N50,000 relief grant. Claim your grant here: http://fg-empowerment-ng.site",grant_fraud
0,Good morning ma. Please remember to buy bread and sachet water on your way back from work.,personal
1,DEBT WARNING: EMMANUEL with phone 08125157538 is a chronic defaulter on EasyCredit. Pay your debt today to avoid publishing your BVN online.,loan_harassment
1,"Dear customer, your BVN has been flagged for fraud. Kindly text your 11-digit BVN and DOB to 08023301075 to clear your profile.",banking_phishing
0,"Bro, abeg transfer N3,000 give me. I dey Ikeja like this, money no dey my hand for transport.",personal
0,"Airtel: Dear Customer, you have used 80% of your daily data bundle. Dial *323# to buy a top-up.",telco_info
0,"Access Bank: Acct 012***4765 Debited: N7,000.00 Desc: POS PURCHASE - Port Harcourt. Bal: N12,000.00.",bank_alert
0,Guy how far? You go dey online tonight for the match? Make we talk football.,personal
0,"Bro, abeg transfer N6,000 give me. I dey Ikeja like this, money no dey my hand for transport.",personal
0,"9mobile: Dear Customer, you have used 80% of your daily data bundle. Dial *323# to buy a top-up.",telco_info
1,"Central Bank Investment Scheme: N10,000 gives N30,000 in 24 hours. No loss. Call admin on 07032169217 now.",ponzi
0,MTN: You have successfully activated 1.5GB Data Plan. Valid for 30 days. Dial *312# to check your data balance.,telco_info
1,DEBT WARNING: IBRAHIM with phone 08122560531 is a chronic defaulter on QuickLoan. Pay your debt today to avoid publishing your BVN online.,loan_harassment
1,"International Oil Company hiring Field Support Staff in Yaba. Earn N350,000 monthly. Send application details via WhatsApp: 08122043300",fake_job
1,"JOB OFFER: Urgently recruiting Admin Officers at Enugu, Lagos. Salary: N180,000/month. Text YES to 07038467640 for interview invitation.",fake_job
1,URGENT: Your UBA account has been restricted due to unverified NIN. Call 09033217435 immediately to update your details.,banking_phishing
0,"Zenith Bank: Your One Time Password (OTP) is 959333 for transfer of N7,000.00 to CHUKWUEMEKA. Valid for 5 minutes. DO NOT SHARE.",otp
0,"FirstBank: Credit N12,000.00. Desc: NIP/TRANSFER FROM CHUKWUEMEKA. Bal: N189,000.00.",bank_alert
0,"Bro, abeg transfer N8,000 give me. I dey Enugu like this, money no dey my hand for transport.",personal
1,"Dear customer, your BVN has been flagged for fraud. Kindly text your 11-digit BVN and DOB to 07034142533 to clear your profile.",banking_phishing
1,"International Oil Company hiring Field Support Staff in Port Harcourt. Earn N350,000 monthly. Send application details via WhatsApp: 09013439611",fake_job
1,"Get instant loan of N47,000 directly to your OPay account in 2 minutes! No document needed. Download: bit.ly/ng-loan-34",loan_scam
1,"CONGRATULATIONS! Your mobile number won N538,000 in the Airtel Promo. Pay N9,000 processing fee to account 0123456789 to receive cash.",advance_fee
0,"FirstBank: Credit N33,000.00. Desc: NIP/TRANSFER FROM KELECHI. Bal: N817,000.00.",bank_alert
0,"UBA: Credit N41,000.00. Desc: NIP/TRANSFER FROM IBRAHIM. Bal: N254,000.00.",bank_alert
0,"FirstBank: Acct 012***7099 Debited: N4,000.00 Desc: POS PURCHASE - Lekki. Bal: N37,000.00.",bank_alert
1,"ALERT: A transaction of N42,000 was attempted on your OPay app. If not you, click http://access-secure-portal.com to block account.",banking_phishing
0,MTN: You have successfully activated 1.5GB Data Plan. Valid for 30 days. Dial *312# to check your data balance.,telco_info
0,"OPay: Credit N45,000.00. Desc: NIP/TRANSFER FROM CHUKWUEMEKA. Bal: N500,000.00.",bank_alert
0,"9mobile: Dear Customer, you have used 80% of your daily data bundle. Dial *323# to buy a top-up.",telco_info
1,URGENT: Your Kuda account has been restricted due to unverified BVN. Call 08021534052 immediately to update your details.,banking_phishing
0,"Glo: Dear Customer, you have used 80% of your daily data bundle. Dial *323# to buy a top-up.",telco_info
1,"Credit Alert: N522,000.00 credited to your account from IBRAHIM. Ref: TRX70709337. Call 09035436271 if you did not expect this payment.",fake_alert
0,"Access Bank: Your One Time Password (OTP) is 449202 for transfer of N1,000.00 to IBRAHIM. Valid for 5 minutes. DO NOT SHARE.",otp
1,"Federal Govt Empowerment Fund: You are eligible to receive N50,000 relief grant. Claim your grant here: http://fg-empowerment-ng.site",grant_fraud
0,Guy how far? You go dey online tonight for the match? Make we talk football.,personal
1,"Credit Alert: N605,000.00 credited to your account from OLUMIDE. Ref: TRX37829866. Call 08139718012 if you did not expect this payment.",fake_alert
1,"ALERT: A transaction of N39,000 was attempted on your OPay app. If not you, click http://access-secure-portal.com to block account.",banking_phishing
1,"International Oil Company hiring Field Support Staff in Kano. Earn N350,000 monthly. Send application details via WhatsApp: 08038335042",fake_job
0,Guy how far? You go dey online tonight for the match? Make we talk football.,personal
0,"GTBank: Credit N39,000.00. Desc: NIP/TRANSFER FROM OLUMIDE. Bal: N817,000.00.",bank_alert
1,"Central Bank Investment Scheme: N10,000 gives N30,000 in 24 hours. No loss. Call admin on 08120753136 now.",ponzi
0,"Bro, abeg transfer N6,000 give me. I dey Ikeja like this, money no dey my hand for transport.",personal
0,I have arrived at Surulere. Will call you once the meeting is done.,personal
1,"Federal Govt Empowerment Fund: You are eligible to receive N50,000 relief grant. Claim your grant here: http://fg-empowerment-ng.site",grant_fraud
1,"ALERT: A transaction of N11,000 was attempted on your Kuda app. If not you, click http://access-secure-portal.com to block account.",banking_phishing
1,"Dear customer, your BVN has been flagged for fraud. Kindly text your 11-digit BVN and DOB to 08139768252 to clear your profile.",banking_phishing
1,"Get instant loan of N19,000 directly to your PalmPay account in 2 minutes! No document needed. Download: bit.ly/ng-loan-31",loan_scam
0,"Access Bank: Your One Time Password (OTP) is 491644 for transfer of N4,000.00 to EMMANUEL. Valid for 5 minutes. DO NOT SHARE.",otp
1,"JOB OFFER: Urgently recruiting Admin Officers at Surulere, Lagos. Salary: N180,000/month. Text YES to 07037693045 for interview invitation.",fake_job
1,"Invest N7,000 and get N18,000 in 45 minutes! 100% paying platform guaranteed. Join Telegram: t.me/ng_crypto_doubler",ponzi
0,"Glo: Dear Customer, you have used 80% of your daily data bundle. Dial *323# to buy a top-up.",telco_info
1,URGENT: Your Access Bank account has been restricted due to unverified NIN. Call 08031657555 immediately to update your details.,banking_phishing
1,"Get instant loan of N10,000 directly to your UBA account in 2 minutes! No document needed. Download: bit.ly/ng-loan-26",loan_scam
1,"Get instant loan of N36,000 directly to your Zenith Bank account in 2 minutes! No document needed. Download: bit.ly/ng-loan-25",loan_scam
1,URGENT: Your Fidelity account has been restricted due to unverified KYC records. Call 08030297806 immediately to update your details.,banking_phishing
0,"MTN: Dear Customer, you have used 80% of your daily data bundle. Dial *323# to buy a top-up.",telco_info
0,"Fidelity: Credit N17,000.00. Desc: NIP/TRANSFER FROM CHIOMA. Bal: N879,000.00.",bank_alert
0,Glo: You have successfully activated 1.5GB Data Plan. Valid for 30 days. Dial *312# to check your data balance.,telco_info
0,Guy how far? You go dey online tonight for the match? Make we talk football.,personal
0,"Glo: Dear Customer, you have used 80% of your daily data bundle. Dial *323# to buy a top-up.",telco_info
0,"FirstBank: Acct 012***5175 Debited: N3,000.00 Desc: POS PURCHASE - Lekki. Bal: N35,000.00.",bank_alert
0,"Airtel: Dear Customer, you have used 80% of your daily data bundle. Dial *323# to buy a top-up.",telco_info
0,Guy how far? You go dey online tonight for the match? Make we talk football.,personal
1,"CONGRATULATIONS! Your mobile number won N697,000 in the Glo Promo. Pay N5,000 processing fee to account 0123456789 to receive cash.",advance_fee
0,"Airtel: Dear Customer, you have used 80% of your daily data bundle. Dial *323# to buy a top-up.",telco_info
0,Airtel: You have successfully activated 1.5GB Data Plan. Valid for 30 days. Dial *312# to check your data balance.,telco_info
1,"Get instant loan of N43,000 directly to your UBA account in 2 minutes! No document needed. Download: bit.ly/ng-loan-18",loan_scam
0,"Bro, abeg transfer N3,000 give me. I dey Abuja like this, money no dey my hand for transport.",personal
0,"Fidelity: Your One Time Password (OTP) is 710688 for transfer of N2,000.00 to KELECHI. Valid for 5 minutes. DO NOT SHARE.",otp
1,"Central Bank Investment Scheme: N10,000 gives N30,000 in 24 hours. No loss. Call admin on 09016756965 now.",ponzi
0,I have arrived at Yaba. Will call you once the meeting is done.,personal
0,"UBA: Credit N41,000.00. Desc: NIP/TRANSFER FROM EMMANUEL. Bal: N826,000.00.",bank_alert
0,MTN: You have successfully activated 1.5GB Data Plan. Valid for 30 days. Dial *312# to check your data balance.,telco_info
0,"9mobile: Dear Customer, you have used 80% of your daily data bundle. Dial *323# to buy a top-up.",telco_info
0,Glo: You have successfully activated 1.5GB Data Plan. Valid for 30 days. Dial *312# to check your data balance.,telco_info
0,"Kuda: Credit N47,000.00. Desc: NIP/TRANSFER FROM OLUMIDE. Bal: N566,000.00.",bank_alert
0,"Kuda: Your One Time Password (OTP) is 255593 for transfer of N6,000.00 to CHUKWUEMEKA. Valid for 5 minutes. DO NOT SHARE.",otp
1,"Federal Govt Empowerment Fund: You are eligible to receive N50,000 relief grant. Claim your grant here: http://fg-empowerment-ng.site",grant_fraud
0,Airtel: You have successfully activated 1.5GB Data Plan. Valid for 30 days. Dial *312# to check your data balance.,telco_info
0,"MTN: Dear Customer, you have used 80% of your daily data bundle. Dial *323# to buy a top-up.",telco_info
1,"Federal Govt Empowerment Fund: You are eligible to receive N50,000 relief grant. Claim your grant here: http://fg-empowerment-ng.site",grant_fraud
1,"Central Bank Investment Scheme: N10,000 gives N30,000 in 24 hours. No loss. Call admin on 08029050442 now.",ponzi
0,"Bro, abeg transfer N4,000 give me. I dey Port Harcourt like this, money no dey my hand for transport.",personal
1,"Federal Govt Empowerment Fund: You are eligible to receive N50,000 relief grant. Claim your grant here: http://fg-empowerment-ng.site",grant_fraud
0,MTN: You have successfully activated 1.5GB Data Plan. Valid for 30 days. Dial *312# to check your data balance.,telco_info
0,"Kuda: Your One Time Password (OTP) is 920901 for transfer of N8,000.00 to CHIOMA. Valid for 5 minutes. DO NOT SHARE.",otp
0,"MTN: Dear Customer, you have used 80% of your daily data bundle. Dial *323# to buy a top-up.",telco_info
0,Airtel: You have successfully activated 1.5GB Data Plan. Valid for 30 days. Dial *312# to check your data balance.,telco_info
1,"Invest N9,000 and get N33,000 in 45 minutes! 100% paying platform guaranteed. Join Telegram: t.me/ng_crypto_doubler",ponzi
0,"FirstBank: Your One Time Password (OTP) is 882620 for transfer of N3,000.00 to CHIOMA. Valid for 5 minutes. DO NOT SHARE.",otp
0,9mobile: You have successfully activated 1.5GB Data Plan. Valid for 30 days. Dial *312# to check your data balance.,telco_info
0,Airtel: You have successfully activated 1.5GB Data Plan. Valid for 30 days. Dial *312# to check your data balance.,telco_info
1,"ALERT: A transaction of N13,000 was attempted on your Zenith Bank app. If not you, click http://zenith-secure-portal.com to block account.",banking_phishing
0,Guy how far? You go dey online tonight for the match? Make we talk football.,personal
0,Good morning ma. Please remember to buy bread and sachet water on your way back from work.,personal
0,"Bro, abeg transfer N9,000 give me. I dey Port Harcourt like this, money no dey my hand for transport.",personal
1,"ALERT: A transaction of N16,000 was attempted on your GTBank app. If not you, click http://firstbank-secure-portal.com to block account.",banking_phishing
1,"International Oil Company hiring Field Support Staff in Lekki. Earn N350,000 monthly. Send application details via WhatsApp: 08034315668",fake_job
1,"Central Bank Investment Scheme: N10,000 gives N30,000 in 24 hours. No loss. Call admin on 08030436475 now.",ponzi
1,"CONGRATULATIONS! Your mobile number won N773,000 in the Airtel Promo. Pay N9,000 processing fee to account 0123456789 to receive cash.",advance_fee
1,"Get instant loan of N50,000 directly to your Zenith Bank account in 2 minutes! No document needed. Download: bit.ly/ng-loan-31",loan_scam
0,Guy how far? You go dey online tonight for the match? Make we talk football.,personal
1,DEBT WARNING: BLESSING with phone 09013024186 is a chronic defaulter on QuickLoan. Pay your debt today to avoid publishing your BVN online.,loan_harassment
0,"Access Bank: Acct 012***9187 Debited: N8,000.00 Desc: POS PURCHASE - Kano. Bal: N16,000.00.",bank_alert
0,Guy how far? You go dey online tonight for the match? Make we talk football.,personal
1,"Get instant loan of N26,000 directly to your OPay account in 2 minutes! No document needed. Download: bit.ly/ng-loan-21",loan_scam
1,"Get instant loan of N19,000 directly to your UBA account in 2 minutes! No document needed. Download: bit.ly/ng-loan-98",loan_scam
1,"CONGRATULATIONS! Your mobile number won N325,000 in the 9mobile Promo. Pay N6,000 processing fee to account 0123456789 to receive cash.",advance_fee
1,"Central Bank Investment Scheme: N10,000 gives N30,000 in 24 hours. No loss. Call admin on 08128876172 now.",ponzi
1,URGENT: Your OPay account has been restricted due to unverified BVN. Call 09034423701 immediately to update your details.,banking_phishing
1,URGENT: Your Kuda account has been restricted due to unverified NIN. Call 08162069657 immediately to update your details.,banking_phishing
1,DEBT WARNING: EMMANUEL with phone 08022286731 is a chronic defaulter on PalmCredit. Pay your debt today to avoid publishing your BVN online.,loan_harassment
0,Good morning ma. Please remember to buy bread and sachet water on your way back from work.,personal
0,"Zenith Bank: Acct 012***3427 Debited: N5,000.00 Desc: POS PURCHASE - Abuja. Bal: N19,000.00.",bank_alert
0,"GTBank: Your One Time Password (OTP) is 876936 for transfer of N8,000.00 to ADAMU. Valid for 5 minutes. DO NOT SHARE.",otp
1,"Credit Alert: N816,000.00 credited to your account from OLUMIDE. Ref: TRX88187355. Call 08136663918 if you did not expect this payment.",fake_alert
1,"Dear customer, your BVN has been flagged for fraud. Kindly text your 11-digit BVN and DOB to 08037385153 to clear your profile.",banking_phishing
1,URGENT: Your GTBank account has been restricted due to unverified KYC records. Call 08032310640 immediately to update your details.,banking_phishing
0,Good morning ma. Please remember to buy bread and sachet water on your way back from work.,personal
1,"Dear customer, your BVN has been flagged for fraud. Kindly text your 11-digit BVN and DOB to 08138437826 to clear your profile.",banking_phishing
0,"Bro, abeg transfer N3,000 give me. I dey Abuja like this, money no dey my hand for transport.",personal
0,MTN: You have successfully activated 1.5GB Data Plan. Valid for 30 days. Dial *312# to check your data balance.,telco_info
1,"Credit Alert: N260,000.00 credited to your account from BLESSING. Ref: TRX74207948. Call 08036173559 if you did not expect this payment.",fake_alert
0,"GTBank: Credit N42,000.00. Desc: NIP/TRANSFER FROM OLUMIDE. Bal: N304,000.00.",bank_alert
0,"UBA: Credit N28,000.00. Desc: NIP/TRANSFER FROM IBRAHIM. Bal: N558,000.00.",bank_alert
0,Guy how far? You go dey online tonight for the match? Make we talk football.,personal
0,"Zenith Bank: Credit N31,000.00. Desc: NIP/TRANSFER FROM SUNDAY. Bal: N303,000.00.",bank_alert
0,"Access Bank: Your One Time Password (OTP) is 985671 for transfer of N8,000.00 to OLUMIDE. Valid for 5 minutes. DO NOT SHARE.",otp
1,URGENT: Your Access Bank account has been restricted due to unverified NIN. Call 08161787896 immediately to update your details.,banking_phishing
1,"Credit Alert: N110,000.00 credited to your account from EMMANUEL. Ref: TRX14102755. Call 08020945975 if you did not expect this payment.",fake_alert
1,"International Oil Company hiring Field Support Staff in Enugu. Earn N350,000 monthly. Send application details via WhatsApp: 08020664676",fake_job
1,"JOB OFFER: Urgently recruiting Admin Officers at Kano, Lagos. Salary: N180,000/month. Text YES to 09018251749 for interview invitation.",fake_job
0,I have arrived at Port Harcourt. Will call you once the meeting is done.,personal
0,Good morning ma. Please remember to buy bread and sachet water on your way back from work.,personal
1,"International Oil Company hiring Field Support Staff in Surulere. Earn N350,000 monthly. Send application details via WhatsApp: 08026330846",fake_job
1,"Federal Govt Empowerment Fund: You are eligible to receive N50,000 relief grant. Claim your grant here: http://fg-empowerment-ng.site",grant_fraud
0,Good morning ma. Please remember to buy bread and sachet water on your way back from work.,personal
1,"Credit Alert: N838,000.00 credited to your account from SUNDAY. Ref: TRX29420254. Call 08137203763 if you did not expect this payment.",fake_alert
0,Guy how far? You go dey online tonight for the match? Make we talk football.,personal
1,"Dear customer, your BVN has been flagged for fraud. Kindly text your 11-digit BVN and DOB to 08130027027 to clear your profile.",banking_phishing
0,I have arrived at Ikeja. Will call you once the meeting is done.,personal
1,"Credit Alert: N209,000.00 credited to your account from KELECHI. Ref: TRX66691738. Call 09011587996 if you did not expect this payment.",fake_alert
1,"ALERT: A transaction of N12,000 was attempted on your UBA app. If not you, click http://gtb-secure-portal.com to block account.",banking_phishing
0,"Zenith Bank: Your One Time Password (OTP) is 338722 for transfer of N9,000.00 to SUNDAY. Valid for 5 minutes. DO NOT SHARE.",otp
1,"Credit Alert: N848,000.00 credited to your account from BLESSING. Ref: TRX50798974. Call 08124335069 if you did not expect this payment.",fake_alert
0,Glo: You have successfully activated 1.5GB Data Plan. Valid for 30 days. Dial *312# to check your data balance.,telco_info
1,URGENT: Your Access Bank account has been restricted due to unverified BVN. Call 08161196421 immediately to update your details.,banking_phishing
0,Guy how far? You go dey online tonight for the match? Make we talk football.,personal
0,"Bro, abeg transfer N7,000 give me. I dey Abuja like this, money no dey my hand for transport.",personal
1,URGENT: Your UBA account has been restricted due to unverified BVN. Call 09016407556 immediately to update your details.,banking_phishing
0,Good morning ma. Please remember to buy bread and sachet water on your way back from work.,personal
0,"Bro, abeg transfer N9,000 give me. I dey Abuja like this, money no dey my hand for transport.",personal
1,"Credit Alert: N653,000.00 credited to your account from SUNDAY. Ref: TRX32231222. Call 08038583825 if you did not expect this payment.",fake_alert
1,"Get instant loan of N16,000 directly to your UBA account in 2 minutes! No document needed. Download: bit.ly/ng-loan-62",loan_scam
1,"JOB OFFER: Urgently recruiting Admin Officers at Port Harcourt, Lagos. Salary: N180,000/month. Text YES to 07031010276 for interview invitation.",fake_job
1,"CONGRATULATIONS! Your mobile number won N766,000 in the Glo Promo. Pay N2,000 processing fee to account 0123456789 to receive cash.",advance_fee
1,"Get instant loan of N28,000 directly to your Kuda account in 2 minutes! No document needed. Download: bit.ly/ng-loan-88",loan_scam
0,Guy how far? You go dey online tonight for the match? Make we talk football.,personal
0,"OPay: Credit N49,000.00. Desc: NIP/TRANSFER FROM CHUKWUEMEKA. Bal: N110,000.00.",bank_alert
0,Guy how far? You go dey online tonight for the match? Make we talk football.,personal
1,DEBT WARNING: IBRAHIM with phone 08039178356 is a chronic defaulter on PalmCredit. Pay your debt today to avoid publishing your BVN online.,loan_harassment
0,Good morning ma. Please remember to buy bread and sachet water on your way back from work.,personal
1,"International Oil Company hiring Field Support Staff in Abuja. Earn N350,000 monthly. Send application details via WhatsApp: 08135539354",fake_job
0,"Zenith Bank: Acct 012***1894 Debited: N6,000.00 Desc: POS PURCHASE - Abuja. Bal: N16,000.00.",bank_alert
0,"OPay: Acct 012***5698 Debited: N3,000.00 Desc: POS PURCHASE - Yaba. Bal: N19,000.00.",bank_alert
1,"Central Bank Investment Scheme: N10,000 gives N30,000 in 24 hours. No loss. Call admin on 08025748004 now.",ponzi
0,Guy how far? You go dey online tonight for the match? Make we talk football.,personal
1,DEBT WARNING: CHUKWUEMEKA with phone 09037412163 is a chronic defaulter on EasyCredit. Pay your debt today to avoid publishing your BVN online.,loan_harassment
1,"International Oil Company hiring Field Support Staff in Lekki. Earn N350,000 monthly. Send application details via WhatsApp: 08030788369",fake_job
0,"FirstBank: Credit N25,000.00. Desc: NIP/TRANSFER FROM BLESSING. Bal: N371,000.00.",bank_alert
0,"GTBank: Credit N15,000.00. Desc: NIP/TRANSFER FROM CHIOMA. Bal: N665,000.00.",bank_alert
0,9mobile: You have successfully activated 1.5GB Data Plan. Valid for 30 days. Dial *312# to check your data balance.,telco_info
0,Glo: You have successfully activated 1.5GB Data Plan. Valid for 30 days. Dial *312# to check your data balance.,telco_info
1,"Credit Alert: N920,000.00 credited to your account from IBRAHIM. Ref: TRX18718672. Call 09018102131 if you did not expect this payment.",fake_alert
1,"ALERT: A transaction of N14,000 was attempted on your Access Bank app. If not you, click http://firstbank-secure-portal.com to block account.",banking_phishing
1,DEBT WARNING: OLUMIDE with phone 08121003709 is a chronic defaulter on LendNG. Pay your debt today to avoid publishing your BVN online.,loan_harassment
0,"Airtel: Dear Customer, you have used 80% of your daily data bundle. Dial *323# to buy a top-up.",telco_info
1,"Get instant loan of N40,000 directly to your OPay account in 2 minutes! No document needed. Download: bit.ly/ng-loan-72",loan_scam
0,Guy how far? You go dey online tonight for the match? Make we talk football.,personal
0,"FirstBank: Your One Time Password (OTP) is 179618 for transfer of N1,000.00 to BLESSING. Valid for 5 minutes. DO NOT SHARE.",otp
0,"Bro, abeg transfer N8,000 give me. I dey Kano like this, money no dey my hand for transport.",personal
0,I have arrived at Kano. Will call you once the meeting is done.,personal
0,"Bro, abeg transfer N2,000 give me. I dey Surulere like this, money no dey my hand for transport.",personal
0,"OPay: Your One Time Password (OTP) is 665163 for transfer of N2,000.00 to SUNDAY. Valid for 5 minutes. DO NOT SHARE.",otp
1,DEBT WARNING: BLESSING with phone 09011333169 is a chronic defaulter on PalmCredit. Pay your debt today to avoid publishing your BVN online.,loan_harassment
0,Guy how far? You go dey online tonight for the match? Make we talk football.,personal
1,"International Oil Company hiring Field Support Staff in Surulere. Earn N350,000 monthly. Send application details via WhatsApp: 09032595901",fake_job
0,I have arrived at Ibadan. Will call you once the meeting is done.,personal
0,"Kuda: Credit N35,000.00. Desc: NIP/TRANSFER FROM CHIOMA. Bal: N471,000.00.",bank_alert
1,"Central Bank Investment Scheme: N10,000 gives N30,000 in 24 hours. No loss. Call admin on 08035415667 now.",ponzi
0,"UBA: Credit N50,000.00. Desc: NIP/TRANSFER FROM BLESSING. Bal: N946,000.00.",bank_alert
0,"Bro, abeg transfer N5,000 give me. I dey Yaba like this, money no dey my hand for transport.",personal
1,"Federal Govt Empowerment Fund: You are eligible to receive N50,000 relief grant. Claim your grant here: http://fg-empowerment-ng.site",grant_fraud
1,"Credit Alert: N862,000.00 credited to your account from EMMANUEL. Ref: TRX33113253. Call 08120754527 if you did not expect this payment.",fake_alert
1,"CONGRATULATIONS! Your mobile number won N414,000 in the 9mobile Promo. Pay N9,000 processing fee to account 0123456789 to receive cash.",advance_fee
1,"CONGRATULATIONS! Your mobile number won N259,000 in the MTN Promo. Pay N4,000 processing fee to account 0123456789 to receive cash.",advance_fee
1,"Invest N7,000 and get N21,000 in 45 minutes! 100% paying platform guaranteed. Join Telegram: t.me/ng_crypto_doubler",ponzi
0,Good morning ma. Please remember to buy bread and sachet water on your way back from work.,personal
1,"Dear customer, your BVN has been flagged for fraud. Kindly text your 11-digit BVN and DOB to 08163968859 to clear your profile.",banking_phishing
0,"Zenith Bank: Your One Time Password (OTP) is 362344 for transfer of N4,000.00 to IBRAHIM. Valid for 5 minutes. DO NOT SHARE.",otp
1,"Invest N2,000 and get N50,000 in 45 minutes! 100% paying platform guaranteed. Join Telegram: t.me/ng_crypto_doubler",ponzi
1,"International Oil Company hiring Field Support Staff in Lekki. Earn N350,000 monthly. Send application details via WhatsApp: 08129087929",fake_job
0,"Zenith Bank: Credit N23,000.00. Desc: NIP/TRANSFER FROM CHUKWUEMEKA. Bal: N308,000.00.",bank_alert
0,"Glo: Dear Customer, you have used 80% of your daily data bundle. Dial *323# to buy a top-up.",telco_info
0,"Fidelity: Credit N11,000.00. Desc: NIP/TRANSFER FROM IBRAHIM. Bal: N506,000.00.",bank_alert
1,DEBT WARNING: OLUMIDE with phone 08168851682 is a chronic defaulter on QuickLoan. Pay your debt today to avoid publishing your BVN online.,loan_harassment
1,"JOB OFFER: Urgently recruiting Admin Officers at Abuja, Lagos. Salary: N180,000/month. Text YES to 07033109077 for interview invitation.",fake_job
0,I have arrived at Ikeja. Will call you once the meeting is done.,personal
1,"Invest N6,000 and get N15,000 in 45 minutes! 100% paying platform guaranteed. Join Telegram: t.me/ng_crypto_doubler",ponzi
1,URGENT: Your Kuda account has been restricted due to unverified KYC records. Call 09038060145 immediately to update your details.,banking_phishing
0,"Airtel: Dear Customer, you have used 80% of your daily data bundle. Dial *323# to buy a top-up.",telco_info
0,"PalmPay: Credit N28,000.00. Desc: NIP/TRANSFER FROM BLESSING. Bal: N550,000.00.",bank_alert
0,Guy how far? You go dey online tonight for the match? Make we talk football.,personal
0,"Airtel: Dear Customer, you have used 80% of your daily data bundle. Dial *323# to buy a top-up.",telco_info
1,"International Oil Company hiring Field Support Staff in Port Harcourt. Earn N350,000 monthly. Send application details via WhatsApp: 09036109165",fake_job
1,"International Oil Company hiring Field Support Staff in Ibadan. Earn N350,000 monthly. Send application details via WhatsApp: 07039186849",fake_job
1,"Credit Alert: N710,000.00 credited to your account from OLUMIDE. Ref: TRX40184613. Call 07037054719 if you did not expect this payment.",fake_alert
0,Guy how far? You go dey online tonight for the match? Make we talk football.,personal
1,"Invest N6,000 and get N45,000 in 45 minutes! 100% paying platform guaranteed. Join Telegram: t.me/ng_crypto_doubler",ponzi
1,"Dear customer, your BVN has been flagged for fraud. Kindly text your 11-digit BVN and DOB to 08138666847 to clear your profile.",banking_phishing
0,"Zenith Bank: Credit N28,000.00. Desc: NIP/TRANSFER FROM BLESSING. Bal: N402,000.00.",bank_alert
1,"Get instant loan of N29,000 directly to your PalmPay account in 2 minutes! No document needed. Download: bit.ly/ng-loan-22",loan_scam
1,URGENT: Your Fidelity account has been restricted due to unverified NIN. Call 08127031207 immediately to update your details.,banking_phishing
1,"CONGRATULATIONS! Your mobile number won N354,000 in the Airtel Promo. Pay N4,000 processing fee to account 0123456789 to receive cash.",advance_fee
0,Guy how far? You go dey online tonight for the match? Make we talk football.,personal
1,"Invest N5,000 and get N42,000 in 45 minutes! 100% paying platform guaranteed. Join Telegram: t.me/ng_crypto_doubler",ponzi
0,"OPay: Acct 012***7181 Debited: N5,000.00 Desc: POS PURCHASE - Surulere. Bal: N46,000.00.",bank_alert
1,"Federal Govt Empowerment Fund: You are eligible to receive N50,000 relief grant. Claim your grant here: http://fg-empowerment-ng.site",grant_fraud
0,"Fidelity: Your One Time Password (OTP) is 531014 for transfer of N8,000.00 to IBRAHIM. Valid for 5 minutes. DO NOT SHARE.",otp
1,"Dear customer, your BVN has been flagged for fraud. Kindly text your 11-digit BVN and DOB to 08027552539 to clear your profile.",banking_phishing
1,"ALERT: A transaction of N44,000 was attempted on your Access Bank app. If not you, click http://firstbank-secure-portal.com to block account.",banking_phishing
0,Good morning ma. Please remember to buy bread and sachet water on your way back from work.,personal
1,"Dear customer, your BVN has been flagged for fraud. Kindly text your 11-digit BVN and DOB to 08131240493 to clear your profile.",banking_phishing
1,"JOB OFFER: Urgently recruiting Admin Officers at Port Harcourt, Lagos. Salary: N180,000/month. Text YES to 08020979412 for interview invitation.",fake_job
0,"UBA: Acct 012***5104 Debited: N1,000.00 Desc: POS PURCHASE - Surulere. Bal: N17,000.00.",bank_alert
1,"Get instant loan of N46,000 directly to your PalmPay account in 2 minutes! No document needed. Download: bit.ly/ng-loan-70",loan_scam
1,"Invest N6,000 and get N47,000 in 45 minutes! 100% paying platform guaranteed. Join Telegram: t.me/ng_crypto_doubler",ponzi
1,"Federal Govt Empowerment Fund: You are eligible to receive N50,000 relief grant. Claim your grant here: http://fg-empowerment-ng.site",grant_fraud
1,"International Oil Company hiring Field Support Staff in Ibadan. Earn N350,000 monthly. Send application details via WhatsApp: 08138724886",fake_job
0,"PalmPay: Your One Time Password (OTP) is 308995 for transfer of N4,000.00 to ADAMU. Valid for 5 minutes. DO NOT SHARE.",otp
0,"PalmPay: Credit N23,000.00. Desc: NIP/TRANSFER FROM CHUKWUEMEKA. Bal: N851,000.00.",bank_alert
1,"Get instant loan of N24,000 directly to your UBA account in 2 minutes! No document needed. Download: bit.ly/ng-loan-36",loan_scam
1,"International Oil Company hiring Field Support Staff in Yaba. Earn N350,000 monthly. Send application details via WhatsApp: 08031183769",fake_job
1,URGENT: Your GTBank account has been restricted due to unverified BVN. Call 09038592222 immediately to update your details.,banking_phishing
0,"MTN: Dear Customer, you have used 80% of your daily data bundle. Dial *323# to buy a top-up.",telco_info
0,Glo: You have successfully activated 1.5GB Data Plan. Valid for 30 days. Dial *312# to check your data balance.,telco_info
1,"Get instant loan of N21,000 directly to your FirstBank account in 2 minutes! No document needed. Download: bit.ly/ng-loan-48",loan_scam
1,"Dear customer, your BVN has been flagged for fraud. Kindly text your 11-digit BVN and DOB to 09035658846 to clear your profile.",banking_phishing
0,"9mobile: Dear Customer, you have used 80% of your daily data bundle. Dial *323# to buy a top-up.",telco_info
1,"Credit Alert: N329,000.00 credited to your account from ADAMU. Ref: TRX58851171. Call 07033744319 if you did not expect this payment.",fake_alert
1,"ALERT: A transaction of N42,000 was attempted on your Fidelity app. If not you, click http://access-secure-portal.com to block account.",banking_phishing
1,"Central Bank Investment Scheme: N10,000 gives N30,000 in 24 hours. No loss. Call admin on 08029512154 now.",ponzi
1,"Invest N2,000 and get N34,000 in 45 minutes! 100% paying platform guaranteed. Join Telegram: t.me/ng_crypto_doubler",ponzi
1,"Dear customer, your BVN has been flagged for fraud. Kindly text your 11-digit BVN and DOB to 08038169223 to clear your profile.",banking_phishing
0,"Bro, abeg transfer N3,000 give me. I dey Enugu like this, money no dey my hand for transport.",personal
1,"Dear customer, your BVN has been flagged for fraud. Kindly text your 11-digit BVN and DOB to 07039928426 to clear your profile.",banking_phishing
1,"JOB OFFER: Urgently recruiting Admin Officers at Lekki, Lagos. Salary: N180,000/month. Text YES to 08129622923 for interview invitation.",fake_job
1,"Get instant loan of N39,000 directly to your PalmPay account in 2 minutes! No document needed. Download: bit.ly/ng-loan-78",loan_scam
1,"Dear customer, your BVN has been flagged for fraud. Kindly text your 11-digit BVN and DOB to 09032458522 to clear your profile.",banking_phishing
0,"OPay: Your One Time Password (OTP) is 288073 for transfer of N3,000.00 to ADAMU. Valid for 5 minutes. DO NOT SHARE.",otp
0,Good morning ma. Please remember to buy bread and sachet water on your way back from work.,personal
0,"GTBank: Acct 012***8916 Debited: N7,000.00 Desc: POS PURCHASE - Kano. Bal: N37,000.00.",bank_alert
1,"Central Bank Investment Scheme: N10,000 gives N30,000 in 24 hours. No loss. Call admin on 08031197218 now.",ponzi
1,"CONGRATULATIONS! Your mobile number won N188,000 in the 9mobile Promo. Pay N3,000 processing fee to account 0123456789 to receive cash.",advance_fee
0,"Kuda: Credit N16,000.00. Desc: NIP/TRANSFER FROM CHUKWUEMEKA. Bal: N148,000.00.",bank_alert
1,"Credit Alert: N832,000.00 credited to your account from SUNDAY. Ref: TRX44900534. Call 08161006876 if you did not expect this payment.",fake_alert
1,"Central Bank Investment Scheme: N10,000 gives N30,000 in 24 hours. No loss. Call admin on 08169920770 now.",ponzi
1,"ALERT: A transaction of N33,000 was attempted on your GTBank app. If not you, click http://zenith-secure-portal.com to block account.",banking_phishing
1,"Dear customer, your BVN has been flagged for fraud. Kindly text your 11-digit BVN and DOB to 09016144129 to clear your profile.",banking_phishing
1,"JOB OFFER: Urgently recruiting Admin Officers at Abuja, Lagos. Salary: N180,000/month. Text YES to 08136868111 for interview invitation.",fake_job
1,DEBT WARNING: KELECHI with phone 08021742614 is a chronic defaulter on PalmCredit. Pay your debt today to avoid publishing your BVN online.,loan_harassment
0,9mobile: You have successfully activated 1.5GB Data Plan. Valid for 30 days. Dial *312# to check your data balance.,telco_info
0,"Access Bank: Acct 012***3606 Debited: N5,000.00 Desc: POS PURCHASE - Abuja. Bal: N12,000.00.",bank_alert
1,"Get instant loan of N29,000 directly to your Fidelity account in 2 minutes! No document needed. Download: bit.ly/ng-loan-20",loan_scam
0,I have arrived at Surulere. Will call you once the meeting is done.,personal
1,"CONGRATULATIONS! Your mobile number won N469,000 in the 9mobile Promo. Pay N7,000 processing fee to account 0123456789 to receive cash.",advance_fee
1,"Get instant loan of N15,000 directly to your OPay account in 2 minutes! No document needed. Download: bit.ly/ng-loan-86",loan_scam
0,Good morning ma. Please remember to buy bread and sachet water on your way back from work.,personal
0,I have arrived at Lekki. Will call you once the meeting is done.,personal
0,"Bro, abeg transfer N5,000 give me. I dey Kano like this, money no dey my hand for transport.",personal
0,"GTBank: Your One Time Password (OTP) is 706876 for transfer of N1,000.00 to CHIOMA. Valid for 5 minutes. DO NOT SHARE.",otp
1,"Credit Alert: N948,000.00 credited to your account from ADAMU. Ref: TRX73973063. Call 07036091935 if you did not expect this payment.",fake_alert
0,"MTN: Dear Customer, you have used 80% of your daily data bundle. Dial *323# to buy a top-up.",telco_info
1,DEBT WARNING: KELECHI with phone 08026342125 is a chronic defaulter on QuickLoan. Pay your debt today to avoid publishing your BVN online.,loan_harassment
0,I have arrived at Abuja. Will call you once the meeting is done.,personal
1,"JOB OFFER: Urgently recruiting Admin Officers at Abuja, Lagos. Salary: N180,000/month. Text YES to 08136269616 for interview invitation.",fake_job
0,Airtel: You have successfully activated 1.5GB Data Plan. Valid for 30 days. Dial *312# to check your data balance.,telco_info
1,DEBT WARNING: EMMANUEL with phone 08034893326 is a chronic defaulter on PalmCredit. Pay your debt today to avoid publishing your BVN online.,loan_harassment
0,Good morning ma. Please remember to buy bread and sachet water on your way back from work.,personal
1,"Invest N7,000 and get N17,000 in 45 minutes! 100% paying platform guaranteed. Join Telegram: t.me/ng_crypto_doubler",ponzi
1,URGENT: Your Access Bank account has been restricted due to unverified KYC records. Call 08121527231 immediately to update your details.,banking_phishing
1,URGENT: Your UBA account has been restricted due to unverified KYC records. Call 08161072563 immediately to update your details.,banking_phishing
1,"Invest N1,000 and get N37,000 in 45 minutes! 100% paying platform guaranteed. Join Telegram: t.me/ng_crypto_doubler",ponzi
0,"9mobile: Dear Customer, you have used 80% of your daily data bundle. Dial *323# to buy a top-up.",telco_info
1,"Invest N5,000 and get N25,000 in 45 minutes! 100% paying platform guaranteed. Join Telegram: t.me/ng_crypto_doubler",ponzi
0,Guy how far? You go dey online tonight for the match? Make we talk football.,personal
1,"International Oil Company hiring Field Support Staff in Ikeja. Earn N350,000 monthly. Send application details via WhatsApp: 09032567611",fake_job
0,"9mobile: Dear Customer, you have used 80% of your daily data bundle. Dial *323# to buy a top-up.",telco_info
1,"Dear customer, your BVN has been flagged for fraud. Kindly text your 11-digit BVN and DOB to 08137501481 to clear your profile.",banking_phishing
0,"GTBank: Credit N19,000.00. Desc: NIP/TRANSFER FROM OLUMIDE. Bal: N724,000.00.",bank_alert
0,MTN: You have successfully activated 1.5GB Data Plan. Valid for 30 days. Dial *312# to check your data balance.,telco_info
0,Guy how far? You go dey online tonight for the match? Make we talk football.,personal
1,"Dear customer, your BVN has been flagged for fraud. Kindly text your 11-digit BVN and DOB to 08124084074 to clear your profile.",banking_phishing
0,9mobile: You have successfully activated 1.5GB Data Plan. Valid for 30 days. Dial *312# to check your data balance.,telco_info
0,Guy how far? You go dey online tonight for the match? Make we talk football.,personal
1,"CONGRATULATIONS! Your mobile number won N588,000 in the Glo Promo. Pay N9,000 processing fee to account 0123456789 to receive cash.",advance_fee
1,"Federal Govt Empowerment Fund: You are eligible to receive N50,000 relief grant. Claim your grant here: http://fg-empowerment-ng.site",grant_fraud
0,I have arrived at Enugu. Will call you once the meeting is done.,personal
0,"PalmPay: Credit N47,000.00. Desc: NIP/TRANSFER FROM CHUKWUEMEKA. Bal: N224,000.00.",bank_alert
1,"JOB OFFER: Urgently recruiting Admin Officers at Surulere, Lagos. Salary: N180,000/month. Text YES to 09014256286 for interview invitation.",fake_job
0,"FirstBank: Your One Time Password (OTP) is 765189 for transfer of N5,000.00 to IBRAHIM. Valid for 5 minutes. DO NOT SHARE.",otp
0,"Kuda: Your One Time Password (OTP) is 849347 for transfer of N3,000.00 to OLUMIDE. Valid for 5 minutes. DO NOT SHARE.",otp
0,Good morning ma. Please remember to buy bread and sachet water on your way back from work.,personal
0,Guy how far? You go dey online tonight for the match? Make we talk football.,personal
0,"Bro, abeg transfer N7,000 give me. I dey Enugu like this, money no dey my hand for transport.",personal
0,"OPay: Credit N28,000.00. Desc: NIP/TRANSFER FROM KELECHI. Bal: N812,000.00.",bank_alert
0,Good morning ma. Please remember to buy bread and sachet water on your way back from work.,personal
1,URGENT: Your Fidelity account has been restricted due to unverified BVN. Call 09039802844 immediately to update your details.,banking_phishing
0,Guy how far? You go dey online tonight for the match? Make we talk football.,personal
1,"JOB OFFER: Urgently recruiting Admin Officers at Port Harcourt, Lagos. Salary: N180,000/month. Text YES to 09012224986 for interview invitation.",fake_job
0,I have arrived at Surulere. Will call you once the meeting is done.,personal
0,Airtel: You have successfully activated 1.5GB Data Plan. Valid for 30 days. Dial *312# to check your data balance.,telco_info
0,Guy how far? You go dey online tonight for the match? Make we talk football.,personal
1,"International Oil Company hiring Field Support Staff in Ikeja. Earn N350,000 monthly. Send application details via WhatsApp: 08163381745",fake_job
1,"Central Bank Investment Scheme: N10,000 gives N30,000 in 24 hours. No loss. Call admin on 08139933797 now.",ponzi
1,"JOB OFFER: Urgently recruiting Admin Officers at Enugu, Lagos. Salary: N180,000/month. Text YES to 08020451414 for interview invitation.",fake_job
0,"MTN: Dear Customer, you have used 80% of your daily data bundle. Dial *323# to buy a top-up.",telco_info
1,"Dear customer, your BVN has been flagged for fraud. Kindly text your 11-digit BVN and DOB to 09015019354 to clear your profile.",banking_phishing
0,"UBA: Credit N42,000.00. Desc: NIP/TRANSFER FROM IBRAHIM. Bal: N210,000.00.",bank_alert
0,"FirstBank: Credit N36,000.00. Desc: NIP/TRANSFER FROM OLUMIDE. Bal: N635,000.00.",bank_alert
1,"JOB OFFER: Urgently recruiting Admin Officers at Kano, Lagos. Salary: N180,000/month. Text YES to 09015942298 for interview invitation.",fake_job
1,DEBT WARNING: CHUKWUEMEKA with phone 08162692523 is a chronic defaulter on QuickLoan. Pay your debt today to avoid publishing your BVN online.,loan_harassment
0,"Bro, abeg transfer N8,000 give me. I dey Ibadan like this, money no dey my hand for transport.",personal
1,"Central Bank Investment Scheme: N10,000 gives N30,000 in 24 hours. No loss. Call admin on 08139904600 now.",ponzi
1,DEBT WARNING: ADAMU with phone 08036295350 is a chronic defaulter on QuickLoan. Pay your debt today to avoid publishing your BVN online.,loan_harassment
1,"Dear customer, your BVN has been flagged for fraud. Kindly text your 11-digit BVN and DOB to 08128224963 to clear your profile.",banking_phishing
0,"Bro, abeg transfer N6,000 give me. I dey Ikeja like this, money no dey my hand for transport.",personal
1,"Central Bank Investment Scheme: N10,000 gives N30,000 in 24 hours. No loss. Call admin on 09030519170 now.",ponzi
0,"Glo: Dear Customer, you have used 80% of your daily data bundle. Dial *323# to buy a top-up.",telco_info
1,"Federal Govt Empowerment Fund: You are eligible to receive N50,000 relief grant. Claim your grant here: http://fg-empowerment-ng.site",grant_fraud
1,"Credit Alert: N395,000.00 credited to your account from CHUKWUEMEKA. Ref: TRX59335299. Call 07034376282 if you did not expect this payment.",fake_alert
1,"JOB OFFER: Urgently recruiting Admin Officers at Port Harcourt, Lagos. Salary: N180,000/month. Text YES to 08163784070 for interview invitation.",fake_job
1,"CONGRATULATIONS! Your mobile number won N502,000 in the Airtel Promo. Pay N3,000 processing fee to account 0123456789 to receive cash.",advance_fee
1,"Credit Alert: N230,000.00 credited to your account from OLUMIDE. Ref: TRX11126586. Call 08126923395 if you did not expect this payment.",fake_alert
1,DEBT WARNING: KELECHI with phone 08167665586 is a chronic defaulter on FastCash. Pay your debt today to avoid publishing your BVN online.,loan_harassment
1,"CONGRATULATIONS! Your mobile number won N759,000 in the Airtel Promo. Pay N7,000 processing fee to account 0123456789 to receive cash.",advance_fee
0,Guy how far? You go dey online tonight for the match? Make we talk football.,personal
1,"ALERT: A transaction of N43,000 was attempted on your Fidelity app. If not you, click http://access-secure-portal.com to block account.",banking_phishing
0,"Kuda: Credit N25,000.00. Desc: NIP/TRANSFER FROM CHUKWUEMEKA. Bal: N413,000.00.",bank_alert
0,"Bro, abeg transfer N9,000 give me. I dey Yaba like this, money no dey my hand for transport.",personal
1,"International Oil Company hiring Field Support Staff in Abuja. Earn N350,000 monthly. Send application details via WhatsApp: 07038250851",fake_job
0,Good morning ma. Please remember to buy bread and sachet water on your way back from work.,personal
1,"Federal Govt Empowerment Fund: You are eligible to receive N50,000 relief grant. Claim your grant here: http://fg-empowerment-ng.site",grant_fraud
1,"Credit Alert: N730,000.00 credited to your account from KELECHI. Ref: TRX79677116. Call 09034565220 if you did not expect this payment.",fake_alert
1,"Get instant loan of N12,000 directly to your FirstBank account in 2 minutes! No document needed. Download: bit.ly/ng-loan-52",loan_scam
1,"Central Bank Investment Scheme: N10,000 gives N30,000 in 24 hours. No loss. Call admin on 07033114262 now.",ponzi
1,"Central Bank Investment Scheme: N10,000 gives N30,000 in 24 hours. No loss. Call admin on 08035754981 now.",ponzi
1,"CONGRATULATIONS! Your mobile number won N183,000 in the Glo Promo. Pay N6,000 processing fee to account 0123456789 to receive cash.",advance_fee
0,"Bro, abeg transfer N4,000 give me. I dey Ikeja like this, money no dey my hand for transport.",personal
1,"Dear customer, your BVN has been flagged for fraud. Kindly text your 11-digit BVN and DOB to 07031969315 to clear your profile.",banking_phishing
1,"International Oil Company hiring Field Support Staff in Surulere. Earn N350,000 monthly. Send application details via WhatsApp: 09030712408",fake_job
1,DEBT WARNING: IBRAHIM with phone 09038112303 is a chronic defaulter on EasyCredit. Pay your debt today to avoid publishing your BVN online.,loan_harassment
1,"ALERT: A transaction of N43,000 was attempted on your Kuda app. If not you, click http://access-secure-portal.com to block account.",banking_phishing
0,"Access Bank: Credit N39,000.00. Desc: NIP/TRANSFER FROM ADAMU. Bal: N417,000.00.",bank_alert
1,"Credit Alert: N761,000.00 credited to your account from CHUKWUEMEKA. Ref: TRX46160937. Call 07034471324 if you did not expect this payment.",fake_alert
1,"Get instant loan of N21,000 directly to your OPay account in 2 minutes! No document needed. Download: bit.ly/ng-loan-31",loan_scam
0,"Kuda: Your One Time Password (OTP) is 167518 for transfer of N5,000.00 to BLESSING. Valid for 5 minutes. DO NOT SHARE.",otp
0,"FirstBank: Acct 012***2455 Debited: N2,000.00 Desc: POS PURCHASE - Lekki. Bal: N34,000.00.",bank_alert
0,"Fidelity: Your One Time Password (OTP) is 262360 for transfer of N4,000.00 to ADAMU. Valid for 5 minutes. DO NOT SHARE.",otp
1,"ALERT: A transaction of N38,000 was attempted on your FirstBank app. If not you, click http://gtb-secure-portal.com to block account.",banking_phishing
1,"Dear customer, your BVN has been flagged for fraud. Kindly text your 11-digit BVN and DOB to 08030725668 to clear your profile.",banking_phishing
1,"CONGRATULATIONS! Your mobile number won N109,000 in the Airtel Promo. Pay N3,000 processing fee to account 0123456789 to receive cash.",advance_fee
1,DEBT WARNING: EMMANUEL with phone 07035673137 is a chronic defaulter on PalmCredit. Pay your debt today to avoid publishing your BVN online.,loan_harassment
0,I have arrived at Ibadan. Will call you once the meeting is done.,personal
0,Good morning ma. Please remember to buy bread and sachet water on your way back from work.,personal
1,"International Oil Company hiring Field Support Staff in Ibadan. Earn N350,000 monthly. Send application details via WhatsApp: 08029214574",fake_job
1,"ALERT: A transaction of N25,000 was attempted on your Access Bank app. If not you, click http://firstbank-secure-portal.com to block account.",banking_phishing
0,Guy how far? You go dey online tonight for the match? Make we talk football.,personal
0,"Kuda: Your One Time Password (OTP) is 851759 for transfer of N2,000.00 to SUNDAY. Valid for 5 minutes. DO NOT SHARE.",otp
0,"MTN: Dear Customer, you have used 80% of your daily data bundle. Dial *323# to buy a top-up.",telco_info
1,"JOB OFFER: Urgently recruiting Admin Officers at Lekki, Lagos. Salary: N180,000/month. Text YES to 08034794905 for interview invitation.",fake_job
0,I have arrived at Kano. Will call you once the meeting is done.,personal
0,"FirstBank: Credit N24,000.00. Desc: NIP/TRANSFER FROM OLUMIDE. Bal: N678,000.00.",bank_alert
1,"Get instant loan of N20,000 directly to your OPay account in 2 minutes! No document needed. Download: bit.ly/ng-loan-22",loan_scam
1,"CONGRATULATIONS! Your mobile number won N917,000 in the 9mobile Promo. Pay N1,000 processing fee to account 0123456789 to receive cash.",advance_fee
0,"Bro, abeg transfer N5,000 give me. I dey Surulere like this, money no dey my hand for transport.",personal
0,9mobile: You have successfully activated 1.5GB Data Plan. Valid for 30 days. Dial *312# to check your data balance.,telco_info
1,"CONGRATULATIONS! Your mobile number won N641,000 in the 9mobile Promo. Pay N2,000 processing fee to account 0123456789 to receive cash.",advance_fee
0,I have arrived at Surulere. Will call you once the meeting is done.,personal
1,URGENT: Your UBA account has been restricted due to unverified KYC records. Call 08133461189 immediately to update your details.,banking_phishing
1,"Invest N8,000 and get N13,000 in 45 minutes! 100% paying platform guaranteed. Join Telegram: t.me/ng_crypto_doubler",ponzi
1,"Credit Alert: N368,000.00 credited to your account from CHUKWUEMEKA. Ref: TRX40750055. Call 08124727122 if you did not expect this payment.",fake_alert
1,"International Oil Company hiring Field Support Staff in Surulere. Earn N350,000 monthly. Send application details via WhatsApp: 08028196001",fake_job
1,DEBT WARNING: CHIOMA with phone 09037353842 is a chronic defaulter on EasyCredit. Pay your debt today to avoid publishing your BVN online.,loan_harassment
1,"JOB OFFER: Urgently recruiting Admin Officers at Abuja, Lagos. Salary: N180,000/month. Text YES to 09039056380 for interview invitation.",fake_job
0,I have arrived at Port Harcourt. Will call you once the meeting is done.,personal
1,"CONGRATULATIONS! Your mobile number won N656,000 in the Airtel Promo. Pay N7,000 processing fee to account 0123456789 to receive cash.",advance_fee
0,I have arrived at Surulere. Will call you once the meeting is done.,personal
1,URGENT: Your FirstBank account has been restricted due to unverified KYC records. Call 08161879789 immediately to update your details.,banking_phishing
1,"CONGRATULATIONS! Your mobile number won N821,000 in the MTN Promo. Pay N4,000 processing fee to account 0123456789 to receive cash.",advance_fee
0,"UBA: Acct 012***9107 Debited: N3,000.00 Desc: POS PURCHASE - Ikeja. Bal: N48,000.00.",bank_alert
0,"Glo: Dear Customer, you have used 80% of your daily data bundle. Dial *323# to buy a top-up.",telco_info
1,"JOB OFFER: Urgently recruiting Admin Officers at Enugu, Lagos. Salary: N180,000/month. Text YES to 08134228562 for interview invitation.",fake_job
0,"Bro, abeg transfer N5,000 give me. I dey Lekki like this, money no dey my hand for transport.",personal
1,"Central Bank Investment Scheme: N10,000 gives N30,000 in 24 hours. No loss. Call admin on 09017552932 now.",ponzi
0,"UBA: Your One Time Password (OTP) is 951496 for transfer of N5,000.00 to CHIOMA. Valid for 5 minutes. DO NOT SHARE.",otp
1,URGENT: Your UBA account has been restricted due to unverified BVN. Call 09038962132 immediately to update your details.,banking_phishing
1,"International Oil Company hiring Field Support Staff in Ikeja. Earn N350,000 monthly. Send application details via WhatsApp: 07030892270",fake_job
0,"Bro, abeg transfer N9,000 give me. I dey Enugu like this, money no dey my hand for transport.",personal
0,Good morning ma. Please remember to buy bread and sachet water on your way back from work.,personal
1,DEBT WARNING: ADAMU with phone 09030713766 is a chronic defaulter on FastCash. Pay your debt today to avoid publishing your BVN online.,loan_harassment
1,"International Oil Company hiring Field Support Staff in Port Harcourt. Earn N350,000 monthly. Send application details via WhatsApp: 08136714674",fake_job
1,"JOB OFFER: Urgently recruiting Admin Officers at Ibadan, Lagos. Salary: N180,000/month. Text YES to 09037194712 for interview invitation.",fake_job
1,URGENT: Your OPay account has been restricted due to unverified NIN. Call 08136675859 immediately to update your details.,banking_phishing
1,"JOB OFFER: Urgently recruiting Admin Officers at Kano, Lagos. Salary: N180,000/month. Text YES to 07032275854 for interview invitation.",fake_job
0,Guy how far? You go dey online tonight for the match? Make we talk football.,personal
1,"Federal Govt Empowerment Fund: You are eligible to receive N50,000 relief grant. Claim your grant here: http://fg-empowerment-ng.site",grant_fraud
0,"Zenith Bank: Credit N25,000.00. Desc: NIP/TRANSFER FROM ADAMU. Bal: N689,000.00.",bank_alert
0,"Kuda: Credit N29,000.00. Desc: NIP/TRANSFER FROM IBRAHIM. Bal: N335,000.00.",bank_alert
1,"Invest N4,000 and get N48,000 in 45 minutes! 100% paying platform guaranteed. Join Telegram: t.me/ng_crypto_doubler",ponzi
0,Airtel: You have successfully activated 1.5GB Data Plan. Valid for 30 days. Dial *312# to check your data balance.,telco_info
1,"Invest N9,000 and get N32,000 in 45 minutes! 100% paying platform guaranteed. Join Telegram: t.me/ng_crypto_doubler",ponzi
1,"Central Bank Investment Scheme: N10,000 gives N30,000 in 24 hours. No loss. Call admin on 08032146296 now.",ponzi
0,"UBA: Your One Time Password (OTP) is 606500 for transfer of N7,000.00 to KELECHI. Valid for 5 minutes. DO NOT SHARE.",otp
0,"FirstBank: Acct 012***1079 Debited: N1,000.00 Desc: POS PURCHASE - Port Harcourt. Bal: N26,000.00.",bank_alert
1,"ALERT: A transaction of N27,000 was attempted on your UBA app. If not you, click http://gtb-secure-portal.com to block account.",banking_phishing
1,"Credit Alert: N216,000.00 credited to your account from OLUMIDE. Ref: TRX51892016. Call 07031521386 if you did not expect this payment.",fake_alert
0,"Airtel: Dear Customer, you have used 80% of your daily data bundle. Dial *323# to buy a top-up.",telco_info
0,"9mobile: Dear Customer, you have used 80% of your daily data bundle. Dial *323# to buy a top-up.",telco_info
1,"Federal Govt Empowerment Fund: You are eligible to receive N50,000 relief grant. Claim your grant here: http://fg-empowerment-ng.site",grant_fraud
0,"Bro, abeg transfer N3,000 give me. I dey Yaba like this, money no dey my hand for transport.",personal
0,"Bro, abeg transfer N3,000 give me. I dey Ibadan like this, money no dey my hand for transport.",personal
0,"Fidelity: Credit N17,000.00. Desc: NIP/TRANSFER FROM CHUKWUEMEKA. Bal: N567,000.00.",bank_alert
0,MTN: You have successfully activated 1.5GB Data Plan. Valid for 30 days. Dial *312# to check your data balance.,telco_info
1,"CONGRATULATIONS! Your mobile number won N346,000 in the Airtel Promo. Pay N1,000 processing fee to account 0123456789 to receive cash.",advance_fee
0,Guy how far? You go dey online tonight for the match? Make we talk football.,personal
1,"ALERT: A transaction of N27,000 was attempted on your GTBank app. If not you, click http://firstbank-secure-portal.com to block account.",banking_phishing
1,"Central Bank Investment Scheme: N10,000 gives N30,000 in 24 hours. No loss. Call admin on 08131793134 now.",ponzi
1,"Central Bank Investment Scheme: N10,000 gives N30,000 in 24 hours. No loss. Call admin on 08125282516 now.",ponzi
0,"Bro, abeg transfer N4,000 give me. I dey Port Harcourt like this, money no dey my hand for transport.",personal
1,"CONGRATULATIONS! Your mobile number won N177,000 in the MTN Promo. Pay N7,000 processing fee to account 0123456789 to receive cash.",advance_fee
0,Guy how far? You go dey online tonight for the match? Make we talk football.,personal
1,"CONGRATULATIONS! Your mobile number won N857,000 in the Glo Promo. Pay N5,000 processing fee to account 0123456789 to receive cash.",advance_fee
1,"JOB OFFER: Urgently recruiting Admin Officers at Port Harcourt, Lagos. Salary: N180,000/month. Text YES to 08124089921 for interview invitation.",fake_job
1,"Get instant loan of N18,000 directly to your UBA account in 2 minutes! No document needed. Download: bit.ly/ng-loan-82",loan_scam
1,"Invest N8,000 and get N12,000 in 45 minutes! 100% paying platform guaranteed. Join Telegram: t.me/ng_crypto_doubler",ponzi
0,Glo: You have successfully activated 1.5GB Data Plan. Valid for 30 days. Dial *312# to check your data balance.,telco_info
1,"Get instant loan of N31,000 directly to your Kuda account in 2 minutes! No document needed. Download: bit.ly/ng-loan-62",loan_scam
1,"Dear customer, your BVN has been flagged for fraud. Kindly text your 11-digit BVN and DOB to 09010182999 to clear your profile.",banking_phishing
1,DEBT WARNING: KELECHI with phone 08022696250 is a chronic defaulter on FastCash. Pay your debt today to avoid publishing your BVN online.,loan_harassment
0,"Bro, abeg transfer N8,000 give me. I dey Port Harcourt like this, money no dey my hand for transport.",personal
0,"UBA: Acct 012***3550 Debited: N9,000.00 Desc: POS PURCHASE - Enugu. Bal: N22,000.00.",bank_alert
0,"Zenith Bank: Credit N47,000.00. Desc: NIP/TRANSFER FROM EMMANUEL. Bal: N488,000.00.",bank_alert
1,"CONGRATULATIONS! Your mobile number won N367,000 in the MTN Promo. Pay N3,000 processing fee to account 0123456789 to receive cash.",advance_fee
1,"Central Bank Investment Scheme: N10,000 gives N30,000 in 24 hours. No loss. Call admin on 09010743820 now.",ponzi
1,"CONGRATULATIONS! Your mobile number won N912,000 in the Airtel Promo. Pay N4,000 processing fee to account 0123456789 to receive cash.",advance_fee
1,"JOB OFFER: Urgently recruiting Admin Officers at Ikeja, Lagos. Salary: N180,000/month. Text YES to 08027036423 for interview invitation.",fake_job
0,I have arrived at Ikeja. Will call you once the meeting is done.,personal
1,"International Oil Company hiring Field Support Staff in Lekki. Earn N350,000 monthly. Send application details via WhatsApp: 08166210969",fake_job
0,"Access Bank: Acct 012***7701 Debited: N1,000.00 Desc: POS PURCHASE - Port Harcourt. Bal: N40,000.00.",bank_alert
0,I have arrived at Kano. Will call you once the meeting is done.,personal
0,I have arrived at Lekki. Will call you once the meeting is done.,personal
1,"International Oil Company hiring Field Support Staff in Kano. Earn N350,000 monthly. Send application details via WhatsApp: 08020860441",fake_job
1,"Federal Govt Empowerment Fund: You are eligible to receive N50,000 relief grant. Claim your grant here: http://fg-empowerment-ng.site",grant_fraud
1,"Dear customer, your BVN has been flagged for fraud. Kindly text your 11-digit BVN and DOB to 09011161065 to clear your profile.",banking_phishing
0,Airtel: You have successfully activated 1.5GB Data Plan. Valid for 30 days. Dial *312# to check your data balance.,telco_info
1,"CONGRATULATIONS! Your mobile number won N160,000 in the Airtel Promo. Pay N5,000 processing fee to account 0123456789 to receive cash.",advance_fee
0,Good morning ma. Please remember to buy bread and sachet water on your way back from work.,personal
0,Airtel: You have successfully activated 1.5GB Data Plan. Valid for 30 days. Dial *312# to check your data balance.,telco_info
0,"Kuda: Your One Time Password (OTP) is 208472 for transfer of N3,000.00 to CHIOMA. Valid for 5 minutes. DO NOT SHARE.",otp
0,"Zenith Bank: Your One Time Password (OTP) is 448670 for transfer of N4,000.00 to SUNDAY. Valid for 5 minutes. DO NOT SHARE.",otp
0,"Bro, abeg transfer N2,000 give me. I dey Port Harcourt like this, money no dey my hand for transport.",personal
1,"Credit Alert: N102,000.00 credited to your account from SUNDAY. Ref: TRX67669835. Call 08037280793 if you did not expect this payment.",fake_alert
0,"Access Bank: Your One Time Password (OTP) is 367615 for transfer of N5,000.00 to CHUKWUEMEKA. Valid for 5 minutes. DO NOT SHARE.",otp
1,"Federal Govt Empowerment Fund: You are eligible to receive N50,000 relief grant. Claim your grant here: http://fg-empowerment-ng.site",grant_fraud
1,"ALERT: A transaction of N28,000 was attempted on your Zenith Bank app. If not you, click http://zenith-secure-portal.com to block account.",banking_phishing
1,"Get instant loan of N36,000 directly to your OPay account in 2 minutes! No document needed. Download: bit.ly/ng-loan-73",loan_scam
0,"Glo: Dear Customer, you have used 80% of your daily data bundle. Dial *323# to buy a top-up.",telco_info
1,"Invest N3,000 and get N47,000 in 45 minutes! 100% paying platform guaranteed. Join Telegram: t.me/ng_crypto_doubler",ponzi
1,"Credit Alert: N603,000.00 credited to your account from CHUKWUEMEKA. Ref: TRX25591074. Call 08033008103 if you did not expect this payment.",fake_alert
1,"Dear customer, your BVN has been flagged for fraud. Kindly text your 11-digit BVN and DOB to 09030567303 to clear your profile.",banking_phishing
1,"ALERT: A transaction of N27,000 was attempted on your OPay app. If not you, click http://firstbank-secure-portal.com to block account.",banking_phishing
0,Airtel: You have successfully activated 1.5GB Data Plan. Valid for 30 days. Dial *312# to check your data balance.,telco_info
0,Good morning ma. Please remember to buy bread and sachet water on your way back from work.,personal
1,URGENT: Your UBA account has been restricted due to unverified BVN. Call 08163246155 immediately to update your details.,banking_phishing
1,"JOB OFFER: Urgently recruiting Admin Officers at Abuja, Lagos. Salary: N180,000/month. Text YES to 07031218052 for interview invitation.",fake_job
1,"JOB OFFER: Urgently recruiting Admin Officers at Yaba, Lagos. Salary: N180,000/month. Text YES to 08024887106 for interview invitation.",fake_job
0,"Glo: Dear Customer, you have used 80% of your daily data bundle. Dial *323# to buy a top-up.",telco_info
1,"Central Bank Investment Scheme: N10,000 gives N30,000 in 24 hours. No loss. Call admin on 09016426439 now.",ponzi
1,"Invest N5,000 and get N45,000 in 45 minutes! 100% paying platform guaranteed. Join Telegram: t.me/ng_crypto_doubler",ponzi
0,Glo: You have successfully activated 1.5GB Data Plan. Valid for 30 days. Dial *312# to check your data balance.,telco_info
0,Good morning ma. Please remember to buy bread and sachet water on your way back from work.,personal
0,I have arrived at Port Harcourt. Will call you once the meeting is done.,personal
0,"GTBank: Credit N47,000.00. Desc: NIP/TRANSFER FROM KELECHI. Bal: N147,000.00.",bank_alert
1,"Credit Alert: N788,000.00 credited to your account from CHIOMA. Ref: TRX64411846. Call 08121380115 if you did not expect this payment.",fake_alert
0,Good morning ma. Please remember to buy bread and sachet water on your way back from work.,personal
1,"Federal Govt Empowerment Fund: You are eligible to receive N50,000 relief grant. Claim your grant here: http://fg-empowerment-ng.site",grant_fraud
1,"JOB OFFER: Urgently recruiting Admin Officers at Ikeja, Lagos. Salary: N180,000/month. Text YES to 07031550757 for interview invitation.",fake_job
0,I have arrived at Abuja. Will call you once the meeting is done.,personal
1,"Central Bank Investment Scheme: N10,000 gives N30,000 in 24 hours. No loss. Call admin on 08037945393 now.",ponzi
1,"JOB OFFER: Urgently recruiting Admin Officers at Yaba, Lagos. Salary: N180,000/month. Text YES to 08038788477 for interview invitation.",fake_job
0,"UBA: Acct 012***6787 Debited: N1,000.00 Desc: POS PURCHASE - Ibadan. Bal: N32,000.00.",bank_alert
1,"International Oil Company hiring Field Support Staff in Kano. Earn N350,000 monthly. Send application details via WhatsApp: 09033257039",fake_job
0,Good morning ma. Please remember to buy bread and sachet water on your way back from work.,personal
1,"CONGRATULATIONS! Your mobile number won N432,000 in the Airtel Promo. Pay N7,000 processing fee to account 0123456789 to receive cash.",advance_fee
0,"OPay: Acct 012***7713 Debited: N7,000.00 Desc: POS PURCHASE - Kano. Bal: N31,000.00.",bank_alert
0,"Airtel: Dear Customer, you have used 80% of your daily data bundle. Dial *323# to buy a top-up.",telco_info
0,Guy how far? You go dey online tonight for the match? Make we talk football.,personal
1,"CONGRATULATIONS! Your mobile number won N105,000 in the MTN Promo. Pay N6,000 processing fee to account 0123456789 to receive cash.",advance_fee
1,"Get instant loan of N27,000 directly to your OPay account in 2 minutes! No document needed. Download: bit.ly/ng-loan-97",loan_scam
0,Guy how far? You go dey online tonight for the match? Make we talk football.,personal
0,"UBA: Your One Time Password (OTP) is 299647 for transfer of N2,000.00 to BLESSING. Valid for 5 minutes. DO NOT SHARE.",otp
1,"Federal Govt Empowerment Fund: You are eligible to receive N50,000 relief grant. Claim your grant here: http://fg-empowerment-ng.site",grant_fraud
0,Guy how far? You go dey online tonight for the match? Make we talk football.,personal
0,Glo: You have successfully activated 1.5GB Data Plan. Valid for 30 days. Dial *312# to check your data balance.,telco_info
0,Good morning ma. Please remember to buy bread and sachet water on your way back from work.,personal
1,"Dear customer, your BVN has been flagged for fraud. Kindly text your 11-digit BVN and DOB to 09016059233 to clear your profile.",banking_phishing
0,"Bro, abeg transfer N1,000 give me. I dey Ibadan like this, money no dey my hand for transport.",personal
0,Guy how far? You go dey online tonight for the match? Make we talk football.,personal
1,"ALERT: A transaction of N17,000 was attempted on your GTBank app. If not you, click http://firstbank-secure-portal.com to block account.",banking_phishing
0,Guy how far? You go dey online tonight for the match? Make we talk football.,personal
1,"International Oil Company hiring Field Support Staff in Yaba. Earn N350,000 monthly. Send application details via WhatsApp: 09014616794",fake_job
1,"Invest N8,000 and get N27,000 in 45 minutes! 100% paying platform guaranteed. Join Telegram: t.me/ng_crypto_doubler",ponzi
0,"Bro, abeg transfer N2,000 give me. I dey Surulere like this, money no dey my hand for transport.",personal
0,"GTBank: Credit N12,000.00. Desc: NIP/TRANSFER FROM BLESSING. Bal: N496,000.00.",bank_alert
0,Good morning ma. Please remember to buy bread and sachet water on your way back from work.,personal
1,"JOB OFFER: Urgently recruiting Admin Officers at Abuja, Lagos. Salary: N180,000/month. Text YES to 08126221320 for interview invitation.",fake_job
1,URGENT: Your GTBank account has been restricted due to unverified BVN. Call 08039014473 immediately to update your details.,banking_phishing
1,"Dear customer, your BVN has been flagged for fraud. Kindly text your 11-digit BVN and DOB to 08133036132 to clear your profile.",banking_phishing
0,"Bro, abeg transfer N5,000 give me. I dey Lekki like this, money no dey my hand for transport.",personal
1,"JOB OFFER: Urgently recruiting Admin Officers at Ibadan, Lagos. Salary: N180,000/month. Text YES to 09032392407 for interview invitation.",fake_job
1,"Central Bank Investment Scheme: N10,000 gives N30,000 in 24 hours. No loss. Call admin on 08124987963 now.",ponzi
0,9mobile: You have successfully activated 1.5GB Data Plan. Valid for 30 days. Dial *312# to check your data balance.,telco_info
1,"Credit Alert: N921,000.00 credited to your account from IBRAHIM. Ref: TRX39010592. Call 07036790877 if you did not expect this payment.",fake_alert
1,"Invest N3,000 and get N50,000 in 45 minutes! 100% paying platform guaranteed. Join Telegram: t.me/ng_crypto_doubler",ponzi
1,DEBT WARNING: BLESSING with phone 09014531574 is a chronic defaulter on QuickLoan. Pay your debt today to avoid publishing your BVN online.,loan_harassment
0,Good morning ma. Please remember to buy bread and sachet water on your way back from work.,personal
0,"Bro, abeg transfer N2,000 give me. I dey Kano like this, money no dey my hand for transport.",personal
1,"Credit Alert: N715,000.00 credited to your account from OLUMIDE. Ref: TRX57609843. Call 08129729451 if you did not expect this payment.",fake_alert
1,DEBT WARNING: CHIOMA with phone 08164207842 is a chronic defaulter on EasyCredit. Pay your debt today to avoid publishing your BVN online.,loan_harassment
0,MTN: You have successfully activated 1.5GB Data Plan. Valid for 30 days. Dial *312# to check your data balance.,telco_info
1,"JOB OFFER: Urgently recruiting Admin Officers at Port Harcourt, Lagos. Salary: N180,000/month. Text YES to 08032706875 for interview invitation.",fake_job
0,"Airtel: Dear Customer, you have used 80% of your daily data bundle. Dial *323# to buy a top-up.",telco_info
0,I have arrived at Ibadan. Will call you once the meeting is done.,personal
1,"Get instant loan of N29,000 directly to your Zenith Bank account in 2 minutes! No document needed. Download: bit.ly/ng-loan-78",loan_scam
1,"Invest N7,000 and get N27,000 in 45 minutes! 100% paying platform guaranteed. Join Telegram: t.me/ng_crypto_doubler",ponzi
1,DEBT WARNING: CHIOMA with phone 08022003258 is a chronic defaulter on LendNG. Pay your debt today to avoid publishing your BVN online.,loan_harassment
0,MTN: You have successfully activated 1.5GB Data Plan. Valid for 30 days. Dial *312# to check your data balance.,telco_info
1,"Central Bank Investment Scheme: N10,000 gives N30,000 in 24 hours. No loss. Call admin on 08129221426 now.",ponzi
1,URGENT: Your Access Bank account has been restricted due to unverified KYC records. Call 08126661780 immediately to update your details.,banking_phishing
1,"JOB OFFER: Urgently recruiting Admin Officers at Lekki, Lagos. Salary: N180,000/month. Text YES to 07030654885 for interview invitation.",fake_job
1,"Central Bank Investment Scheme: N10,000 gives N30,000 in 24 hours. No loss. Call admin on 08024654819 now.",ponzi
1,"Dear customer, your BVN has been flagged for fraud. Kindly text your 11-digit BVN and DOB to 08133486497 to clear your profile.",banking_phishing
0,I have arrived at Kano. Will call you once the meeting is done.,personal
0,"Glo: Dear Customer, you have used 80% of your daily data bundle. Dial *323# to buy a top-up.",telco_info
1,"Get instant loan of N31,000 directly to your Fidelity account in 2 minutes! No document needed. Download: bit.ly/ng-loan-11",loan_scam
0,MTN: You have successfully activated 1.5GB Data Plan. Valid for 30 days. Dial *312# to check your data balance.,telco_info
0,9mobile: You have successfully activated 1.5GB Data Plan. Valid for 30 days. Dial *312# to check your data balance.,telco_info
1,DEBT WARNING: CHIOMA with phone 08126662068 is a chronic defaulter on FastCash. Pay your debt today to avoid publishing your BVN online.,loan_harassment
0,"9mobile: Dear Customer, you have used 80% of your daily data bundle. Dial *323# to buy a top-up.",telco_info
1,URGENT: Your Access Bank account has been restricted due to unverified KYC records. Call 08127523328 immediately to update your details.,banking_phishing
1,URGENT: Your GTBank account has been restricted due to unverified NIN. Call 09016246775 immediately to update your details.,banking_phishing
1,"Credit Alert: N848,000.00 credited to your account from SUNDAY. Ref: TRX60158970. Call 08036356735 if you did not expect this payment.",fake_alert
0,"Bro, abeg transfer N2,000 give me. I dey Port Harcourt like this, money no dey my hand for transport.",personal
0,"Glo: Dear Customer, you have used 80% of your daily data bundle. Dial *323# to buy a top-up.",telco_info
0,Good morning ma. Please remember to buy bread and sachet water on your way back from work.,personal
0,"Fidelity: Credit N43,000.00. Desc: NIP/TRANSFER FROM OLUMIDE. Bal: N831,000.00.",bank_alert
1,URGENT: Your PalmPay account has been restricted due to unverified KYC records. Call 09030920331 immediately to update your details.,banking_phishing
1,"International Oil Company hiring Field Support Staff in Ibadan. Earn N350,000 monthly. Send application details via WhatsApp: 09014317350",fake_job
0,"Access Bank: Credit N47,000.00. Desc: NIP/TRANSFER FROM OLUMIDE. Bal: N194,000.00.",bank_alert
0,"FirstBank: Credit N40,000.00. Desc: NIP/TRANSFER FROM SUNDAY. Bal: N202,000.00.",bank_alert
1,"Central Bank Investment Scheme: N10,000 gives N30,000 in 24 hours. No loss. Call admin on 09013525853 now.",ponzi
0,"GTBank: Acct 012***9000 Debited: N4,000.00 Desc: POS PURCHASE - Surulere. Bal: N31,000.00.",bank_alert
1,"Invest N7,000 and get N10,000 in 45 minutes! 100% paying platform guaranteed. Join Telegram: t.me/ng_crypto_doubler",ponzi
1,"Central Bank Investment Scheme: N10,000 gives N30,000 in 24 hours. No loss. Call admin on 08124727318 now.",ponzi
1,URGENT: Your UBA account has been restricted due to unverified NIN. Call 08164619816 immediately to update your details.,banking_phishing
1,"Federal Govt Empowerment Fund: You are eligible to receive N50,000 relief grant. Claim your grant here: http://fg-empowerment-ng.site",grant_fraud
0,"Bro, abeg transfer N4,000 give me. I dey Abuja like this, money no dey my hand for transport.",personal
1,"Invest N6,000 and get N46,000 in 45 minutes! 100% paying platform guaranteed. Join Telegram: t.me/ng_crypto_doubler",ponzi
1,"International Oil Company hiring Field Support Staff in Abuja. Earn N350,000 monthly. Send application details via WhatsApp: 09014765126",fake_job
1,"Dear customer, your BVN has been flagged for fraud. Kindly text your 11-digit BVN and DOB to 08164801559 to clear your profile.",banking_phishing
1,"Get instant loan of N25,000 directly to your Kuda account in 2 minutes! No document needed. Download: bit.ly/ng-loan-65",loan_scam
1,"Get instant loan of N22,000 directly to your FirstBank account in 2 minutes! No document needed. Download: bit.ly/ng-loan-32",loan_scam
1,"International Oil Company hiring Field Support Staff in Enugu. Earn N350,000 monthly. Send application details via WhatsApp: 07037048601",fake_job
1,"Dear customer, your BVN has been flagged for fraud. Kindly text your 11-digit BVN and DOB to 07031608388 to clear your profile.",banking_phishing
1,"Dear customer, your BVN has been flagged for fraud. Kindly text your 11-digit BVN and DOB to 08037148765 to clear your profile.",banking_phishing
0,"PalmPay: Your One Time Password (OTP) is 993808 for transfer of N3,000.00 to CHIOMA. Valid for 5 minutes. DO NOT SHARE.",otp
1,"Federal Govt Empowerment Fund: You are eligible to receive N50,000 relief grant. Claim your grant here: http://fg-empowerment-ng.site",grant_fraud
1,"International Oil Company hiring Field Support Staff in Yaba. Earn N350,000 monthly. Send application details via WhatsApp: 07033420502",fake_job
1,DEBT WARNING: SUNDAY with phone 08030112493 is a chronic defaulter on LendNG. Pay your debt today to avoid publishing your BVN online.,loan_harassment
0,I have arrived at Enugu. Will call you once the meeting is done.,personal
1,"International Oil Company hiring Field Support Staff in Abuja. Earn N350,000 monthly. Send application details via WhatsApp: 08137479088",fake_job
0,I have arrived at Ibadan. Will call you once the meeting is done.,personal
0,Good morning ma. Please remember to buy bread and sachet water on your way back from work.,personal
0,"9mobile: Dear Customer, you have used 80% of your daily data bundle. Dial *323# to buy a top-up.",telco_info
1,"Invest N9,000 and get N20,000 in 45 minutes! 100% paying platform guaranteed. Join Telegram: t.me/ng_crypto_doubler",ponzi
0,"PalmPay: Credit N49,000.00. Desc: NIP/TRANSFER FROM KELECHI. Bal: N797,000.00.",bank_alert
1,"JOB OFFER: Urgently recruiting Admin Officers at Abuja, Lagos. Salary: N180,000/month. Text YES to 07037398622 for interview invitation.",fake_job
0,Good morning ma. Please remember to buy bread and sachet water on your way back from work.,personal
1,"Federal Govt Empowerment Fund: You are eligible to receive N50,000 relief grant. Claim your grant here: http://fg-empowerment-ng.site",grant_fraud
0,"MTN: Dear Customer, you have used 80% of your daily data bundle. Dial *323# to buy a top-up.",telco_info
0,I have arrived at Enugu. Will call you once the meeting is done.,personal
1,"JOB OFFER: Urgently recruiting Admin Officers at Kano, Lagos. Salary: N180,000/month. Text YES to 09033007218 for interview invitation.",fake_job
1,"International Oil Company hiring Field Support Staff in Enugu. Earn N350,000 monthly. Send application details via WhatsApp: 07032176979",fake_job
0,Glo: You have successfully activated 1.5GB Data Plan. Valid for 30 days. Dial *312# to check your data balance.,telco_info
1,"International Oil Company hiring Field Support Staff in Abuja. Earn N350,000 monthly. Send application details via WhatsApp: 09038761297",fake_job
1,"Invest N5,000 and get N18,000 in 45 minutes! 100% paying platform guaranteed. Join Telegram: t.me/ng_crypto_doubler",ponzi
0,I have arrived at Enugu. Will call you once the meeting is done.,personal
1,"ALERT: A transaction of N50,000 was attempted on your UBA app. If not you, click http://firstbank-secure-portal.com to block account.",banking_phishing
1,"ALERT: A transaction of N33,000 was attempted on your Kuda app. If not you, click http://access-secure-portal.com to block account.",banking_phishing
0,"Kuda: Credit N37,000.00. Desc: NIP/TRANSFER FROM CHUKWUEMEKA. Bal: N673,000.00.",bank_alert
1,"Dear customer, your BVN has been flagged for fraud. Kindly text your 11-digit BVN and DOB to 08120826075 to clear your profile.",banking_phishing
0,"Bro, abeg transfer N9,000 give me. I dey Enugu like this, money no dey my hand for transport.",personal
1,"Credit Alert: N474,000.00 credited to your account from EMMANUEL. Ref: TRX35678609. Call 08029914995 if you did not expect this payment.",fake_alert
1,"Federal Govt Empowerment Fund: You are eligible to receive N50,000 relief grant. Claim your grant here: http://fg-empowerment-ng.site",grant_fraud
1,"CONGRATULATIONS! Your mobile number won N191,000 in the MTN Promo. Pay N8,000 processing fee to account 0123456789 to receive cash.",advance_fee
0,"9mobile: Dear Customer, you have used 80% of your daily data bundle. Dial *323# to buy a top-up.",telco_info
0,"MTN: Dear Customer, you have used 80% of your daily data bundle. Dial *323# to buy a top-up.",telco_info
0,"Zenith Bank: Your One Time Password (OTP) is 261141 for transfer of N9,000.00 to ADAMU. Valid for 5 minutes. DO NOT SHARE.",otp
1,DEBT WARNING: CHUKWUEMEKA with phone 08037057836 is a chronic defaulter on QuickLoan. Pay your debt today to avoid publishing your BVN online.,loan_harassment
0,MTN: You have successfully activated 1.5GB Data Plan. Valid for 30 days. Dial *312# to check your data balance.,telco_info
0,"Airtel: Dear Customer, you have used 80% of your daily data bundle. Dial *323# to buy a top-up.",telco_info
0,9mobile: You have successfully activated 1.5GB Data Plan. Valid for 30 days. Dial *312# to check your data balance.,telco_info
0,"Kuda: Acct 012***8209 Debited: N1,000.00 Desc: POS PURCHASE - Surulere. Bal: N35,000.00.",bank_alert
0,Guy how far? You go dey online tonight for the match? Make we talk football.,personal
0,"UBA: Acct 012***6843 Debited: N8,000.00 Desc: POS PURCHASE - Ibadan. Bal: N12,000.00.",bank_alert
1,"Get instant loan of N37,000 directly to your Fidelity account in 2 minutes! No document needed. Download: bit.ly/ng-loan-83",loan_scam
0,"Kuda: Acct 012***9948 Debited: N2,000.00 Desc: POS PURCHASE - Enugu. Bal: N26,000.00.",bank_alert
0,Airtel: You have successfully activated 1.5GB Data Plan. Valid for 30 days. Dial *312# to check your data balance.,telco_info
0,Good morning ma. Please remember to buy bread and sachet water on your way back from work.,personal
1,"Central Bank Investment Scheme: N10,000 gives N30,000 in 24 hours. No loss. Call admin on 08026016629 now.",ponzi
1,"JOB OFFER: Urgently recruiting Admin Officers at Kano, Lagos. Salary: N180,000/month. Text YES to 07033881684 for interview invitation.",fake_job
0,"PalmPay: Credit N17,000.00. Desc: NIP/TRANSFER FROM EMMANUEL. Bal: N889,000.00.",bank_alert
0,"Bro, abeg transfer N1,000 give me. I dey Ibadan like this, money no dey my hand for transport.",personal
1,"CONGRATULATIONS! Your mobile number won N515,000 in the MTN Promo. Pay N8,000 processing fee to account 0123456789 to receive cash.",advance_fee
1,"ALERT: A transaction of N38,000 was attempted on your OPay app. If not you, click http://access-secure-portal.com to block account.",banking_phishing
0,Guy how far? You go dey online tonight for the match? Make we talk football.,personal
0,"MTN: Dear Customer, you have used 80% of your daily data bundle. Dial *323# to buy a top-up.",telco_info
1,"Federal Govt Empowerment Fund: You are eligible to receive N50,000 relief grant. Claim your grant here: http://fg-empowerment-ng.site",grant_fraud
1,"ALERT: A transaction of N47,000 was attempted on your PalmPay app. If not you, click http://access-secure-portal.com to block account.",banking_phishing
0,I have arrived at Ibadan. Will call you once the meeting is done.,personal
0,"Bro, abeg transfer N6,000 give me. I dey Yaba like this, money no dey my hand for transport.",personal
1,"Central Bank Investment Scheme: N10,000 gives N30,000 in 24 hours. No loss. Call admin on 08128683512 now.",ponzi
0,Good morning ma. Please remember to buy bread and sachet water on your way back from work.,personal
1,"International Oil Company hiring Field Support Staff in Lekki. Earn N350,000 monthly. Send application details via WhatsApp: 08131929932",fake_job
0,"MTN: Dear Customer, you have used 80% of your daily data bundle. Dial *323# to buy a top-up.",telco_info
0,"9mobile: Dear Customer, you have used 80% of your daily data bundle. Dial *323# to buy a top-up.",telco_info
0,"Bro, abeg transfer N6,000 give me. I dey Kano like this, money no dey my hand for transport.",personal
0,Good morning ma. Please remember to buy bread and sachet water on your way back from work.,personal
0,"Zenith Bank: Your One Time Password (OTP) is 852461 for transfer of N1,000.00 to CHIOMA. Valid for 5 minutes. DO NOT SHARE.",otp
0,"PalmPay: Credit N17,000.00. Desc: NIP/TRANSFER FROM OLUMIDE. Bal: N559,000.00.",bank_alert
1,"ALERT: A transaction of N17,000 was attempted on your UBA app. If not you, click http://access-secure-portal.com to block account.",banking_phishing
1,"Central Bank Investment Scheme: N10,000 gives N30,000 in 24 hours. No loss. Call admin on 08022080056 now.",ponzi
1,"ALERT: A transaction of N49,000 was attempted on your Zenith Bank app. If not you, click http://access-secure-portal.com to block account.",banking_phishing
0,"Glo: Dear Customer, you have used 80% of your daily data bundle. Dial *323# to buy a top-up.",telco_info
1,"Dear customer, your BVN has been flagged for fraud. Kindly text your 11-digit BVN and DOB to 08023042387 to clear your profile.",banking_phishing
1,"Central Bank Investment Scheme: N10,000 gives N30,000 in 24 hours. No loss. Call admin on 08128344026 now.",ponzi
1,"ALERT: A transaction of N35,000 was attempted on your PalmPay app. If not you, click http://access-secure-portal.com to block account.",banking_phishing
0,I have arrived at Port Harcourt. Will call you once the meeting is done.,personal
1,"International Oil Company hiring Field Support Staff in Abuja. Earn N350,000 monthly. Send application details via WhatsApp: 08021682313",fake_job
1,"Federal Govt Empowerment Fund: You are eligible to receive N50,000 relief grant. Claim your grant here: http://fg-empowerment-ng.site",grant_fraud
1,"JOB OFFER: Urgently recruiting Admin Officers at Port Harcourt, Lagos. Salary: N180,000/month. Text YES to 08131108123 for interview invitation.",fake_job
0,"Kuda: Your One Time Password (OTP) is 133659 for transfer of N1,000.00 to EMMANUEL. Valid for 5 minutes. DO NOT SHARE.",otp
1,"International Oil Company hiring Field Support Staff in Yaba. Earn N350,000 monthly. Send application details via WhatsApp: 08035347741",fake_job
1,"ALERT: A transaction of N32,000 was attempted on your Zenith Bank app. If not you, click http://gtb-secure-portal.com to block account.",banking_phishing
1,"Dear customer, your BVN has been flagged for fraud. Kindly text your 11-digit BVN and DOB to 09037649737 to clear your profile.",banking_phishing
1,"ALERT: A transaction of N22,000 was attempted on your Zenith Bank app. If not you, click http://gtb-secure-portal.com to block account.",banking_phishing
1,"Dear customer, your BVN has been flagged for fraud. Kindly text your 11-digit BVN and DOB to 08026403248 to clear your profile.",banking_phishing
0,"Zenith Bank: Credit N45,000.00. Desc: NIP/TRANSFER FROM KELECHI. Bal: N832,000.00.",bank_alert
1,"International Oil Company hiring Field Support Staff in Kano. Earn N350,000 monthly. Send application details via WhatsApp: 09039823799",fake_job
1,"CONGRATULATIONS! Your mobile number won N175,000 in the MTN Promo. Pay N1,000 processing fee to account 0123456789 to receive cash.",advance_fee
0,"Bro, abeg transfer N3,000 give me. I dey Surulere like this, money no dey my hand for transport.",personal
1,DEBT WARNING: OLUMIDE with phone 09035911799 is a chronic defaulter on EasyCredit. Pay your debt today to avoid publishing your BVN online.,loan_harassment
0,"OPay: Credit N38,000.00. Desc: NIP/TRANSFER FROM CHUKWUEMEKA. Bal: N500,000.00.",bank_alert
1,URGENT: Your GTBank account has been restricted due to unverified KYC records. Call 08128432376 immediately to update your details.,banking_phishing
0,"Access Bank: Your One Time Password (OTP) is 874116 for transfer of N7,000.00 to BLESSING. Valid for 5 minutes. DO NOT SHARE.",otp
0,"GTBank: Acct 012***2656 Debited: N2,000.00 Desc: POS PURCHASE - Enugu. Bal: N15,000.00.",bank_alert
0,"Kuda: Acct 012***2768 Debited: N8,000.00 Desc: POS PURCHASE - Yaba. Bal: N44,000.00.",bank_alert
0,I have arrived at Ibadan. Will call you once the meeting is done.,personal
0,Good morning ma. Please remember to buy bread and sachet water on your way back from work.,personal
0,Guy how far? You go dey online tonight for the match? Make we talk football.,personal
0,Good morning ma. Please remember to buy bread and sachet water on your way back from work.,personal
0,"Bro, abeg transfer N4,000 give me. I dey Abuja like this, money no dey my hand for transport.",personal
1,DEBT WARNING: OLUMIDE with phone 09032107818 is a chronic defaulter on QuickLoan. Pay your debt today to avoid publishing your BVN online.,loan_harassment
0,"MTN: Dear Customer, you have used 80% of your daily data bundle. Dial *323# to buy a top-up.",telco_info
1,"CONGRATULATIONS! Your mobile number won N157,000 in the 9mobile Promo. Pay N7,000 processing fee to account 0123456789 to receive cash.",advance_fee
0,"FirstBank: Your One Time Password (OTP) is 317827 for transfer of N9,000.00 to OLUMIDE. Valid for 5 minutes. DO NOT SHARE.",otp
0,Good morning ma. Please remember to buy bread and sachet water on your way back from work.,personal
0,MTN: You have successfully activated 1.5GB Data Plan. Valid for 30 days. Dial *312# to check your data balance.,telco_info
1,"JOB OFFER: Urgently recruiting Admin Officers at Surulere, Lagos. Salary: N180,000/month. Text YES to 08029480446 for interview invitation.",fake_job
1,"JOB OFFER: Urgently recruiting Admin Officers at Abuja, Lagos. Salary: N180,000/month. Text YES to 08121854570 for interview invitation.",fake_job
0,"UBA: Credit N13,000.00. Desc: NIP/TRANSFER FROM OLUMIDE. Bal: N147,000.00.",bank_alert
0,"Fidelity: Your One Time Password (OTP) is 663054 for transfer of N1,000.00 to EMMANUEL. Valid for 5 minutes. DO NOT SHARE.",otp
0,"OPay: Your One Time Password (OTP) is 965509 for transfer of N4,000.00 to SUNDAY. Valid for 5 minutes. DO NOT SHARE.",otp
0,"Zenith Bank: Acct 012***8744 Debited: N7,000.00 Desc: POS PURCHASE - Port Harcourt. Bal: N22,000.00.",bank_alert
0,I have arrived at Port Harcourt. Will call you once the meeting is done.,personal
0,Airtel: You have successfully activated 1.5GB Data Plan. Valid for 30 days. Dial *312# to check your data balance.,telco_info
0,"GTBank: Your One Time Password (OTP) is 610378 for transfer of N4,000.00 to CHUKWUEMEKA. Valid for 5 minutes. DO NOT SHARE.",otp
0,"Zenith Bank: Your One Time Password (OTP) is 318261 for transfer of N8,000.00 to KELECHI. Valid for 5 minutes. DO NOT SHARE.",otp
0,I have arrived at Kano. Will call you once the meeting is done.,personal
0,I have arrived at Surulere. Will call you once the meeting is done.,personal
0,Airtel: You have successfully activated 1.5GB Data Plan. Valid for 30 days. Dial *312# to check your data balance.,telco_info
0,"FirstBank: Your One Time Password (OTP) is 768536 for transfer of N3,000.00 to ADAMU. Valid for 5 minutes. DO NOT SHARE.",otp
1,"Dear customer, your BVN has been flagged for fraud. Kindly text your 11-digit BVN and DOB to 09014805009 to clear your profile.",banking_phishing
1,"Central Bank Investment Scheme: N10,000 gives N30,000 in 24 hours. No loss. Call admin on 08027643493 now.",ponzi
0,"Access Bank: Credit N42,000.00. Desc: NIP/TRANSFER FROM SUNDAY. Bal: N892,000.00.",bank_alert
1,DEBT WARNING: ADAMU with phone 09038160964 is a chronic defaulter on PalmCredit. Pay your debt today to avoid publishing your BVN online.,loan_harassment
0,Good morning ma. Please remember to buy bread and sachet water on your way back from work.,personal
1,"Invest N5,000 and get N35,000 in 45 minutes! 100% paying platform guaranteed. Join Telegram: t.me/ng_crypto_doubler",ponzi
1,"Credit Alert: N666,000.00 credited to your account from ADAMU. Ref: TRX50632167. Call 08122830094 if you did not expect this payment.",fake_alert
0,"UBA: Acct 012***5065 Debited: N5,000.00 Desc: POS PURCHASE - Surulere. Bal: N45,000.00.",bank_alert
0,Guy how far? You go dey online tonight for the match? Make we talk football.,personal
1,"Invest N7,000 and get N33,000 in 45 minutes! 100% paying platform guaranteed. Join Telegram: t.me/ng_crypto_doubler",ponzi
0,"Fidelity: Your One Time Password (OTP) is 700802 for transfer of N2,000.00 to CHIOMA. Valid for 5 minutes. DO NOT SHARE.",otp
1,"Dear customer, your BVN has been flagged for fraud. Kindly text your 11-digit BVN and DOB to 08166212021 to clear your profile.",banking_phishing
1,"Dear customer, your BVN has been flagged for fraud. Kindly text your 11-digit BVN and DOB to 09012871583 to clear your profile.",banking_phishing
0,"UBA: Your One Time Password (OTP) is 791743 for transfer of N5,000.00 to BLESSING. Valid for 5 minutes. DO NOT SHARE.",otp
1,"Federal Govt Empowerment Fund: You are eligible to receive N50,000 relief grant. Claim your grant here: http://fg-empowerment-ng.site",grant_fraud
0,"Fidelity: Credit N35,000.00. Desc: NIP/TRANSFER FROM IBRAHIM. Bal: N404,000.00.",bank_alert
1,"CONGRATULATIONS! Your mobile number won N548,000 in the MTN Promo. Pay N6,000 processing fee to account 0123456789 to receive cash.",advance_fee
1,"JOB OFFER: Urgently recruiting Admin Officers at Ikeja, Lagos. Salary: N180,000/month. Text YES to 08137432567 for interview invitation.",fake_job
0,Good morning ma. Please remember to buy bread and sachet water on your way back from work.,personal
0,Good morning ma. Please remember to buy bread and sachet water on your way back from work.,personal
0,"OPay: Your One Time Password (OTP) is 713015 for transfer of N1,000.00 to IBRAHIM. Valid for 5 minutes. DO NOT SHARE.",otp
1,"Credit Alert: N292,000.00 credited to your account from OLUMIDE. Ref: TRX96835565. Call 07033456486 if you did not expect this payment.",fake_alert
0,Guy how far? You go dey online tonight for the match? Make we talk football.,personal
1,"Dear customer, your BVN has been flagged for fraud. Kindly text your 11-digit BVN and DOB to 08123467299 to clear your profile.",banking_phishing
0,Glo: You have successfully activated 1.5GB Data Plan. Valid for 30 days. Dial *312# to check your data balance.,telco_info
1,"Dear customer, your BVN has been flagged for fraud. Kindly text your 11-digit BVN and DOB to 07034438077 to clear your profile.",banking_phishing
1,"Federal Govt Empowerment Fund: You are eligible to receive N50,000 relief grant. Claim your grant here: http://fg-empowerment-ng.site",grant_fraud
1,"Central Bank Investment Scheme: N10,000 gives N30,000 in 24 hours. No loss. Call admin on 09030421210 now.",ponzi
1,DEBT WARNING: KELECHI with phone 09037332291 is a chronic defaulter on PalmCredit. Pay your debt today to avoid publishing your BVN online.,loan_harassment
1,"Credit Alert: N185,000.00 credited to your account from EMMANUEL. Ref: TRX56938936. Call 08130573472 if you did not expect this payment.",fake_alert
0,"Kuda: Acct 012***6429 Debited: N3,000.00 Desc: POS PURCHASE - Enugu. Bal: N35,000.00.",bank_alert
0,Good morning ma. Please remember to buy bread and sachet water on your way back from work.,personal
0,Good morning ma. Please remember to buy bread and sachet water on your way back from work.,personal
0,Good morning ma. Please remember to buy bread and sachet water on your way back from work.,personal
0,9mobile: You have successfully activated 1.5GB Data Plan. Valid for 30 days. Dial *312# to check your data balance.,telco_info
1,URGENT: Your FirstBank account has been restricted due to unverified NIN. Call 09033150810 immediately to update your details.,banking_phishing
1,"Invest N1,000 and get N13,000 in 45 minutes! 100% paying platform guaranteed. Join Telegram: t.me/ng_crypto_doubler",ponzi
1,DEBT WARNING: SUNDAY with phone 08166632790 is a chronic defaulter on EasyCredit. Pay your debt today to avoid publishing your BVN online.,loan_harassment
0,"Airtel: Dear Customer, you have used 80% of your daily data bundle. Dial *323# to buy a top-up.",telco_info
1,"ALERT: A transaction of N33,000 was attempted on your Zenith Bank app. If not you, click http://firstbank-secure-portal.com to block account.",banking_phishing
1,"ALERT: A transaction of N19,000 was attempted on your OPay app. If not you, click http://zenith-secure-portal.com to block account.",banking_phishing
0,Good morning ma. Please remember to buy bread and sachet water on your way back from work.,personal
1,URGENT: Your OPay account has been restricted due to unverified KYC records. Call 08124256582 immediately to update your details.,banking_phishing
1,"Get instant loan of N18,000 directly to your Access Bank account in 2 minutes! No document needed. Download: bit.ly/ng-loan-39",loan_scam
0,"Bro, abeg transfer N7,000 give me. I dey Abuja like this, money no dey my hand for transport.",personal
0,"Zenith Bank: Your One Time Password (OTP) is 809243 for transfer of N4,000.00 to ADAMU. Valid for 5 minutes. DO NOT SHARE.",otp
0,"PalmPay: Your One Time Password (OTP) is 176311 for transfer of N7,000.00 to IBRAHIM. Valid for 5 minutes. DO NOT SHARE.",otp
1,DEBT WARNING: BLESSING with phone 09032684970 is a chronic defaulter on QuickLoan. Pay your debt today to avoid publishing your BVN online.,loan_harassment
0,"Zenith Bank: Your One Time Password (OTP) is 281455 for transfer of N3,000.00 to CHIOMA. Valid for 5 minutes. DO NOT SHARE.",otp
0,I have arrived at Enugu. Will call you once the meeting is done.,personal
1,"International Oil Company hiring Field Support Staff in Abuja. Earn N350,000 monthly. Send application details via WhatsApp: 08024150937",fake_job
0,"MTN: Dear Customer, you have used 80% of your daily data bundle. Dial *323# to buy a top-up.",telco_info
0,I have arrived at Yaba. Will call you once the meeting is done.,personal
1,"ALERT: A transaction of N47,000 was attempted on your GTBank app. If not you, click http://firstbank-secure-portal.com to block account.",banking_phishing
1,"ALERT: A transaction of N45,000 was attempted on your OPay app. If not you, click http://firstbank-secure-portal.com to block account.",banking_phishing
0,"9mobile: Dear Customer, you have used 80% of your daily data bundle. Dial *323# to buy a top-up.",telco_info
0,"Glo: Dear Customer, you have used 80% of your daily data bundle. Dial *323# to buy a top-up.",telco_info
0,"PalmPay: Acct 012***6859 Debited: N1,000.00 Desc: POS PURCHASE - Ibadan. Bal: N42,000.00.",bank_alert
0,"Glo: Dear Customer, you have used 80% of your daily data bundle. Dial *323# to buy a top-up.",telco_info
0,Glo: You have successfully activated 1.5GB Data Plan. Valid for 30 days. Dial *312# to check your data balance.,telco_info
0,Guy how far? You go dey online tonight for the match? Make we talk football.,personal
1,"CONGRATULATIONS! Your mobile number won N151,000 in the Airtel Promo. Pay N9,000 processing fee to account 0123456789 to receive cash.",advance_fee
1,DEBT WARNING: ADAMU with phone 08163651585 is a chronic defaulter on FastCash. Pay your debt today to avoid publishing your BVN online.,loan_harassment
0,"OPay: Acct 012***2251 Debited: N6,000.00 Desc: POS PURCHASE - Kano. Bal: N39,000.00.",bank_alert
1,"ALERT: A transaction of N44,000 was attempted on your Kuda app. If not you, click http://access-secure-portal.com to block account.",banking_phishing
0,Guy how far? You go dey online tonight for the match? Make we talk football.,personal
1,"ALERT: A transaction of N36,000 was attempted on your UBA app. If not you, click http://gtb-secure-portal.com to block account.",banking_phishing
0,I have arrived at Surulere. Will call you once the meeting is done.,personal
1,"JOB OFFER: Urgently recruiting Admin Officers at Enugu, Lagos. Salary: N180,000/month. Text YES to 08024900385 for interview invitation.",fake_job
1,URGENT: Your Fidelity account has been restricted due to unverified BVN. Call 07036168787 immediately to update your details.,banking_phishing
1,"ALERT: A transaction of N10,000 was attempted on your FirstBank app. If not you, click http://firstbank-secure-portal.com to block account.",banking_phishing
1,"Credit Alert: N698,000.00 credited to your account from OLUMIDE. Ref: TRX40262612. Call 08161106967 if you did not expect this payment.",fake_alert
0,"Kuda: Your One Time Password (OTP) is 734105 for transfer of N9,000.00 to BLESSING. Valid for 5 minutes. DO NOT SHARE.",otp
0,MTN: You have successfully activated 1.5GB Data Plan. Valid for 30 days. Dial *312# to check your data balance.,telco_info
1,URGENT: Your GTBank account has been restricted due to unverified BVN. Call 08134967827 immediately to update your details.,banking_phishing
1,URGENT: Your GTBank account has been restricted due to unverified KYC records. Call 08024356140 immediately to update your details.,banking_phishing
0,I have arrived at Surulere. Will call you once the meeting is done.,personal
0,"Airtel: Dear Customer, you have used 80% of your daily data bundle. Dial *323# to buy a top-up.",telco_info
1,"Credit Alert: N195,000.00 credited to your account from BLESSING. Ref: TRX24879005. Call 08139691186 if you did not expect this payment.",fake_alert
1,"Invest N2,000 and get N19,000 in 45 minutes! 100% paying platform guaranteed. Join Telegram: t.me/ng_crypto_doubler",ponzi
1,"Dear customer, your BVN has been flagged for fraud. Kindly text your 11-digit BVN and DOB to 09033715974 to clear your profile.",banking_phishing
1,"Invest N7,000 and get N14,000 in 45 minutes! 100% paying platform guaranteed. Join Telegram: t.me/ng_crypto_doubler",ponzi
1,"CONGRATULATIONS! Your mobile number won N201,000 in the 9mobile Promo. Pay N8,000 processing fee to account 0123456789 to receive cash.",advance_fee
1,"Central Bank Investment Scheme: N10,000 gives N30,000 in 24 hours. No loss. Call admin on 08129266254 now.",ponzi
0,"UBA: Your One Time Password (OTP) is 838857 for transfer of N4,000.00 to SUNDAY. Valid for 5 minutes. DO NOT SHARE.",otp
0,"GTBank: Acct 012***9555 Debited: N6,000.00 Desc: POS PURCHASE - Abuja. Bal: N33,000.00.",bank_alert
0,Good morning ma. Please remember to buy bread and sachet water on your way back from work.,personal
0,"Bro, abeg transfer N2,000 give me. I dey Ikeja like this, money no dey my hand for transport.",personal
0,Airtel: You have successfully activated 1.5GB Data Plan. Valid for 30 days. Dial *312# to check your data balance.,telco_info
1,"Federal Govt Empowerment Fund: You are eligible to receive N50,000 relief grant. Claim your grant here: http://fg-empowerment-ng.site",grant_fraud
1,"Credit Alert: N549,000.00 credited to your account from CHUKWUEMEKA. Ref: TRX46001481. Call 08122545080 if you did not expect this payment.",fake_alert
0,Glo: You have successfully activated 1.5GB Data Plan. Valid for 30 days. Dial *312# to check your data balance.,telco_info
0,"Glo: Dear Customer, you have used 80% of your daily data bundle. Dial *323# to buy a top-up.",telco_info
1,"Dear customer, your BVN has been flagged for fraud. Kindly text your 11-digit BVN and DOB to 08021978925 to clear your profile.",banking_phishing
1,"ALERT: A transaction of N19,000 was attempted on your Kuda app. If not you, click http://zenith-secure-portal.com to block account.",banking_phishing
0,I have arrived at Yaba. Will call you once the meeting is done.,personal
1,"Invest N7,000 and get N18,000 in 45 minutes! 100% paying platform guaranteed. Join Telegram: t.me/ng_crypto_doubler",ponzi
0,"Kuda: Credit N34,000.00. Desc: NIP/TRANSFER FROM OLUMIDE. Bal: N549,000.00.",bank_alert
1,"International Oil Company hiring Field Support Staff in Enugu. Earn N350,000 monthly. Send application details via WhatsApp: 08031226995",fake_job
1,DEBT WARNING: CHUKWUEMEKA with phone 08139283109 is a chronic defaulter on EasyCredit. Pay your debt today to avoid publishing your BVN online.,loan_harassment
0,"Access Bank: Credit N36,000.00. Desc: NIP/TRANSFER FROM CHUKWUEMEKA. Bal: N224,000.00.",bank_alert
1,"Federal Govt Empowerment Fund: You are eligible to receive N50,000 relief grant. Claim your grant here: http://fg-empowerment-ng.site",grant_fraud
0,"Glo: Dear Customer, you have used 80% of your daily data bundle. Dial *323# to buy a top-up.",telco_info
1,"Get instant loan of N18,000 directly to your Access Bank account in 2 minutes! No document needed. Download: bit.ly/ng-loan-61",loan_scam
1,"International Oil Company hiring Field Support Staff in Ibadan. Earn N350,000 monthly. Send application details via WhatsApp: 08034853123",fake_job
1,"Get instant loan of N46,000 directly to your UBA account in 2 minutes! No document needed. Download: bit.ly/ng-loan-22",loan_scam
0,"Glo: Dear Customer, you have used 80% of your daily data bundle. Dial *323# to buy a top-up.",telco_info
1,"International Oil Company hiring Field Support Staff in Yaba. Earn N350,000 monthly. Send application details via WhatsApp: 09019639468",fake_job
0,"Bro, abeg transfer N4,000 give me. I dey Port Harcourt like this, money no dey my hand for transport.",personal
0,Good morning ma. Please remember to buy bread and sachet water on your way back from work.,personal
1,"Federal Govt Empowerment Fund: You are eligible to receive N50,000 relief grant. Claim your grant here: http://fg-empowerment-ng.site",grant_fraud
0,"OPay: Your One Time Password (OTP) is 580042 for transfer of N8,000.00 to OLUMIDE. Valid for 5 minutes. DO NOT SHARE.",otp
0,"Kuda: Your One Time Password (OTP) is 188642 for transfer of N3,000.00 to OLUMIDE. Valid for 5 minutes. DO NOT SHARE.",otp
0,"Fidelity: Credit N40,000.00. Desc: NIP/TRANSFER FROM SUNDAY. Bal: N776,000.00.",bank_alert
1,"CONGRATULATIONS! Your mobile number won N108,000 in the 9mobile Promo. Pay N7,000 processing fee to account 0123456789 to receive cash.",advance_fee
0,Guy how far? You go dey online tonight for the match? Make we talk football.,personal
1,URGENT: Your GTBank account has been restricted due to unverified KYC records. Call 09033666731 immediately to update your details.,banking_phishing
0,I have arrived at Lekki. Will call you once the meeting is done.,personal
0,Good morning ma. Please remember to buy bread and sachet water on your way back from work.,personal
1,"Dear customer, your BVN has been flagged for fraud. Kindly text your 11-digit BVN and DOB to 09012002391 to clear your profile.",banking_phishing
1,"JOB OFFER: Urgently recruiting Admin Officers at Enugu, Lagos. Salary: N180,000/month. Text YES to 07031330984 for interview invitation.",fake_job
1,"ALERT: A transaction of N42,000 was attempted on your OPay app. If not you, click http://firstbank-secure-portal.com to block account.",banking_phishing
1,"ALERT: A transaction of N15,000 was attempted on your Kuda app. If not you, click http://gtb-secure-portal.com to block account.",banking_phishing
1,"Central Bank Investment Scheme: N10,000 gives N30,000 in 24 hours. No loss. Call admin on 08020847913 now.",ponzi
1,"International Oil Company hiring Field Support Staff in Ikeja. Earn N350,000 monthly. Send application details via WhatsApp: 07038652308",fake_job
1,"Get instant loan of N48,000 directly to your Kuda account in 2 minutes! No document needed. Download: bit.ly/ng-loan-62",loan_scam
0,I have arrived at Port Harcourt. Will call you once the meeting is done.,personal
0,"MTN: Dear Customer, you have used 80% of your daily data bundle. Dial *323# to buy a top-up.",telco_info
0,"Bro, abeg transfer N6,000 give me. I dey Kano like this, money no dey my hand for transport.",personal
1,"Credit Alert: N935,000.00 credited to your account from OLUMIDE. Ref: TRX76009592. Call 08036420922 if you did not expect this payment.",fake_alert
1,"Dear customer, your BVN has been flagged for fraud. Kindly text your 11-digit BVN and DOB to 09037162996 to clear your profile.",banking_phishing
1,"CONGRATULATIONS! Your mobile number won N107,000 in the 9mobile Promo. Pay N1,000 processing fee to account 0123456789 to receive cash.",advance_fee
1,"Federal Govt Empowerment Fund: You are eligible to receive N50,000 relief grant. Claim your grant here: http://fg-empowerment-ng.site",grant_fraud
1,"Get instant loan of N24,000 directly to your Fidelity account in 2 minutes! No document needed. Download: bit.ly/ng-loan-62",loan_scam
1,"CONGRATULATIONS! Your mobile number won N372,000 in the MTN Promo. Pay N5,000 processing fee to account 0123456789 to receive cash.",advance_fee
0,"9mobile: Dear Customer, you have used 80% of your daily data bundle. Dial *323# to buy a top-up.",telco_info
1,DEBT WARNING: IBRAHIM with phone 09010074491 is a chronic defaulter on QuickLoan. Pay your debt today to avoid publishing your BVN online.,loan_harassment
0,I have arrived at Lekki. Will call you once the meeting is done.,personal
0,Good morning ma. Please remember to buy bread and sachet water on your way back from work.,personal
0,Good morning ma. Please remember to buy bread and sachet water on your way back from work.,personal
0,"Access Bank: Credit N24,000.00. Desc: NIP/TRANSFER FROM IBRAHIM. Bal: N763,000.00.",bank_alert
1,"Dear customer, your BVN has been flagged for fraud. Kindly text your 11-digit BVN and DOB to 08168596969 to clear your profile.",banking_phishing
1,"Central Bank Investment Scheme: N10,000 gives N30,000 in 24 hours. No loss. Call admin on 08161261583 now.",ponzi
0,"Fidelity: Credit N19,000.00. Desc: NIP/TRANSFER FROM CHIOMA. Bal: N766,000.00.",bank_alert
0,Good morning ma. Please remember to buy bread and sachet water on your way back from work.,personal
0,I have arrived at Yaba. Will call you once the meeting is done.,personal
0,"Bro, abeg transfer N7,000 give me. I dey Ibadan like this, money no dey my hand for transport.",personal
1,"International Oil Company hiring Field Support Staff in Yaba. Earn N350,000 monthly. Send application details via WhatsApp: 08136079890",fake_job
1,DEBT WARNING: OLUMIDE with phone 09018062745 is a chronic defaulter on FastCash. Pay your debt today to avoid publishing your BVN online.,loan_harassment
0,"FirstBank: Credit N29,000.00. Desc: NIP/TRANSFER FROM IBRAHIM. Bal: N353,000.00.",bank_alert
1,"Central Bank Investment Scheme: N10,000 gives N30,000 in 24 hours. No loss. Call admin on 08133991403 now.",ponzi
0,"GTBank: Acct 012***9088 Debited: N9,000.00 Desc: POS PURCHASE - Port Harcourt. Bal: N47,000.00.",bank_alert
1,"JOB OFFER: Urgently recruiting Admin Officers at Yaba, Lagos. Salary: N180,000/month. Text YES to 08039975268 for interview invitation.",fake_job
1,"Dear customer, your BVN has been flagged for fraud. Kindly text your 11-digit BVN and DOB to 08137980047 to clear your profile.",banking_phishing
0,Good morning ma. Please remember to buy bread and sachet water on your way back from work.,personal
0,Good morning ma. Please remember to buy bread and sachet water on your way back from work.,personal
1,"JOB OFFER: Urgently recruiting Admin Officers at Lekki, Lagos. Salary: N180,000/month. Text YES to 07037289630 for interview invitation.",fake_job
1,"Get instant loan of N17,000 directly to your PalmPay account in 2 minutes! No document needed. Download: bit.ly/ng-loan-92",loan_scam
0,I have arrived at Lekki. Will call you once the meeting is done.,personal
0,"Fidelity: Your One Time Password (OTP) is 332698 for transfer of N2,000.00 to KELECHI. Valid for 5 minutes. DO NOT SHARE.",otp
0,"Kuda: Your One Time Password (OTP) is 509084 for transfer of N8,000.00 to CHIOMA. Valid for 5 minutes. DO NOT SHARE.",otp
1,"Invest N6,000 and get N47,000 in 45 minutes! 100% paying platform guaranteed. Join Telegram: t.me/ng_crypto_doubler",ponzi
0,"9mobile: Dear Customer, you have used 80% of your daily data bundle. Dial *323# to buy a top-up.",telco_info
1,"Invest N4,000 and get N45,000 in 45 minutes! 100% paying platform guaranteed. Join Telegram: t.me/ng_crypto_doubler",ponzi
0,"9mobile: Dear Customer, you have used 80% of your daily data bundle. Dial *323# to buy a top-up.",telco_info
0,Good morning ma. Please remember to buy bread and sachet water on your way back from work.,personal
1,"Federal Govt Empowerment Fund: You are eligible to receive N50,000 relief grant. Claim your grant here: http://fg-empowerment-ng.site",grant_fraud
1,"Dear customer, your BVN has been flagged for fraud. Kindly text your 11-digit BVN and DOB to 08161958807 to clear your profile.",banking_phishing
0,"Bro, abeg transfer N6,000 give me. I dey Yaba like this, money no dey my hand for transport.",personal
1,"CONGRATULATIONS! Your mobile number won N744,000 in the Airtel Promo. Pay N2,000 processing fee to account 0123456789 to receive cash.",advance_fee
0,"Bro, abeg transfer N4,000 give me. I dey Abuja like this, money no dey my hand for transport.",personal
1,"Invest N7,000 and get N26,000 in 45 minutes! 100% paying platform guaranteed. Join Telegram: t.me/ng_crypto_doubler",ponzi
1,"Credit Alert: N670,000.00 credited to your account from EMMANUEL. Ref: TRX54363784. Call 09015771030 if you did not expect this payment.",fake_alert
1,"Central Bank Investment Scheme: N10,000 gives N30,000 in 24 hours. No loss. Call admin on 07038770078 now.",ponzi
0,"PalmPay: Acct 012***8267 Debited: N8,000.00 Desc: POS PURCHASE - Abuja. Bal: N44,000.00.",bank_alert
1,"Federal Govt Empowerment Fund: You are eligible to receive N50,000 relief grant. Claim your grant here: http://fg-empowerment-ng.site",grant_fraud
1,"JOB OFFER: Urgently recruiting Admin Officers at Ikeja, Lagos. Salary: N180,000/month. Text YES to 08026983317 for interview invitation.",fake_job
0,Guy how far? You go dey online tonight for the match? Make we talk football.,personal
1,DEBT WARNING: KELECHI with phone 08026873977 is a chronic defaulter on EasyCredit. Pay your debt today to avoid publishing your BVN online.,loan_harassment
0,Glo: You have successfully activated 1.5GB Data Plan. Valid for 30 days. Dial *312# to check your data balance.,telco_info
1,URGENT: Your Kuda account has been restricted due to unverified BVN. Call 09033590434 immediately to update your details.,banking_phishing
1,"International Oil Company hiring Field Support Staff in Enugu. Earn N350,000 monthly. Send application details via WhatsApp: 08039938721",fake_job
1,"Credit Alert: N640,000.00 credited to your account from OLUMIDE. Ref: TRX76788701. Call 08160715879 if you did not expect this payment.",fake_alert
0,"OPay: Credit N16,000.00. Desc: NIP/TRANSFER FROM ADAMU. Bal: N652,000.00.",bank_alert
1,URGENT: Your Kuda account has been restricted due to unverified KYC records. Call 09015740284 immediately to update your details.,banking_phishing
0,Glo: You have successfully activated 1.5GB Data Plan. Valid for 30 days. Dial *312# to check your data balance.,telco_info
1,"Invest N5,000 and get N43,000 in 45 minutes! 100% paying platform guaranteed. Join Telegram: t.me/ng_crypto_doubler",ponzi
0,Guy how far? You go dey online tonight for the match? Make we talk football.,personal
0,Guy how far? You go dey online tonight for the match? Make we talk football.,personal
1,DEBT WARNING: IBRAHIM with phone 08121665691 is a chronic defaulter on EasyCredit. Pay your debt today to avoid publishing your BVN online.,loan_harassment
0,Guy how far? You go dey online tonight for the match? Make we talk football.,personal
0,"Glo: Dear Customer, you have used 80% of your daily data bundle. Dial *323# to buy a top-up.",telco_info
0,"OPay: Acct 012***4198 Debited: N3,000.00 Desc: POS PURCHASE - Ikeja. Bal: N30,000.00.",bank_alert
1,"Dear customer, your BVN has been flagged for fraud. Kindly text your 11-digit BVN and DOB to 09032844372 to clear your profile.",banking_phishing
1,URGENT: Your UBA account has been restricted due to unverified KYC records. Call 09012673889 immediately to update your details.,banking_phishing
1,"ALERT: A transaction of N30,000 was attempted on your Kuda app. If not you, click http://zenith-secure-portal.com to block account.",banking_phishing
1,"International Oil Company hiring Field Support Staff in Yaba. Earn N350,000 monthly. Send application details via WhatsApp: 08122372074",fake_job
0,"OPay: Credit N33,000.00. Desc: NIP/TRANSFER FROM EMMANUEL. Bal: N412,000.00.",bank_alert
1,DEBT WARNING: OLUMIDE with phone 09033141350 is a chronic defaulter on EasyCredit. Pay your debt today to avoid publishing your BVN online.,loan_harassment
0,I have arrived at Yaba. Will call you once the meeting is done.,personal
1,"International Oil Company hiring Field Support Staff in Abuja. Earn N350,000 monthly. Send application details via WhatsApp: 08034588679",fake_job
0,I have arrived at Lekki. Will call you once the meeting is done.,personal
0,"Fidelity: Acct 012***2518 Debited: N5,000.00 Desc: POS PURCHASE - Enugu. Bal: N24,000.00.",bank_alert
0,Good morning ma. Please remember to buy bread and sachet water on your way back from work.,personal
1,"International Oil Company hiring Field Support Staff in Lekki. Earn N350,000 monthly. Send application details via WhatsApp: 08039844652",fake_job
0,I have arrived at Ikeja. Will call you once the meeting is done.,personal
0,9mobile: You have successfully activated 1.5GB Data Plan. Valid for 30 days. Dial *312# to check your data balance.,telco_info
0,Guy how far? You go dey online tonight for the match? Make we talk football.,personal
1,"Credit Alert: N667,000.00 credited to your account from KELECHI. Ref: TRX17063059. Call 07030697296 if you did not expect this payment.",fake_alert
0,"Zenith Bank: Your One Time Password (OTP) is 655134 for transfer of N7,000.00 to BLESSING. Valid for 5 minutes. DO NOT SHARE.",otp
1,"Get instant loan of N17,000 directly to your UBA account in 2 minutes! No document needed. Download: bit.ly/ng-loan-22",loan_scam
0,"Bro, abeg transfer N9,000 give me. I dey Lekki like this, money no dey my hand for transport.",personal
0,Good morning ma. Please remember to buy bread and sachet water on your way back from work.,personal
1,DEBT WARNING: KELECHI with phone 07031244788 is a chronic defaulter on PalmCredit. Pay your debt today to avoid publishing your BVN online.,loan_harassment
1,"Credit Alert: N742,000.00 credited to your account from BLESSING. Ref: TRX19318517. Call 07030216980 if you did not expect this payment.",fake_alert
0,Good morning ma. Please remember to buy bread and sachet water on your way back from work.,personal
0,MTN: You have successfully activated 1.5GB Data Plan. Valid for 30 days. Dial *312# to check your data balance.,telco_info
1,URGENT: Your Zenith Bank account has been restricted due to unverified BVN. Call 07032113579 immediately to update your details.,banking_phishing
0,Guy how far? You go dey online tonight for the match? Make we talk football.,personal
1,"Federal Govt Empowerment Fund: You are eligible to receive N50,000 relief grant. Claim your grant here: http://fg-empowerment-ng.site",grant_fraud
1,"CONGRATULATIONS! Your mobile number won N728,000 in the 9mobile Promo. Pay N2,000 processing fee to account 0123456789 to receive cash.",advance_fee
0,9mobile: You have successfully activated 1.5GB Data Plan. Valid for 30 days. Dial *312# to check your data balance.,telco_info
1,"JOB OFFER: Urgently recruiting Admin Officers at Enugu, Lagos. Salary: N180,000/month. Text YES to 08167188626 for interview invitation.",fake_job
0,I have arrived at Enugu. Will call you once the meeting is done.,personal
1,"Get instant loan of N39,000 directly to your Zenith Bank account in 2 minutes! No document needed. Download: bit.ly/ng-loan-28",loan_scam
0,Good morning ma. Please remember to buy bread and sachet water on your way back from work.,personal
0,"Zenith Bank: Credit N34,000.00. Desc: NIP/TRANSFER FROM BLESSING. Bal: N462,000.00.",bank_alert
0,"Fidelity: Acct 012***4913 Debited: N8,000.00 Desc: POS PURCHASE - Ibadan. Bal: N33,000.00.",bank_alert
0,Guy how far? You go dey online tonight for the match? Make we talk football.,personal
1,"CONGRATULATIONS! Your mobile number won N518,000 in the Glo Promo. Pay N9,000 processing fee to account 0123456789 to receive cash.",advance_fee
1,"Credit Alert: N517,000.00 credited to your account from CHUKWUEMEKA. Ref: TRX44462133. Call 07036117341 if you did not expect this payment.",fake_alert
0,"9mobile: Dear Customer, you have used 80% of your daily data bundle. Dial *323# to buy a top-up.",telco_info
1,"Central Bank Investment Scheme: N10,000 gives N30,000 in 24 hours. No loss. Call admin on 08165003814 now.",ponzi
0,Good morning ma. Please remember to buy bread and sachet water on your way back from work.,personal
1,"International Oil Company hiring Field Support Staff in Surulere. Earn N350,000 monthly. Send application details via WhatsApp: 09036694239",fake_job
1,"Credit Alert: N587,000.00 credited to your account from IBRAHIM. Ref: TRX17181290. Call 08029066954 if you did not expect this payment.",fake_alert
0,"PalmPay: Your One Time Password (OTP) is 949330 for transfer of N7,000.00 to KELECHI. Valid for 5 minutes. DO NOT SHARE.",otp
1,"Central Bank Investment Scheme: N10,000 gives N30,000 in 24 hours. No loss. Call admin on 07035245557 now.",ponzi
1,"Credit Alert: N261,000.00 credited to your account from IBRAHIM. Ref: TRX29089440. Call 08138528925 if you did not expect this payment.",fake_alert
1,"Get instant loan of N25,000 directly to your Kuda account in 2 minutes! No document needed. Download: bit.ly/ng-loan-28",loan_scam
0,Good morning ma. Please remember to buy bread and sachet water on your way back from work.,personal
1,"Central Bank Investment Scheme: N10,000 gives N30,000 in 24 hours. No loss. Call admin on 08033771070 now.",ponzi
0,"UBA: Acct 012***1528 Debited: N7,000.00 Desc: POS PURCHASE - Enugu. Bal: N13,000.00.",bank_alert
0,"9mobile: Dear Customer, you have used 80% of your daily data bundle. Dial *323# to buy a top-up.",telco_info
0,Guy how far? You go dey online tonight for the match? Make we talk football.,personal
0,"Access Bank: Acct 012***6979 Debited: N8,000.00 Desc: POS PURCHASE - Enugu. Bal: N45,000.00.",bank_alert
0,"PalmPay: Acct 012***4279 Debited: N2,000.00 Desc: POS PURCHASE - Enugu. Bal: N43,000.00.",bank_alert
0,Good morning ma. Please remember to buy bread and sachet water on your way back from work.,personal
0,"Bro, abeg transfer N1,000 give me. I dey Ibadan like this, money no dey my hand for transport.",personal
1,"Central Bank Investment Scheme: N10,000 gives N30,000 in 24 hours. No loss. Call admin on 09031883744 now.",ponzi
1,"Get instant loan of N47,000 directly to your Access Bank account in 2 minutes! No document needed. Download: bit.ly/ng-loan-76",loan_scam
1,"Invest N4,000 and get N47,000 in 45 minutes! 100% paying platform guaranteed. Join Telegram: t.me/ng_crypto_doubler",ponzi
1,DEBT WARNING: CHUKWUEMEKA with phone 08132230233 is a chronic defaulter on PalmCredit. Pay your debt today to avoid publishing your BVN online.,loan_harassment
1,"Dear customer, your BVN has been flagged for fraud. Kindly text your 11-digit BVN and DOB to 09017186972 to clear your profile.",banking_phishing
0,Airtel: You have successfully activated 1.5GB Data Plan. Valid for 30 days. Dial *312# to check your data balance.,telco_info
0,Airtel: You have successfully activated 1.5GB Data Plan. Valid for 30 days. Dial *312# to check your data balance.,telco_info
1,"Central Bank Investment Scheme: N10,000 gives N30,000 in 24 hours. No loss. Call admin on 08037257975 now.",ponzi
1,URGENT: Your Fidelity account has been restricted due to unverified NIN. Call 08139381240 immediately to update your details.,banking_phishing
1,"International Oil Company hiring Field Support Staff in Port Harcourt. Earn N350,000 monthly. Send application details via WhatsApp: 08130907406",fake_job
0,"Access Bank: Your One Time Password (OTP) is 359783 for transfer of N3,000.00 to IBRAHIM. Valid for 5 minutes. DO NOT SHARE.",otp
0,I have arrived at Ibadan. Will call you once the meeting is done.,personal
0,"Glo: Dear Customer, you have used 80% of your daily data bundle. Dial *323# to buy a top-up.",telco_info
0,"OPay: Credit N33,000.00. Desc: NIP/TRANSFER FROM SUNDAY. Bal: N773,000.00.",bank_alert
0,"Bro, abeg transfer N2,000 give me. I dey Surulere like this, money no dey my hand for transport.",personal
1,"JOB OFFER: Urgently recruiting Admin Officers at Kano, Lagos. Salary: N180,000/month. Text YES to 08137939859 for interview invitation.",fake_job
1,"ALERT: A transaction of N43,000 was attempted on your OPay app. If not you, click http://firstbank-secure-portal.com to block account.",banking_phishing
1,"Federal Govt Empowerment Fund: You are eligible to receive N50,000 relief grant. Claim your grant here: http://fg-empowerment-ng.site",grant_fraud
1,"JOB OFFER: Urgently recruiting Admin Officers at Surulere, Lagos. Salary: N180,000/month. Text YES to 07033197406 for interview invitation.",fake_job
1,"International Oil Company hiring Field Support Staff in Abuja. Earn N350,000 monthly. Send application details via WhatsApp: 08160462268",fake_job
1,"ALERT: A transaction of N25,000 was attempted on your OPay app. If not you, click http://zenith-secure-portal.com to block account.",banking_phishing
0,"Bro, abeg transfer N9,000 give me. I dey Abuja like this, money no dey my hand for transport.",personal
0,"FirstBank: Acct 012***2918 Debited: N1,000.00 Desc: POS PURCHASE - Abuja. Bal: N39,000.00.",bank_alert
0,"Zenith Bank: Your One Time Password (OTP) is 466428 for transfer of N2,000.00 to BLESSING. Valid for 5 minutes. DO NOT SHARE.",otp
0,"Bro, abeg transfer N5,000 give me. I dey Kano like this, money no dey my hand for transport.",personal
1,"JOB OFFER: Urgently recruiting Admin Officers at Yaba, Lagos. Salary: N180,000/month. Text YES to 09014381285 for interview invitation.",fake_job
1,URGENT: Your Zenith Bank account has been restricted due to unverified KYC records. Call 08164471639 immediately to update your details.,banking_phishing
1,"Invest N9,000 and get N18,000 in 45 minutes! 100% paying platform guaranteed. Join Telegram: t.me/ng_crypto_doubler",ponzi
0,Guy how far? You go dey online tonight for the match? Make we talk football.,personal
1,"Credit Alert: N370,000.00 credited to your account from IBRAHIM. Ref: TRX14041006. Call 08161967557 if you did not expect this payment.",fake_alert
0,Good morning ma. Please remember to buy bread and sachet water on your way back from work.,personal
0,"9mobile: Dear Customer, you have used 80% of your daily data bundle. Dial *323# to buy a top-up.",telco_info
1,"Credit Alert: N735,000.00 credited to your account from CHIOMA. Ref: TRX16013383. Call 08125604678 if you did not expect this payment.",fake_alert
1,"Federal Govt Empowerment Fund: You are eligible to receive N50,000 relief grant. Claim your grant here: http://fg-empowerment-ng.site",grant_fraud
1,"Dear customer, your BVN has been flagged for fraud. Kindly text your 11-digit BVN and DOB to 08120388065 to clear your profile.",banking_phishing
1,"International Oil Company hiring Field Support Staff in Ibadan. Earn N350,000 monthly. Send application details via WhatsApp: 08028758804",fake_job
1,"Central Bank Investment Scheme: N10,000 gives N30,000 in 24 hours. No loss. Call admin on 09012843129 now.",ponzi
0,"Airtel: Dear Customer, you have used 80% of your daily data bundle. Dial *323# to buy a top-up.",telco_info
0,"PalmPay: Credit N12,000.00. Desc: NIP/TRANSFER FROM IBRAHIM. Bal: N711,000.00.",bank_alert
0,I have arrived at Port Harcourt. Will call you once the meeting is done.,personal
0,9mobile: You have successfully activated 1.5GB Data Plan. Valid for 30 days. Dial *312# to check your data balance.,telco_info
0,Guy how far? You go dey online tonight for the match? Make we talk football.,personal
0,Good morning ma. Please remember to buy bread and sachet water on your way back from work.,personal
0,I have arrived at Surulere. Will call you once the meeting is done.,personal
0,"Bro, abeg transfer N3,000 give me. I dey Lekki like this, money no dey my hand for transport.",personal
0,I have arrived at Yaba. Will call you once the meeting is done.,personal
1,"CONGRATULATIONS! Your mobile number won N173,000 in the MTN Promo. Pay N9,000 processing fee to account 0123456789 to receive cash.",advance_fee
0,I have arrived at Ibadan. Will call you once the meeting is done.,personal
1,"CONGRATULATIONS! Your mobile number won N101,000 in the MTN Promo. Pay N8,000 processing fee to account 0123456789 to receive cash.",advance_fee
1,"CONGRATULATIONS! Your mobile number won N529,000 in the 9mobile Promo. Pay N7,000 processing fee to account 0123456789 to receive cash.",advance_fee
0,Airtel: You have successfully activated 1.5GB Data Plan. Valid for 30 days. Dial *312# to check your data balance.,telco_info
0,"GTBank: Your One Time Password (OTP) is 954596 for transfer of N6,000.00 to SUNDAY. Valid for 5 minutes. DO NOT SHARE.",otp
0,Airtel: You have successfully activated 1.5GB Data Plan. Valid for 30 days. Dial *312# to check your data balance.,telco_info
0,"Airtel: Dear Customer, you have used 80% of your daily data bundle. Dial *323# to buy a top-up.",telco_info
1,"CONGRATULATIONS! Your mobile number won N456,000 in the 9mobile Promo. Pay N9,000 processing fee to account 0123456789 to receive cash.",advance_fee
1,"CONGRATULATIONS! Your mobile number won N617,000 in the MTN Promo. Pay N1,000 processing fee to account 0123456789 to receive cash.",advance_fee
0,I have arrived at Enugu. Will call you once the meeting is done.,personal
0,Guy how far? You go dey online tonight for the match? Make we talk football.,personal
0,"Glo: Dear Customer, you have used 80% of your daily data bundle. Dial *323# to buy a top-up.",telco_info
1,"Get instant loan of N34,000 directly to your UBA account in 2 minutes! No document needed. Download: bit.ly/ng-loan-10",loan_scam
1,URGENT: Your Fidelity account has been restricted due to unverified KYC records. Call 08130002275 immediately to update your details.,banking_phishing
1,"JOB OFFER: Urgently recruiting Admin Officers at Abuja, Lagos. Salary: N180,000/month. Text YES to 08027852282 for interview invitation.",fake_job
1,"Federal Govt Empowerment Fund: You are eligible to receive N50,000 relief grant. Claim your grant here: http://fg-empowerment-ng.site",grant_fraud
1,"ALERT: A transaction of N15,000 was attempted on your PalmPay app. If not you, click http://gtb-secure-portal.com to block account.",banking_phishing
0,"Bro, abeg transfer N3,000 give me. I dey Abuja like this, money no dey my hand for transport.",personal
1,"CONGRATULATIONS! Your mobile number won N505,000 in the MTN Promo. Pay N4,000 processing fee to account 0123456789 to receive cash.",advance_fee
0,"Zenith Bank: Credit N45,000.00. Desc: NIP/TRANSFER FROM ADAMU. Bal: N861,000.00.",bank_alert
1,"Get instant loan of N20,000 directly to your Zenith Bank account in 2 minutes! No document needed. Download: bit.ly/ng-loan-47",loan_scam
1,"International Oil Company hiring Field Support Staff in Surulere. Earn N350,000 monthly. Send application details via WhatsApp: 08169832891",fake_job
0,"Kuda: Credit N41,000.00. Desc: NIP/TRANSFER FROM KELECHI. Bal: N853,000.00.",bank_alert
0,"Airtel: Dear Customer, you have used 80% of your daily data bundle. Dial *323# to buy a top-up.",telco_info
1,"Federal Govt Empowerment Fund: You are eligible to receive N50,000 relief grant. Claim your grant here: http://fg-empowerment-ng.site",grant_fraud
1,"JOB OFFER: Urgently recruiting Admin Officers at Kano, Lagos. Salary: N180,000/month. Text YES to 09035771371 for interview invitation.",fake_job
0,"Kuda: Credit N33,000.00. Desc: NIP/TRANSFER FROM SUNDAY. Bal: N371,000.00.",bank_alert
0,Good morning ma. Please remember to buy bread and sachet water on your way back from work.,personal
0,Good morning ma. Please remember to buy bread and sachet water on your way back from work.,personal
0,"Zenith Bank: Acct 012***4421 Debited: N3,000.00 Desc: POS PURCHASE - Lekki. Bal: N44,000.00.",bank_alert
0,I have arrived at Abuja. Will call you once the meeting is done.,personal
1,"CONGRATULATIONS! Your mobile number won N391,000 in the Airtel Promo. Pay N2,000 processing fee to account 0123456789 to receive cash.",advance_fee
0,"Bro, abeg transfer N2,000 give me. I dey Lekki like this, money no dey my hand for transport.",personal
1,"Get instant loan of N18,000 directly to your PalmPay account in 2 minutes! No document needed. Download: bit.ly/ng-loan-63",loan_scam
1,URGENT: Your Access Bank account has been restricted due to unverified NIN. Call 08036526776 immediately to update your details.,banking_phishing
1,"CONGRATULATIONS! Your mobile number won N258,000 in the MTN Promo. Pay N2,000 processing fee to account 0123456789 to receive cash.",advance_fee
0,I have arrived at Port Harcourt. Will call you once the meeting is done.,personal
1,"JOB OFFER: Urgently recruiting Admin Officers at Surulere, Lagos. Salary: N180,000/month. Text YES to 08138177998 for interview invitation.",fake_job
1,"JOB OFFER: Urgently recruiting Admin Officers at Ibadan, Lagos. Salary: N180,000/month. Text YES to 08138573125 for interview invitation.",fake_job
1,"ALERT: A transaction of N42,000 was attempted on your OPay app. If not you, click http://access-secure-portal.com to block account.",banking_phishing
0,"Kuda: Acct 012***1921 Debited: N6,000.00 Desc: POS PURCHASE - Yaba. Bal: N46,000.00.",bank_alert
1,"Federal Govt Empowerment Fund: You are eligible to receive N50,000 relief grant. Claim your grant here: http://fg-empowerment-ng.site",grant_fraud
1,"Federal Govt Empowerment Fund: You are eligible to receive N50,000 relief grant. Claim your grant here: http://fg-empowerment-ng.site",grant_fraud
1,"CONGRATULATIONS! Your mobile number won N528,000 in the Glo Promo. Pay N7,000 processing fee to account 0123456789 to receive cash.",advance_fee
0,Guy how far? You go dey online tonight for the match? Make we talk football.,personal
1,"Credit Alert: N110,000.00 credited to your account from ADAMU. Ref: TRX59236216. Call 09030221690 if you did not expect this payment.",fake_alert
1,"Get instant loan of N40,000 directly to your OPay account in 2 minutes! No document needed. Download: bit.ly/ng-loan-62",loan_scam
1,"CONGRATULATIONS! Your mobile number won N882,000 in the Airtel Promo. Pay N7,000 processing fee to account 0123456789 to receive cash.",advance_fee
1,"Invest N5,000 and get N12,000 in 45 minutes! 100% paying platform guaranteed. Join Telegram: t.me/ng_crypto_doubler",ponzi
1,DEBT WARNING: EMMANUEL with phone 09016739293 is a chronic defaulter on FastCash. Pay your debt today to avoid publishing your BVN online.,loan_harassment
1,"JOB OFFER: Urgently recruiting Admin Officers at Surulere, Lagos. Salary: N180,000/month. Text YES to 09034082184 for interview invitation.",fake_job
0,Good morning ma. Please remember to buy bread and sachet water on your way back from work.,personal
0,Good morning ma. Please remember to buy bread and sachet water on your way back from work.,personal
0,"Fidelity: Credit N36,000.00. Desc: NIP/TRANSFER FROM EMMANUEL. Bal: N402,000.00.",bank_alert
0,Airtel: You have successfully activated 1.5GB Data Plan. Valid for 30 days. Dial *312# to check your data balance.,telco_info
1,"JOB OFFER: Urgently recruiting Admin Officers at Ikeja, Lagos. Salary: N180,000/month. Text YES to 09033650882 for interview invitation.",fake_job
0,"GTBank: Your One Time Password (OTP) is 460749 for transfer of N5,000.00 to BLESSING. Valid for 5 minutes. DO NOT SHARE.",otp
1,URGENT: Your Kuda account has been restricted due to unverified NIN. Call 09010908306 immediately to update your details.,banking_phishing
1,"Federal Govt Empowerment Fund: You are eligible to receive N50,000 relief grant. Claim your grant here: http://fg-empowerment-ng.site",grant_fraud
1,"Dear customer, your BVN has been flagged for fraud. Kindly text your 11-digit BVN and DOB to 07030293781 to clear your profile.",banking_phishing
1,"International Oil Company hiring Field Support Staff in Enugu. Earn N350,000 monthly. Send application details via WhatsApp: 08123045018",fake_job
1,URGENT: Your OPay account has been restricted due to unverified KYC records. Call 08031676184 immediately to update your details.,banking_phishing
0,Guy how far? You go dey online tonight for the match? Make we talk football.,personal
0,MTN: You have successfully activated 1.5GB Data Plan. Valid for 30 days. Dial *312# to check your data balance.,telco_info
0,Good morning ma. Please remember to buy bread and sachet water on your way back from work.,personal
1,"International Oil Company hiring Field Support Staff in Yaba. Earn N350,000 monthly. Send application details via WhatsApp: 09019284898",fake_job
0,Guy how far? You go dey online tonight for the match? Make we talk football.,personal
1,"JOB OFFER: Urgently recruiting Admin Officers at Abuja, Lagos. Salary: N180,000/month. Text YES to 08039228343 for interview invitation.",fake_job
1,"Invest N7,000 and get N49,000 in 45 minutes! 100% paying platform guaranteed. Join Telegram: t.me/ng_crypto_doubler",ponzi
0,"Bro, abeg transfer N5,000 give me. I dey Ibadan like this, money no dey my hand for transport.",personal
1,"International Oil Company hiring Field Support Staff in Abuja. Earn N350,000 monthly. Send application details via WhatsApp: 09034919163",fake_job
1,"CONGRATULATIONS! Your mobile number won N910,000 in the Glo Promo. Pay N5,000 processing fee to account 0123456789 to receive cash.",advance_fee
1,"Invest N3,000 and get N49,000 in 45 minutes! 100% paying platform guaranteed. Join Telegram: t.me/ng_crypto_doubler",ponzi
0,Good morning ma. Please remember to buy bread and sachet water on your way back from work.,personal
1,"CONGRATULATIONS! Your mobile number won N265,000 in the Glo Promo. Pay N1,000 processing fee to account 0123456789 to receive cash.",advance_fee
1,"Credit Alert: N760,000.00 credited to your account from IBRAHIM. Ref: TRX55784244. Call 09037687987 if you did not expect this payment.",fake_alert
1,"Get instant loan of N10,000 directly to your GTBank account in 2 minutes! No document needed. Download: bit.ly/ng-loan-17",loan_scam
1,"Federal Govt Empowerment Fund: You are eligible to receive N50,000 relief grant. Claim your grant here: http://fg-empowerment-ng.site",grant_fraud
0,"UBA: Your One Time Password (OTP) is 461250 for transfer of N5,000.00 to CHIOMA. Valid for 5 minutes. DO NOT SHARE.",otp
0,I have arrived at Enugu. Will call you once the meeting is done.,personal
0,"GTBank: Credit N13,000.00. Desc: NIP/TRANSFER FROM CHUKWUEMEKA. Bal: N137,000.00.",bank_alert
0,I have arrived at Enugu. Will call you once the meeting is done.,personal
0,"Glo: Dear Customer, you have used 80% of your daily data bundle. Dial *323# to buy a top-up.",telco_info
0,I have arrived at Lekki. Will call you once the meeting is done.,personal
0,Guy how far? You go dey online tonight for the match? Make we talk football.,personal
0,I have arrived at Lekki. Will call you once the meeting is done.,personal
1,"Federal Govt Empowerment Fund: You are eligible to receive N50,000 relief grant. Claim your grant here: http://fg-empowerment-ng.site",grant_fraud
1,"International Oil Company hiring Field Support Staff in Enugu. Earn N350,000 monthly. Send application details via WhatsApp: 08169476318",fake_job
0,Airtel: You have successfully activated 1.5GB Data Plan. Valid for 30 days. Dial *312# to check your data balance.,telco_info
0,Glo: You have successfully activated 1.5GB Data Plan. Valid for 30 days. Dial *312# to check your data balance.,telco_info
0,"Kuda: Your One Time Password (OTP) is 688034 for transfer of N7,000.00 to ADAMU. Valid for 5 minutes. DO NOT SHARE.",otp
1,"Get instant loan of N47,000 directly to your Zenith Bank account in 2 minutes! No document needed. Download: bit.ly/ng-loan-87",loan_scam
0,"Glo: Dear Customer, you have used 80% of your daily data bundle. Dial *323# to buy a top-up.",telco_info
1,"Dear customer, your BVN has been flagged for fraud. Kindly text your 11-digit BVN and DOB to 07031300113 to clear your profile.",banking_phishing
0,Guy how far? You go dey online tonight for the match? Make we talk football.,personal
1,"Get instant loan of N35,000 directly to your Zenith Bank account in 2 minutes! No document needed. Download: bit.ly/ng-loan-80",loan_scam
1,"Federal Govt Empowerment Fund: You are eligible to receive N50,000 relief grant. Claim your grant here: http://fg-empowerment-ng.site",grant_fraud
0,Good morning ma. Please remember to buy bread and sachet water on your way back from work.,personal
1,"Credit Alert: N480,000.00 credited to your account from IBRAHIM. Ref: TRX63584976. Call 08124632037 if you did not expect this payment.",fake_alert
0,"MTN: Dear Customer, you have used 80% of your daily data bundle. Dial *323# to buy a top-up.",telco_info
0,Guy how far? You go dey online tonight for the match? Make we talk football.,personal
1,"Credit Alert: N394,000.00 credited to your account from BLESSING. Ref: TRX65148305. Call 07032858033 if you did not expect this payment.",fake_alert
0,"Fidelity: Your One Time Password (OTP) is 506711 for transfer of N1,000.00 to IBRAHIM. Valid for 5 minutes. DO NOT SHARE.",otp
1,"Dear customer, your BVN has been flagged for fraud. Kindly text your 11-digit BVN and DOB to 08037019430 to clear your profile.",banking_phishing
0,"Kuda: Your One Time Password (OTP) is 910697 for transfer of N5,000.00 to BLESSING. Valid for 5 minutes. DO NOT SHARE.",otp
1,"ALERT: A transaction of N15,000 was attempted on your PalmPay app. If not you, click http://firstbank-secure-portal.com to block account.",banking_phishing
1,"ALERT: A transaction of N47,000 was attempted on your PalmPay app. If not you, click http://zenith-secure-portal.com to block account.",banking_phishing
1,"CONGRATULATIONS! Your mobile number won N191,000 in the Airtel Promo. Pay N3,000 processing fee to account 0123456789 to receive cash.",advance_fee
1,"International Oil Company hiring Field Support Staff in Lekki. Earn N350,000 monthly. Send application details via WhatsApp: 08030237673",fake_job
1,"JOB OFFER: Urgently recruiting Admin Officers at Ikeja, Lagos. Salary: N180,000/month. Text YES to 08026851635 for interview invitation.",fake_job
1,URGENT: Your PalmPay account has been restricted due to unverified BVN. Call 08024926142 immediately to update your details.,banking_phishing
1,"ALERT: A transaction of N15,000 was attempted on your OPay app. If not you, click http://zenith-secure-portal.com to block account.",banking_phishing
1,"Invest N6,000 and get N13,000 in 45 minutes! 100% paying platform guaranteed. Join Telegram: t.me/ng_crypto_doubler",ponzi
0,I have arrived at Enugu. Will call you once the meeting is done.,personal
1,"Invest N8,000 and get N41,000 in 45 minutes! 100% paying platform guaranteed. Join Telegram: t.me/ng_crypto_doubler",ponzi
0,"FirstBank: Credit N12,000.00. Desc: NIP/TRANSFER FROM ADAMU. Bal: N505,000.00.",bank_alert
1,"JOB OFFER: Urgently recruiting Admin Officers at Abuja, Lagos. Salary: N180,000/month. Text YES to 08039367250 for interview invitation.",fake_job
1,DEBT WARNING: CHUKWUEMEKA with phone 09012034476 is a chronic defaulter on QuickLoan. Pay your debt today to avoid publishing your BVN online.,loan_harassment
1,"CONGRATULATIONS! Your mobile number won N325,000 in the Airtel Promo. Pay N4,000 processing fee to account 0123456789 to receive cash.",advance_fee
1,"CONGRATULATIONS! Your mobile number won N512,000 in the MTN Promo. Pay N7,000 processing fee to account 0123456789 to receive cash.",advance_fee
0,I have arrived at Lekki. Will call you once the meeting is done.,personal
1,URGENT: Your Fidelity account has been restricted due to unverified KYC records. Call 09013161177 immediately to update your details.,banking_phishing
0,"PalmPay: Credit N13,000.00. Desc: NIP/TRANSFER FROM ADAMU. Bal: N321,000.00.",bank_alert
1,"JOB OFFER: Urgently recruiting Admin Officers at Port Harcourt, Lagos. Salary: N180,000/month. Text YES to 07038391730 for interview invitation.",fake_job
1,"International Oil Company hiring Field Support Staff in Lekki. Earn N350,000 monthly. Send application details via WhatsApp: 09030244569",fake_job
0,I have arrived at Kano. Will call you once the meeting is done.,personal
0,"Zenith Bank: Credit N11,000.00. Desc: NIP/TRANSFER FROM IBRAHIM. Bal: N554,000.00.",bank_alert
0,Guy how far? You go dey online tonight for the match? Make we talk football.,personal
1,URGENT: Your FirstBank account has been restricted due to unverified KYC records. Call 09011930485 immediately to update your details.,banking_phishing
1,DEBT WARNING: EMMANUEL with phone 09013620544 is a chronic defaulter on LendNG. Pay your debt today to avoid publishing your BVN online.,loan_harassment
0,"GTBank: Your One Time Password (OTP) is 495535 for transfer of N3,000.00 to CHIOMA. Valid for 5 minutes. DO NOT SHARE.",otp
0,MTN: You have successfully activated 1.5GB Data Plan. Valid for 30 days. Dial *312# to check your data balance.,telco_info
1,"Federal Govt Empowerment Fund: You are eligible to receive N50,000 relief grant. Claim your grant here: http://fg-empowerment-ng.site",grant_fraud
0,"Bro, abeg transfer N5,000 give me. I dey Lekki like this, money no dey my hand for transport.",personal
1,"International Oil Company hiring Field Support Staff in Lekki. Earn N350,000 monthly. Send application details via WhatsApp: 07031034113",fake_job
1,"Get instant loan of N31,000 directly to your GTBank account in 2 minutes! No document needed. Download: bit.ly/ng-loan-61",loan_scam
0,Good morning ma. Please remember to buy bread and sachet water on your way back from work.,personal
0,Guy how far? You go dey online tonight for the match? Make we talk football.,personal
0,Guy how far? You go dey online tonight for the match? Make we talk football.,personal
1,"International Oil Company hiring Field Support Staff in Ikeja. Earn N350,000 monthly. Send application details via WhatsApp: 08166100235",fake_job
1,"International Oil Company hiring Field Support Staff in Kano. Earn N350,000 monthly. Send application details via WhatsApp: 09010774065",fake_job
1,"Dear customer, your BVN has been flagged for fraud. Kindly text your 11-digit BVN and DOB to 08035552517 to clear your profile.",banking_phishing
1,URGENT: Your UBA account has been restricted due to unverified BVN. Call 08136729466 immediately to update your details.,banking_phishing
0,Guy how far? You go dey online tonight for the match? Make we talk football.,personal
0,"UBA: Your One Time Password (OTP) is 647959 for transfer of N6,000.00 to CHUKWUEMEKA. Valid for 5 minutes. DO NOT SHARE.",otp
0,"Kuda: Acct 012***7801 Debited: N8,000.00 Desc: POS PURCHASE - Lekki. Bal: N44,000.00.",bank_alert
0,Good morning ma. Please remember to buy bread and sachet water on your way back from work.,personal
0,Good morning ma. Please remember to buy bread and sachet water on your way back from work.,personal
1,"Central Bank Investment Scheme: N10,000 gives N30,000 in 24 hours. No loss. Call admin on 07032359288 now.",ponzi
0,I have arrived at Abuja. Will call you once the meeting is done.,personal
0,Guy how far? You go dey online tonight for the match? Make we talk football.,personal
1,"Invest N7,000 and get N23,000 in 45 minutes! 100% paying platform guaranteed. Join Telegram: t.me/ng_crypto_doubler",ponzi
1,"International Oil Company hiring Field Support Staff in Ibadan. Earn N350,000 monthly. Send application details via WhatsApp: 07036794036",fake_job
0,"Access Bank: Acct 012***4984 Debited: N8,000.00 Desc: POS PURCHASE - Enugu. Bal: N45,000.00.",bank_alert
1,"Get instant loan of N45,000 directly to your Kuda account in 2 minutes! No document needed. Download: bit.ly/ng-loan-76",loan_scam
1,"Federal Govt Empowerment Fund: You are eligible to receive N50,000 relief grant. Claim your grant here: http://fg-empowerment-ng.site",grant_fraud
0,Glo: You have successfully activated 1.5GB Data Plan. Valid for 30 days. Dial *312# to check your data balance.,telco_info
1,"Invest N2,000 and get N23,000 in 45 minutes! 100% paying platform guaranteed. Join Telegram: t.me/ng_crypto_doubler",ponzi
0,"Glo: Dear Customer, you have used 80% of your daily data bundle. Dial *323# to buy a top-up.",telco_info
1,"International Oil Company hiring Field Support Staff in Kano. Earn N350,000 monthly. Send application details via WhatsApp: 08037984870",fake_job
0,"Zenith Bank: Your One Time Password (OTP) is 875756 for transfer of N7,000.00 to KELECHI. Valid for 5 minutes. DO NOT SHARE.",otp
1,"International Oil Company hiring Field Support Staff in Enugu. Earn N350,000 monthly. Send application details via WhatsApp: 09039051502",fake_job
0,"Kuda: Acct 012***7545 Debited: N8,000.00 Desc: POS PURCHASE - Ikeja. Bal: N34,000.00.",bank_alert
1,"JOB OFFER: Urgently recruiting Admin Officers at Port Harcourt, Lagos. Salary: N180,000/month. Text YES to 08136626437 for interview invitation.",fake_job
0,"Kuda: Your One Time Password (OTP) is 130750 for transfer of N9,000.00 to IBRAHIM. Valid for 5 minutes. DO NOT SHARE.",otp
1,URGENT: Your GTBank account has been restricted due to unverified BVN. Call 08129028013 immediately to update your details.,banking_phishing
0,"Kuda: Credit N49,000.00. Desc: NIP/TRANSFER FROM KELECHI. Bal: N686,000.00.",bank_alert
0,"9mobile: Dear Customer, you have used 80% of your daily data bundle. Dial *323# to buy a top-up.",telco_info
1,URGENT: Your Zenith Bank account has been restricted due to unverified NIN. Call 07036909363 immediately to update your details.,banking_phishing
1,DEBT WARNING: EMMANUEL with phone 08138237084 is a chronic defaulter on LendNG. Pay your debt today to avoid publishing your BVN online.,loan_harassment
0,"MTN: Dear Customer, you have used 80% of your daily data bundle. Dial *323# to buy a top-up.",telco_info
1,"CONGRATULATIONS! Your mobile number won N940,000 in the 9mobile Promo. Pay N8,000 processing fee to account 0123456789 to receive cash.",advance_fee
0,"Airtel: Dear Customer, you have used 80% of your daily data bundle. Dial *323# to buy a top-up.",telco_info
0,"OPay: Acct 012***9699 Debited: N4,000.00 Desc: POS PURCHASE - Surulere. Bal: N50,000.00.",bank_alert
1,"Federal Govt Empowerment Fund: You are eligible to receive N50,000 relief grant. Claim your grant here: http://fg-empowerment-ng.site",grant_fraud
1,"Dear customer, your BVN has been flagged for fraud. Kindly text your 11-digit BVN and DOB to 08038942660 to clear your profile.",banking_phishing
0,"GTBank: Your One Time Password (OTP) is 790198 for transfer of N5,000.00 to ADAMU. Valid for 5 minutes. DO NOT SHARE.",otp
0,"Glo: Dear Customer, you have used 80% of your daily data bundle. Dial *323# to buy a top-up.",telco_info
0,"Airtel: Dear Customer, you have used 80% of your daily data bundle. Dial *323# to buy a top-up.",telco_info
0,I have arrived at Kano. Will call you once the meeting is done.,personal
1,"Federal Govt Empowerment Fund: You are eligible to receive N50,000 relief grant. Claim your grant here: http://fg-empowerment-ng.site",grant_fraud
1,DEBT WARNING: CHUKWUEMEKA with phone 08122700934 is a chronic defaulter on EasyCredit. Pay your debt today to avoid publishing your BVN online.,loan_harassment
0,"FirstBank: Acct 012***8797 Debited: N9,000.00 Desc: POS PURCHASE - Yaba. Bal: N26,000.00.",bank_alert
0,Good morning ma. Please remember to buy bread and sachet water on your way back from work.,personal
0,Good morning ma. Please remember to buy bread and sachet water on your way back from work.,personal
0,"Bro, abeg transfer N5,000 give me. I dey Kano like this, money no dey my hand for transport.",personal
1,"Federal Govt Empowerment Fund: You are eligible to receive N50,000 relief grant. Claim your grant here: http://fg-empowerment-ng.site",grant_fraud
0,"Kuda: Credit N13,000.00. Desc: NIP/TRANSFER FROM ADAMU. Bal: N893,000.00.",bank_alert
0,"OPay: Acct 012***5230 Debited: N5,000.00 Desc: POS PURCHASE - Ibadan. Bal: N12,000.00.",bank_alert
1,"Central Bank Investment Scheme: N10,000 gives N30,000 in 24 hours. No loss. Call admin on 08023221249 now.",ponzi
0,"Kuda: Acct 012***6335 Debited: N3,000.00 Desc: POS PURCHASE - Kano. Bal: N40,000.00.",bank_alert
1,"Central Bank Investment Scheme: N10,000 gives N30,000 in 24 hours. No loss. Call admin on 08126853074 now.",ponzi
0,Airtel: You have successfully activated 1.5GB Data Plan. Valid for 30 days. Dial *312# to check your data balance.,telco_info
1,"ALERT: A transaction of N37,000 was attempted on your GTBank app. If not you, click http://firstbank-secure-portal.com to block account.",banking_phishing
0,"PalmPay: Your One Time Password (OTP) is 963565 for transfer of N4,000.00 to KELECHI. Valid for 5 minutes. DO NOT SHARE.",otp
0,"Bro, abeg transfer N8,000 give me. I dey Lekki like this, money no dey my hand for transport.",personal
1,"ALERT: A transaction of N18,000 was attempted on your UBA app. If not you, click http://zenith-secure-portal.com to block account.",banking_phishing
1,"Credit Alert: N755,000.00 credited to your account from SUNDAY. Ref: TRX42025954. Call 09013108124 if you did not expect this payment.",fake_alert
0,"FirstBank: Your One Time Password (OTP) is 605020 for transfer of N4,000.00 to CHIOMA. Valid for 5 minutes. DO NOT SHARE.",otp
0,"Access Bank: Credit N41,000.00. Desc: NIP/TRANSFER FROM CHIOMA. Bal: N859,000.00.",bank_alert
1,DEBT WARNING: CHIOMA with phone 08160834062 is a chronic defaulter on LendNG. Pay your debt today to avoid publishing your BVN online.,loan_harassment
1,"Get instant loan of N25,000 directly to your UBA account in 2 minutes! No document needed. Download: bit.ly/ng-loan-31",loan_scam
0,"PalmPay: Your One Time Password (OTP) is 305505 for transfer of N5,000.00 to EMMANUEL. Valid for 5 minutes. DO NOT SHARE.",otp
1,"Get instant loan of N10,000 directly to your Zenith Bank account in 2 minutes! No document needed. Download: bit.ly/ng-loan-65",loan_scam
0,Good morning ma. Please remember to buy bread and sachet water on your way back from work.,personal
1,"JOB OFFER: Urgently recruiting Admin Officers at Ikeja, Lagos. Salary: N180,000/month. Text YES to 08168134095 for interview invitation.",fake_job
0,I have arrived at Surulere. Will call you once the meeting is done.,personal
1,URGENT: Your GTBank account has been restricted due to unverified KYC records. Call 09030476143 immediately to update your details.,banking_phishing
1,URGENT: Your Fidelity account has been restricted due to unverified KYC records. Call 08135186387 immediately to update your details.,banking_phishing
1,DEBT WARNING: KELECHI with phone 08130213671 is a chronic defaulter on LendNG. Pay your debt today to avoid publishing your BVN online.,loan_harassment
1,"Invest N7,000 and get N44,000 in 45 minutes! 100% paying platform guaranteed. Join Telegram: t.me/ng_crypto_doubler",ponzi
1,"Dear customer, your BVN has been flagged for fraud. Kindly text your 11-digit BVN and DOB to 09015709919 to clear your profile.",banking_phishing
1,"Federal Govt Empowerment Fund: You are eligible to receive N50,000 relief grant. Claim your grant here: http://fg-empowerment-ng.site",grant_fraud
0,Good morning ma. Please remember to buy bread and sachet water on your way back from work.,personal
0,I have arrived at Enugu. Will call you once the meeting is done.,personal
0,MTN: You have successfully activated 1.5GB Data Plan. Valid for 30 days. Dial *312# to check your data balance.,telco_info
0,"PalmPay: Your One Time Password (OTP) is 886450 for transfer of N5,000.00 to BLESSING. Valid for 5 minutes. DO NOT SHARE.",otp
1,"JOB OFFER: Urgently recruiting Admin Officers at Kano, Lagos. Salary: N180,000/month. Text YES to 08164869800 for interview invitation.",fake_job
0,Guy how far? You go dey online tonight for the match? Make we talk football.,personal
0,Glo: You have successfully activated 1.5GB Data Plan. Valid for 30 days. Dial *312# to check your data balance.,telco_info
1,"JOB OFFER: Urgently recruiting Admin Officers at Lekki, Lagos. Salary: N180,000/month. Text YES to 09038548709 for interview invitation.",fake_job
1,DEBT WARNING: CHIOMA with phone 08160103930 is a chronic defaulter on EasyCredit. Pay your debt today to avoid publishing your BVN online.,loan_harassment
1,"International Oil Company hiring Field Support Staff in Lekki. Earn N350,000 monthly. Send application details via WhatsApp: 08139557016",fake_job
1,"ALERT: A transaction of N40,000 was attempted on your OPay app. If not you, click http://gtb-secure-portal.com to block account.",banking_phishing
1,"Federal Govt Empowerment Fund: You are eligible to receive N50,000 relief grant. Claim your grant here: http://fg-empowerment-ng.site",grant_fraud
1,"Federal Govt Empowerment Fund: You are eligible to receive N50,000 relief grant. Claim your grant here: http://fg-empowerment-ng.site",grant_fraud
1,"International Oil Company hiring Field Support Staff in Yaba. Earn N350,000 monthly. Send application details via WhatsApp: 08164939166",fake_job
0,"Access Bank: Acct 012***4654 Debited: N3,000.00 Desc: POS PURCHASE - Port Harcourt. Bal: N18,000.00.",bank_alert
0,Guy how far? You go dey online tonight for the match? Make we talk football.,personal
1,"Credit Alert: N504,000.00 credited to your account from OLUMIDE. Ref: TRX38467658. Call 08132670456 if you did not expect this payment.",fake_alert
1,"Get instant loan of N27,000 directly to your Kuda account in 2 minutes! No document needed. Download: bit.ly/ng-loan-32",loan_scam
1,URGENT: Your PalmPay account has been restricted due to unverified NIN. Call 09017019743 immediately to update your details.,banking_phishing
0,"FirstBank: Acct 012***8595 Debited: N5,000.00 Desc: POS PURCHASE - Ikeja. Bal: N34,000.00.",bank_alert
1,"Central Bank Investment Scheme: N10,000 gives N30,000 in 24 hours. No loss. Call admin on 07037167569 now.",ponzi
1,"International Oil Company hiring Field Support Staff in Ibadan. Earn N350,000 monthly. Send application details via WhatsApp: 08022153539",fake_job
1,DEBT WARNING: CHIOMA with phone 09037327222 is a chronic defaulter on EasyCredit. Pay your debt today to avoid publishing your BVN online.,loan_harassment
1,URGENT: Your UBA account has been restricted due to unverified KYC records. Call 09011097921 immediately to update your details.,banking_phishing
1,"Get instant loan of N22,000 directly to your Zenith Bank account in 2 minutes! No document needed. Download: bit.ly/ng-loan-33",loan_scam
1,"Get instant loan of N37,000 directly to your Fidelity account in 2 minutes! No document needed. Download: bit.ly/ng-loan-96",loan_scam
0,Good morning ma. Please remember to buy bread and sachet water on your way back from work.,personal
1,URGENT: Your Fidelity account has been restricted due to unverified KYC records. Call 07038898331 immediately to update your details.,banking_phishing
1,"International Oil Company hiring Field Support Staff in Abuja. Earn N350,000 monthly. Send application details via WhatsApp: 08029137804",fake_job
1,"Federal Govt Empowerment Fund: You are eligible to receive N50,000 relief grant. Claim your grant here: http://fg-empowerment-ng.site",grant_fraud
1,"ALERT: A transaction of N18,000 was attempted on your Access Bank app. If not you, click http://access-secure-portal.com to block account.",banking_phishing
1,URGENT: Your PalmPay account has been restricted due to unverified NIN. Call 09036705330 immediately to update your details.,banking_phishing
1,"Central Bank Investment Scheme: N10,000 gives N30,000 in 24 hours. No loss. Call admin on 08020066890 now.",ponzi
1,"Credit Alert: N667,000.00 credited to your account from CHIOMA. Ref: TRX37812524. Call 09030108018 if you did not expect this payment.",fake_alert
1,"CONGRATULATIONS! Your mobile number won N708,000 in the MTN Promo. Pay N5,000 processing fee to account 0123456789 to receive cash.",advance_fee
1,"CONGRATULATIONS! Your mobile number won N655,000 in the Airtel Promo. Pay N4,000 processing fee to account 0123456789 to receive cash.",advance_fee
1,"Dear customer, your BVN has been flagged for fraud. Kindly text your 11-digit BVN and DOB to 09037450716 to clear your profile.",banking_phishing
1,"International Oil Company hiring Field Support Staff in Surulere. Earn N350,000 monthly. Send application details via WhatsApp: 08127079032",fake_job
0,Good morning ma. Please remember to buy bread and sachet water on your way back from work.,personal
0,9mobile: You have successfully activated 1.5GB Data Plan. Valid for 30 days. Dial *312# to check your data balance.,telco_info
0,Good morning ma. Please remember to buy bread and sachet water on your way back from work.,personal
1,"International Oil Company hiring Field Support Staff in Surulere. Earn N350,000 monthly. Send application details via WhatsApp: 08132983954",fake_job
0,"UBA: Credit N13,000.00. Desc: NIP/TRANSFER FROM CHIOMA. Bal: N700,000.00.",bank_alert
1,"Get instant loan of N39,000 directly to your Fidelity account in 2 minutes! No document needed. Download: bit.ly/ng-loan-32",loan_scam
1,"International Oil Company hiring Field Support Staff in Yaba. Earn N350,000 monthly. Send application details via WhatsApp: 08034310772",fake_job
0,Good morning ma. Please remember to buy bread and sachet water on your way back from work.,personal
0,Guy how far? You go dey online tonight for the match? Make we talk football.,personal
1,"ALERT: A transaction of N38,000 was attempted on your PalmPay app. If not you, click http://zenith-secure-portal.com to block account.",banking_phishing
0,Good morning ma. Please remember to buy bread and sachet water on your way back from work.,personal
1,"Dear customer, your BVN has been flagged for fraud. Kindly text your 11-digit BVN and DOB to 08032811117 to clear your profile.",banking_phishing
0,"FirstBank: Acct 012***8537 Debited: N8,000.00 Desc: POS PURCHASE - Surulere. Bal: N48,000.00.",bank_alert
1,"JOB OFFER: Urgently recruiting Admin Officers at Abuja, Lagos. Salary: N180,000/month. Text YES to 08022971922 for interview invitation.",fake_job
0,"UBA: Your One Time Password (OTP) is 415920 for transfer of N3,000.00 to KELECHI. Valid for 5 minutes. DO NOT SHARE.",otp
0,Glo: You have successfully activated 1.5GB Data Plan. Valid for 30 days. Dial *312# to check your data balance.,telco_info
0,"Bro, abeg transfer N2,000 give me. I dey Kano like this, money no dey my hand for transport.",personal
0,Guy how far? You go dey online tonight for the match? Make we talk football.,personal
0,"FirstBank: Your One Time Password (OTP) is 242107 for transfer of N7,000.00 to EMMANUEL. Valid for 5 minutes. DO NOT SHARE.",otp
1,"Get instant loan of N42,000 directly to your UBA account in 2 minutes! No document needed. Download: bit.ly/ng-loan-11",loan_scam
0,MTN: You have successfully activated 1.5GB Data Plan. Valid for 30 days. Dial *312# to check your data balance.,telco_info
1,"International Oil Company hiring Field Support Staff in Ikeja. Earn N350,000 monthly. Send application details via WhatsApp: 07035657267",fake_job
0,I have arrived at Yaba. Will call you once the meeting is done.,personal
1,"Credit Alert: N865,000.00 credited to your account from KELECHI. Ref: TRX30657284. Call 08167146733 if you did not expect this payment.",fake_alert
0,MTN: You have successfully activated 1.5GB Data Plan. Valid for 30 days. Dial *312# to check your data balance.,telco_info
0,"Bro, abeg transfer N2,000 give me. I dey Yaba like this, money no dey my hand for transport.",personal
1,"Get instant loan of N36,000 directly to your PalmPay account in 2 minutes! No document needed. Download: bit.ly/ng-loan-50",loan_scam
0,"UBA: Your One Time Password (OTP) is 524745 for transfer of N5,000.00 to OLUMIDE. Valid for 5 minutes. DO NOT SHARE.",otp
1,"Central Bank Investment Scheme: N10,000 gives N30,000 in 24 hours. No loss. Call admin on 08030964614 now.",ponzi
1,"Federal Govt Empowerment Fund: You are eligible to receive N50,000 relief grant. Claim your grant here: http://fg-empowerment-ng.site",grant_fraud
0,Guy how far? You go dey online tonight for the match? Make we talk football.,personal
1,URGENT: Your GTBank account has been restricted due to unverified BVN. Call 08038964353 immediately to update your details.,banking_phishing
1,"Get instant loan of N31,000 directly to your Fidelity account in 2 minutes! No document needed. Download: bit.ly/ng-loan-80",loan_scam
0,"Bro, abeg transfer N5,000 give me. I dey Surulere like this, money no dey my hand for transport.",personal
1,"ALERT: A transaction of N41,000 was attempted on your Fidelity app. If not you, click http://zenith-secure-portal.com to block account.",banking_phishing
1,"Get instant loan of N33,000 directly to your Zenith Bank account in 2 minutes! No document needed. Download: bit.ly/ng-loan-94",loan_scam
1,"CONGRATULATIONS! Your mobile number won N350,000 in the Airtel Promo. Pay N9,000 processing fee to account 0123456789 to receive cash.",advance_fee
0,MTN: You have successfully activated 1.5GB Data Plan. Valid for 30 days. Dial *312# to check your data balance.,telco_info
0,"Zenith Bank: Acct 012***5229 Debited: N7,000.00 Desc: POS PURCHASE - Ibadan. Bal: N25,000.00.",bank_alert
1,"Credit Alert: N817,000.00 credited to your account from ADAMU. Ref: TRX72686674. Call 09034260600 if you did not expect this payment.",fake_alert
0,"FirstBank: Credit N12,000.00. Desc: NIP/TRANSFER FROM EMMANUEL. Bal: N865,000.00.",bank_alert
1,"Federal Govt Empowerment Fund: You are eligible to receive N50,000 relief grant. Claim your grant here: http://fg-empowerment-ng.site",grant_fraud
1,"JOB OFFER: Urgently recruiting Admin Officers at Port Harcourt, Lagos. Salary: N180,000/month. Text YES to 09019617088 for interview invitation.",fake_job
0,"UBA: Credit N10,000.00. Desc: NIP/TRANSFER FROM CHUKWUEMEKA. Bal: N666,000.00.",bank_alert
0,MTN: You have successfully activated 1.5GB Data Plan. Valid for 30 days. Dial *312# to check your data balance.,telco_info
1,"CONGRATULATIONS! Your mobile number won N613,000 in the Glo Promo. Pay N4,000 processing fee to account 0123456789 to receive cash.",advance_fee
0,"PalmPay: Your One Time Password (OTP) is 986329 for transfer of N2,000.00 to SUNDAY. Valid for 5 minutes. DO NOT SHARE.",otp
1,"Get instant loan of N24,000 directly to your OPay account in 2 minutes! No document needed. Download: bit.ly/ng-loan-25",loan_scam
0,Guy how far? You go dey online tonight for the match? Make we talk football.,personal
1,"Invest N3,000 and get N22,000 in 45 minutes! 100% paying platform guaranteed. Join Telegram: t.me/ng_crypto_doubler",ponzi
1,DEBT WARNING: SUNDAY with phone 08168475904 is a chronic defaulter on LendNG. Pay your debt today to avoid publishing your BVN online.,loan_harassment
0,Good morning ma. Please remember to buy bread and sachet water on your way back from work.,personal
0,"Kuda: Your One Time Password (OTP) is 400947 for transfer of N9,000.00 to SUNDAY. Valid for 5 minutes. DO NOT SHARE.",otp
1,"Dear customer, your BVN has been flagged for fraud. Kindly text your 11-digit BVN and DOB to 08166193487 to clear your profile.",banking_phishing
1,"Get instant loan of N44,000 directly to your Kuda account in 2 minutes! No document needed. Download: bit.ly/ng-loan-82",loan_scam
1,"Credit Alert: N842,000.00 credited to your account from OLUMIDE. Ref: TRX96173002. Call 08020257432 if you did not expect this payment.",fake_alert
0,Guy how far? You go dey online tonight for the match? Make we talk football.,personal
1,"Invest N2,000 and get N33,000 in 45 minutes! 100% paying platform guaranteed. Join Telegram: t.me/ng_crypto_doubler",ponzi
0,9mobile: You have successfully activated 1.5GB Data Plan. Valid for 30 days. Dial *312# to check your data balance.,telco_info
1,"Central Bank Investment Scheme: N10,000 gives N30,000 in 24 hours. No loss. Call admin on 08021671230 now.",ponzi
0,I have arrived at Lekki. Will call you once the meeting is done.,personal
1,"ALERT: A transaction of N32,000 was attempted on your OPay app. If not you, click http://firstbank-secure-portal.com to block account.",banking_phishing
1,"International Oil Company hiring Field Support Staff in Yaba. Earn N350,000 monthly. Send application details via WhatsApp: 08168768868",fake_job
1,"Federal Govt Empowerment Fund: You are eligible to receive N50,000 relief grant. Claim your grant here: http://fg-empowerment-ng.site",grant_fraud
1,"International Oil Company hiring Field Support Staff in Port Harcourt. Earn N350,000 monthly. Send application details via WhatsApp: 08034157473",fake_job
1,"International Oil Company hiring Field Support Staff in Surulere. Earn N350,000 monthly. Send application details via WhatsApp: 08169414550",fake_job
0,"Access Bank: Your One Time Password (OTP) is 481820 for transfer of N6,000.00 to KELECHI. Valid for 5 minutes. DO NOT SHARE.",otp
0,"Kuda: Acct 012***6490 Debited: N7,000.00 Desc: POS PURCHASE - Abuja. Bal: N31,000.00.",bank_alert
1,"International Oil Company hiring Field Support Staff in Lekki. Earn N350,000 monthly. Send application details via WhatsApp: 08022975572",fake_job
0,"Glo: Dear Customer, you have used 80% of your daily data bundle. Dial *323# to buy a top-up.",telco_info
0,"MTN: Dear Customer, you have used 80% of your daily data bundle. Dial *323# to buy a top-up.",telco_info
1,"JOB OFFER: Urgently recruiting Admin Officers at Yaba, Lagos. Salary: N180,000/month. Text YES to 08166881559 for interview invitation.",fake_job
1,"Central Bank Investment Scheme: N10,000 gives N30,000 in 24 hours. No loss. Call admin on 08161616088 now.",ponzi
0,"Bro, abeg transfer N4,000 give me. I dey Lekki like this, money no dey my hand for transport.",personal
1,URGENT: Your FirstBank account has been restricted due to unverified BVN. Call 08039806572 immediately to update your details.,banking_phishing
0,"GTBank: Acct 012***4552 Debited: N8,000.00 Desc: POS PURCHASE - Yaba. Bal: N35,000.00.",bank_alert
1,"CONGRATULATIONS! Your mobile number won N916,000 in the MTN Promo. Pay N8,000 processing fee to account 0123456789 to receive cash.",advance_fee
1,"Credit Alert: N322,000.00 credited to your account from BLESSING. Ref: TRX68916591. Call 08021907903 if you did not expect this payment.",fake_alert
0,"Bro, abeg transfer N2,000 give me. I dey Surulere like this, money no dey my hand for transport.",personal
0,"PalmPay: Acct 012***1796 Debited: N9,000.00 Desc: POS PURCHASE - Lekki. Bal: N41,000.00.",bank_alert
0,"Kuda: Acct 012***3047 Debited: N3,000.00 Desc: POS PURCHASE - Ikeja. Bal: N27,000.00.",bank_alert
1,"JOB OFFER: Urgently recruiting Admin Officers at Enugu, Lagos. Salary: N180,000/month. Text YES to 08133699879 for interview invitation.",fake_job
1,DEBT WARNING: EMMANUEL with phone 08029588373 is a chronic defaulter on LendNG. Pay your debt today to avoid publishing your BVN online.,loan_harassment
1,"Get instant loan of N17,000 directly to your Zenith Bank account in 2 minutes! No document needed. Download: bit.ly/ng-loan-60",loan_scam
0,"Kuda: Your One Time Password (OTP) is 354199 for transfer of N2,000.00 to ADAMU. Valid for 5 minutes. DO NOT SHARE.",otp
0,"Access Bank: Acct 012***8559 Debited: N4,000.00 Desc: POS PURCHASE - Surulere. Bal: N16,000.00.",bank_alert
1,URGENT: Your Kuda account has been restricted due to unverified KYC records. Call 09030682897 immediately to update your details.,banking_phishing
1,URGENT: Your GTBank account has been restricted due to unverified BVN. Call 07039344991 immediately to update your details.,banking_phishing
0,"GTBank: Your One Time Password (OTP) is 909394 for transfer of N9,000.00 to IBRAHIM. Valid for 5 minutes. DO NOT SHARE.",otp
1,"Invest N2,000 and get N17,000 in 45 minutes! 100% paying platform guaranteed. Join Telegram: t.me/ng_crypto_doubler",ponzi
1,"JOB OFFER: Urgently recruiting Admin Officers at Surulere, Lagos. Salary: N180,000/month. Text YES to 09032942066 for interview invitation.",fake_job
1,"ALERT: A transaction of N19,000 was attempted on your Zenith Bank app. If not you, click http://gtb-secure-portal.com to block account.",banking_phishing
1,"CONGRATULATIONS! Your mobile number won N860,000 in the Airtel Promo. Pay N7,000 processing fee to account 0123456789 to receive cash.",advance_fee
0,MTN: You have successfully activated 1.5GB Data Plan. Valid for 30 days. Dial *312# to check your data balance.,telco_info
0,Glo: You have successfully activated 1.5GB Data Plan. Valid for 30 days. Dial *312# to check your data balance.,telco_info
0,Guy how far? You go dey online tonight for the match? Make we talk football.,personal
0,"UBA: Acct 012***4850 Debited: N6,000.00 Desc: POS PURCHASE - Kano. Bal: N31,000.00.",bank_alert
0,Good morning ma. Please remember to buy bread and sachet water on your way back from work.,personal
0,"Zenith Bank: Credit N41,000.00. Desc: NIP/TRANSFER FROM BLESSING. Bal: N863,000.00.",bank_alert
0,"Bro, abeg transfer N1,000 give me. I dey Kano like this, money no dey my hand for transport.",personal
0,"Bro, abeg transfer N6,000 give me. I dey Lekki like this, money no dey my hand for transport.",personal
1,"Get instant loan of N28,000 directly to your OPay account in 2 minutes! No document needed. Download: bit.ly/ng-loan-48",loan_scam
1,"Central Bank Investment Scheme: N10,000 gives N30,000 in 24 hours. No loss. Call admin on 08164898622 now.",ponzi
0,Good morning ma. Please remember to buy bread and sachet water on your way back from work.,personal
0,Airtel: You have successfully activated 1.5GB Data Plan. Valid for 30 days. Dial *312# to check your data balance.,telco_info
0,I have arrived at Lekki. Will call you once the meeting is done.,personal
0,Guy how far? You go dey online tonight for the match? Make we talk football.,personal
0,Guy how far? You go dey online tonight for the match? Make we talk football.,personal
1,"Central Bank Investment Scheme: N10,000 gives N30,000 in 24 hours. No loss. Call admin on 08030000015 now.",ponzi
1,"Get instant loan of N29,000 directly to your Zenith Bank account in 2 minutes! No document needed. Download: bit.ly/ng-loan-75",loan_scam
1,"Dear customer, your BVN has been flagged for fraud. Kindly text your 11-digit BVN and DOB to 08027542698 to clear your profile.",banking_phishing
1,"Central Bank Investment Scheme: N10,000 gives N30,000 in 24 hours. No loss. Call admin on 08032907542 now.",ponzi
0,"Glo: Dear Customer, you have used 80% of your daily data bundle. Dial *323# to buy a top-up.",telco_info
0,"Access Bank: Your One Time Password (OTP) is 743052 for transfer of N3,000.00 to KELECHI. Valid for 5 minutes. DO NOT SHARE.",otp
0,MTN: You have successfully activated 1.5GB Data Plan. Valid for 30 days. Dial *312# to check your data balance.,telco_info
0,"Bro, abeg transfer N5,000 give me. I dey Kano like this, money no dey my hand for transport.",personal
1,"Get instant loan of N14,000 directly to your Zenith Bank account in 2 minutes! No document needed. Download: bit.ly/ng-loan-62",loan_scam
1,URGENT: Your Kuda account has been restricted due to unverified NIN. Call 07030460843 immediately to update your details.,banking_phishing
0,Good morning ma. Please remember to buy bread and sachet water on your way back from work.,personal
0,Glo: You have successfully activated 1.5GB Data Plan. Valid for 30 days. Dial *312# to check your data balance.,telco_info
0,"GTBank: Credit N11,000.00. Desc: NIP/TRANSFER FROM EMMANUEL. Bal: N376,000.00.",bank_alert
0,Guy how far? You go dey online tonight for the match? Make we talk football.,personal
1,"Credit Alert: N879,000.00 credited to your account from EMMANUEL. Ref: TRX17316934. Call 09010685902 if you did not expect this payment.",fake_alert
1,"ALERT: A transaction of N15,000 was attempted on your PalmPay app. If not you, click http://gtb-secure-portal.com to block account.",banking_phishing
0,"UBA: Your One Time Password (OTP) is 368762 for transfer of N9,000.00 to OLUMIDE. Valid for 5 minutes. DO NOT SHARE.",otp
1,"Credit Alert: N129,000.00 credited to your account from IBRAHIM. Ref: TRX47615214. Call 09012163592 if you did not expect this payment.",fake_alert
1,"Federal Govt Empowerment Fund: You are eligible to receive N50,000 relief grant. Claim your grant here: http://fg-empowerment-ng.site",grant_fraud
1,URGENT: Your FirstBank account has been restricted due to unverified KYC records. Call 09010300646 immediately to update your details.,banking_phishing
1,"Federal Govt Empowerment Fund: You are eligible to receive N50,000 relief grant. Claim your grant here: http://fg-empowerment-ng.site",grant_fraud
1,"Invest N5,000 and get N33,000 in 45 minutes! 100% paying platform guaranteed. Join Telegram: t.me/ng_crypto_doubler",ponzi
0,Guy how far? You go dey online tonight for the match? Make we talk football.,personal
0,"FirstBank: Credit N10,000.00. Desc: NIP/TRANSFER FROM OLUMIDE. Bal: N201,000.00.",bank_alert
1,"Central Bank Investment Scheme: N10,000 gives N30,000 in 24 hours. No loss. Call admin on 07031908788 now.",ponzi
0,"FirstBank: Your One Time Password (OTP) is 949137 for transfer of N8,000.00 to BLESSING. Valid for 5 minutes. DO NOT SHARE.",otp
1,DEBT WARNING: CHUKWUEMEKA with phone 08131922270 is a chronic defaulter on EasyCredit. Pay your debt today to avoid publishing your BVN online.,loan_harassment
1,"Credit Alert: N667,000.00 credited to your account from CHUKWUEMEKA. Ref: TRX84969440. Call 09019335924 if you did not expect this payment.",fake_alert
0,Good morning ma. Please remember to buy bread and sachet water on your way back from work.,personal
0,"FirstBank: Your One Time Password (OTP) is 385768 for transfer of N9,000.00 to SUNDAY. Valid for 5 minutes. DO NOT SHARE.",otp
1,DEBT WARNING: CHIOMA with phone 09011773454 is a chronic defaulter on FastCash. Pay your debt today to avoid publishing your BVN online.,loan_harassment
1,"International Oil Company hiring Field Support Staff in Lekki. Earn N350,000 monthly. Send application details via WhatsApp: 08026904761",fake_job
0,"Bro, abeg transfer N4,000 give me. I dey Yaba like this, money no dey my hand for transport.",personal
1,"CONGRATULATIONS! Your mobile number won N737,000 in the Glo Promo. Pay N8,000 processing fee to account 0123456789 to receive cash.",advance_fee
1,"CONGRATULATIONS! Your mobile number won N223,000 in the Airtel Promo. Pay N9,000 processing fee to account 0123456789 to receive cash.",advance_fee
1,"ALERT: A transaction of N22,000 was attempted on your GTBank app. If not you, click http://gtb-secure-portal.com to block account.",banking_phishing
0,"Zenith Bank: Your One Time Password (OTP) is 211009 for transfer of N3,000.00 to CHIOMA. Valid for 5 minutes. DO NOT SHARE.",otp
0,"OPay: Credit N39,000.00. Desc: NIP/TRANSFER FROM KELECHI. Bal: N374,000.00.",bank_alert
1,"Get instant loan of N47,000 directly to your UBA account in 2 minutes! No document needed. Download: bit.ly/ng-loan-38",loan_scam
1,"Invest N9,000 and get N31,000 in 45 minutes! 100% paying platform guaranteed. Join Telegram: t.me/ng_crypto_doubler",ponzi
0,MTN: You have successfully activated 1.5GB Data Plan. Valid for 30 days. Dial *312# to check your data balance.,telco_info
1,"Credit Alert: N507,000.00 credited to your account from BLESSING. Ref: TRX86422833. Call 09012056100 if you did not expect this payment.",fake_alert
0,Guy how far? You go dey online tonight for the match? Make we talk football.,personal
1,"Invest N8,000 and get N43,000 in 45 minutes! 100% paying platform guaranteed. Join Telegram: t.me/ng_crypto_doubler",ponzi
1,"JOB OFFER: Urgently recruiting Admin Officers at Yaba, Lagos. Salary: N180,000/month. Text YES to 07036415748 for interview invitation.",fake_job
1,"CONGRATULATIONS! Your mobile number won N894,000 in the Airtel Promo. Pay N7,000 processing fee to account 0123456789 to receive cash.",advance_fee
0,"FirstBank: Credit N38,000.00. Desc: NIP/TRANSFER FROM CHUKWUEMEKA. Bal: N145,000.00.",bank_alert
1,URGENT: Your UBA account has been restricted due to unverified NIN. Call 09013395157 immediately to update your details.,banking_phishing
1,"Get instant loan of N28,000 directly to your GTBank account in 2 minutes! No document needed. Download: bit.ly/ng-loan-40",loan_scam
1,URGENT: Your UBA account has been restricted due to unverified BVN. Call 08135947145 immediately to update your details.,banking_phishing
0,"MTN: Dear Customer, you have used 80% of your daily data bundle. Dial *323# to buy a top-up.",telco_info
0,"GTBank: Credit N16,000.00. Desc: NIP/TRANSFER FROM ADAMU. Bal: N710,000.00.",bank_alert
0,"Zenith Bank: Your One Time Password (OTP) is 147643 for transfer of N6,000.00 to SUNDAY. Valid for 5 minutes. DO NOT SHARE.",otp
0,I have arrived at Port Harcourt. Will call you once the meeting is done.,personal
1,"International Oil Company hiring Field Support Staff in Abuja. Earn N350,000 monthly. Send application details via WhatsApp: 08128745271",fake_job
0,Guy how far? You go dey online tonight for the match? Make we talk football.,personal
1,"Credit Alert: N768,000.00 credited to your account from IBRAHIM. Ref: TRX88591468. Call 09037771109 if you did not expect this payment.",fake_alert
0,"GTBank: Credit N29,000.00. Desc: NIP/TRANSFER FROM KELECHI. Bal: N881,000.00.",bank_alert
1,"Get instant loan of N10,000 directly to your Fidelity account in 2 minutes! No document needed. Download: bit.ly/ng-loan-22",loan_scam
0,Guy how far? You go dey online tonight for the match? Make we talk football.,personal
0,Good morning ma. Please remember to buy bread and sachet water on your way back from work.,personal
0,"Kuda: Your One Time Password (OTP) is 111778 for transfer of N3,000.00 to CHIOMA. Valid for 5 minutes. DO NOT SHARE.",otp
1,"Central Bank Investment Scheme: N10,000 gives N30,000 in 24 hours. No loss. Call admin on 08161623024 now.",ponzi
0,I have arrived at Port Harcourt. Will call you once the meeting is done.,personal
0,"Bro, abeg transfer N6,000 give me. I dey Lekki like this, money no dey my hand for transport.",personal
1,DEBT WARNING: KELECHI with phone 08127304276 is a chronic defaulter on FastCash. Pay your debt today to avoid publishing your BVN online.,loan_harassment
0,9mobile: You have successfully activated 1.5GB Data Plan. Valid for 30 days. Dial *312# to check your data balance.,telco_info
1,"Credit Alert: N822,000.00 credited to your account from EMMANUEL. Ref: TRX63813163. Call 08025653667 if you did not expect this payment.",fake_alert
1,"CONGRATULATIONS! Your mobile number won N206,000 in the Airtel Promo. Pay N7,000 processing fee to account 0123456789 to receive cash.",advance_fee
0,"Fidelity: Acct 012***3874 Debited: N3,000.00 Desc: POS PURCHASE - Lekki. Bal: N25,000.00.",bank_alert
0,Good morning ma. Please remember to buy bread and sachet water on your way back from work.,personal
1,"Get instant loan of N21,000 directly to your Fidelity account in 2 minutes! No document needed. Download: bit.ly/ng-loan-21",loan_scam
0,Good morning ma. Please remember to buy bread and sachet water on your way back from work.,personal
1,"ALERT: A transaction of N44,000 was attempted on your PalmPay app. If not you, click http://zenith-secure-portal.com to block account.",banking_phishing
0,"UBA: Acct 012***9728 Debited: N6,000.00 Desc: POS PURCHASE - Surulere. Bal: N14,000.00.",bank_alert
0,MTN: You have successfully activated 1.5GB Data Plan. Valid for 30 days. Dial *312# to check your data balance.,telco_info
0,"9mobile: Dear Customer, you have used 80% of your daily data bundle. Dial *323# to buy a top-up.",telco_info
1,"Central Bank Investment Scheme: N10,000 gives N30,000 in 24 hours. No loss. Call admin on 08164881682 now.",ponzi
1,"Federal Govt Empowerment Fund: You are eligible to receive N50,000 relief grant. Claim your grant here: http://fg-empowerment-ng.site",grant_fraud
1,"JOB OFFER: Urgently recruiting Admin Officers at Surulere, Lagos. Salary: N180,000/month. Text YES to 09011003749 for interview invitation.",fake_job
1,"Credit Alert: N533,000.00 credited to your account from ADAMU. Ref: TRX70461037. Call 08167547281 if you did not expect this payment.",fake_alert
1,"Central Bank Investment Scheme: N10,000 gives N30,000 in 24 hours. No loss. Call admin on 09039856879 now.",ponzi
1,"ALERT: A transaction of N12,000 was attempted on your Kuda app. If not you, click http://gtb-secure-portal.com to block account.",banking_phishing
1,"Credit Alert: N786,000.00 credited to your account from EMMANUEL. Ref: TRX72191000. Call 08128794296 if you did not expect this payment.",fake_alert
1,"Get instant loan of N16,000 directly to your GTBank account in 2 minutes! No document needed. Download: bit.ly/ng-loan-37",loan_scam
1,"Central Bank Investment Scheme: N10,000 gives N30,000 in 24 hours. No loss. Call admin on 08025724895 now.",ponzi
0,Guy how far? You go dey online tonight for the match? Make we talk football.,personal
1,DEBT WARNING: EMMANUEL with phone 08023428815 is a chronic defaulter on LendNG. Pay your debt today to avoid publishing your BVN online.,loan_harassment
0,MTN: You have successfully activated 1.5GB Data Plan. Valid for 30 days. Dial *312# to check your data balance.,telco_info
0,I have arrived at Abuja. Will call you once the meeting is done.,personal
0,"Glo: Dear Customer, you have used 80% of your daily data bundle. Dial *323# to buy a top-up.",telco_info
1,"Dear customer, your BVN has been flagged for fraud. Kindly text your 11-digit BVN and DOB to 08165888714 to clear your profile.",banking_phishing
0,"Airtel: Dear Customer, you have used 80% of your daily data bundle. Dial *323# to buy a top-up.",telco_info
0,"Zenith Bank: Your One Time Password (OTP) is 336941 for transfer of N1,000.00 to OLUMIDE. Valid for 5 minutes. DO NOT SHARE.",otp
0,Guy how far? You go dey online tonight for the match? Make we talk football.,personal
0,"Glo: Dear Customer, you have used 80% of your daily data bundle. Dial *323# to buy a top-up.",telco_info
0,Good morning ma. Please remember to buy bread and sachet water on your way back from work.,personal
1,"Invest N9,000 and get N35,000 in 45 minutes! 100% paying platform guaranteed. Join Telegram: t.me/ng_crypto_doubler",ponzi
0,Good morning ma. Please remember to buy bread and sachet water on your way back from work.,personal
1,"Federal Govt Empowerment Fund: You are eligible to receive N50,000 relief grant. Claim your grant here: http://fg-empowerment-ng.site",grant_fraud
0,"9mobile: Dear Customer, you have used 80% of your daily data bundle. Dial *323# to buy a top-up.",telco_info
1,"International Oil Company hiring Field Support Staff in Enugu. Earn N350,000 monthly. Send application details via WhatsApp: 08120429851",fake_job
1,DEBT WARNING: CHUKWUEMEKA with phone 08130804531 is a chronic defaulter on PalmCredit. Pay your debt today to avoid publishing your BVN online.,loan_harassment
0,Good morning ma. Please remember to buy bread and sachet water on your way back from work.,personal
1,"CONGRATULATIONS! Your mobile number won N532,000 in the Glo Promo. Pay N5,000 processing fee to account 0123456789 to receive cash.",advance_fee
1,"Dear customer, your BVN has been flagged for fraud. Kindly text your 11-digit BVN and DOB to 09032252756 to clear your profile.",banking_phishing
0,Guy how far? You go dey online tonight for the match? Make we talk football.,personal
0,Good morning ma. Please remember to buy bread and sachet water on your way back from work.,personal
0,I have arrived at Yaba. Will call you once the meeting is done.,personal
1,"International Oil Company hiring Field Support Staff in Ikeja. Earn N350,000 monthly. Send application details via WhatsApp: 08028235863",fake_job
0,Good morning ma. Please remember to buy bread and sachet water on your way back from work.,personal
1,"Dear customer, your BVN has been flagged for fraud. Kindly text your 11-digit BVN and DOB to 07032624586 to clear your profile.",banking_phishing
1,"ALERT: A transaction of N31,000 was attempted on your Zenith Bank app. If not you, click http://firstbank-secure-portal.com to block account.",banking_phishing
1,"ALERT: A transaction of N24,000 was attempted on your Fidelity app. If not you, click http://firstbank-secure-portal.com to block account.",banking_phishing
0,"FirstBank: Acct 012***3592 Debited: N5,000.00 Desc: POS PURCHASE - Surulere. Bal: N28,000.00.",bank_alert
1,URGENT: Your OPay account has been restricted due to unverified BVN. Call 07037657041 immediately to update your details.,banking_phishing
1,"International Oil Company hiring Field Support Staff in Ibadan. Earn N350,000 monthly. Send application details via WhatsApp: 07037658488",fake_job
1,"Central Bank Investment Scheme: N10,000 gives N30,000 in 24 hours. No loss. Call admin on 08031940945 now.",ponzi
1,URGENT: Your FirstBank account has been restricted due to unverified NIN. Call 08134195281 immediately to update your details.,banking_phishing
1,"Federal Govt Empowerment Fund: You are eligible to receive N50,000 relief grant. Claim your grant here: http://fg-empowerment-ng.site",grant_fraud
0,Good morning ma. Please remember to buy bread and sachet water on your way back from work.,personal
1,"CONGRATULATIONS! Your mobile number won N331,000 in the Glo Promo. Pay N8,000 processing fee to account 0123456789 to receive cash.",advance_fee
0,"OPay: Credit N35,000.00. Desc: NIP/TRANSFER FROM IBRAHIM. Bal: N548,000.00.",bank_alert
1,"Get instant loan of N35,000 directly to your UBA account in 2 minutes! No document needed. Download: bit.ly/ng-loan-42",loan_scam
0,"Airtel: Dear Customer, you have used 80% of your daily data bundle. Dial *323# to buy a top-up.",telco_info
0,Guy how far? You go dey online tonight for the match? Make we talk football.,personal
0,Good morning ma. Please remember to buy bread and sachet water on your way back from work.,personal
1,"Federal Govt Empowerment Fund: You are eligible to receive N50,000 relief grant. Claim your grant here: http://fg-empowerment-ng.site",grant_fraud
1,DEBT WARNING: OLUMIDE with phone 07033840397 is a chronic defaulter on FastCash. Pay your debt today to avoid publishing your BVN online.,loan_harassment
1,"Central Bank Investment Scheme: N10,000 gives N30,000 in 24 hours. No loss. Call admin on 08126476965 now.",ponzi
0,Glo: You have successfully activated 1.5GB Data Plan. Valid for 30 days. Dial *312# to check your data balance.,telco_info
1,"Dear customer, your BVN has been flagged for fraud. Kindly text your 11-digit BVN and DOB to 09038877792 to clear your profile.",banking_phishing
1,"Invest N3,000 and get N27,000 in 45 minutes! 100% paying platform guaranteed. Join Telegram: t.me/ng_crypto_doubler",ponzi
1,"Credit Alert: N407,000.00 credited to your account from OLUMIDE. Ref: TRX12960149. Call 07036728799 if you did not expect this payment.",fake_alert
1,"ALERT: A transaction of N43,000 was attempted on your FirstBank app. If not you, click http://firstbank-secure-portal.com to block account.",banking_phishing
1,"International Oil Company hiring Field Support Staff in Lekki. Earn N350,000 monthly. Send application details via WhatsApp: 08121831608",fake_job
1,"International Oil Company hiring Field Support Staff in Kano. Earn N350,000 monthly. Send application details via WhatsApp: 08031139215",fake_job
0,"PalmPay: Your One Time Password (OTP) is 805188 for transfer of N8,000.00 to IBRAHIM. Valid for 5 minutes. DO NOT SHARE.",otp
0,Guy how far? You go dey online tonight for the match? Make we talk football.,personal
1,DEBT WARNING: OLUMIDE with phone 08126519762 is a chronic defaulter on PalmCredit. Pay your debt today to avoid publishing your BVN online.,loan_harassment
0,I have arrived at Abuja. Will call you once the meeting is done.,personal
0,Good morning ma. Please remember to buy bread and sachet water on your way back from work.,personal
1,"Dear customer, your BVN has been flagged for fraud. Kindly text your 11-digit BVN and DOB to 07035650448 to clear your profile.",banking_phishing
1,"Dear customer, your BVN has been flagged for fraud. Kindly text your 11-digit BVN and DOB to 08129540054 to clear your profile.",banking_phishing
0,"Fidelity: Acct 012***5841 Debited: N6,000.00 Desc: POS PURCHASE - Ikeja. Bal: N49,000.00.",bank_alert
1,"Central Bank Investment Scheme: N10,000 gives N30,000 in 24 hours. No loss. Call admin on 07030334801 now.",ponzi
0,Guy how far? You go dey online tonight for the match? Make we talk football.,personal
0,Good morning ma. Please remember to buy bread and sachet water on your way back from work.,personal
0,Guy how far? You go dey online tonight for the match? Make we talk football.,personal
1,DEBT WARNING: KELECHI with phone 08126559993 is a chronic defaulter on EasyCredit. Pay your debt today to avoid publishing your BVN online.,loan_harassment
1,"CONGRATULATIONS! Your mobile number won N469,000 in the MTN Promo. Pay N7,000 processing fee to account 0123456789 to receive cash.",advance_fee
0,Good morning ma. Please remember to buy bread and sachet water on your way back from work.,personal
1,DEBT WARNING: CHUKWUEMEKA with phone 08135352151 is a chronic defaulter on LendNG. Pay your debt today to avoid publishing your BVN online.,loan_harassment
1,"Dear customer, your BVN has been flagged for fraud. Kindly text your 11-digit BVN and DOB to 08033909846 to clear your profile.",banking_phishing
0,Good morning ma. Please remember to buy bread and sachet water on your way back from work.,personal
1,URGENT: Your UBA account has been restricted due to unverified NIN. Call 08126565641 immediately to update your details.,banking_phishing
1,"JOB OFFER: Urgently recruiting Admin Officers at Ibadan, Lagos. Salary: N180,000/month. Text YES to 07031586319 for interview invitation.",fake_job
0,"Zenith Bank: Your One Time Password (OTP) is 627292 for transfer of N9,000.00 to KELECHI. Valid for 5 minutes. DO NOT SHARE.",otp
0,I have arrived at Port Harcourt. Will call you once the meeting is done.,personal
1,"Get instant loan of N49,000 directly to your UBA account in 2 minutes! No document needed. Download: bit.ly/ng-loan-84",loan_scam
0,9mobile: You have successfully activated 1.5GB Data Plan. Valid for 30 days. Dial *312# to check your data balance.,telco_info
0,Good morning ma. Please remember to buy bread and sachet water on your way back from work.,personal
0,Good morning ma. Please remember to buy bread and sachet water on your way back from work.,personal
0,"Zenith Bank: Your One Time Password (OTP) is 537994 for transfer of N2,000.00 to CHIOMA. Valid for 5 minutes. DO NOT SHARE.",otp
0,Guy how far? You go dey online tonight for the match? Make we talk football.,personal
1,"JOB OFFER: Urgently recruiting Admin Officers at Enugu, Lagos. Salary: N180,000/month. Text YES to 09030170396 for interview invitation.",fake_job
0,"Glo: Dear Customer, you have used 80% of your daily data bundle. Dial *323# to buy a top-up.",telco_info
0,"Kuda: Acct 012***9815 Debited: N7,000.00 Desc: POS PURCHASE - Kano. Bal: N43,000.00.",bank_alert
0,"Bro, abeg transfer N6,000 give me. I dey Ikeja like this, money no dey my hand for transport.",personal
1,"International Oil Company hiring Field Support Staff in Yaba. Earn N350,000 monthly. Send application details via WhatsApp: 08123919294",fake_job
0,Guy how far? You go dey online tonight for the match? Make we talk football.,personal
1,"Dear customer, your BVN has been flagged for fraud. Kindly text your 11-digit BVN and DOB to 08163246057 to clear your profile.",banking_phishing
0,Guy how far? You go dey online tonight for the match? Make we talk football.,personal
0,"Bro, abeg transfer N4,000 give me. I dey Port Harcourt like this, money no dey my hand for transport.",personal
0,"Airtel: Dear Customer, you have used 80% of your daily data bundle. Dial *323# to buy a top-up.",telco_info
1,URGENT: Your Kuda account has been restricted due to unverified KYC records. Call 08030563474 immediately to update your details.,banking_phishing
1,"ALERT: A transaction of N22,000 was attempted on your Kuda app. If not you, click http://zenith-secure-portal.com to block account.",banking_phishing
0,"FirstBank: Acct 012***4945 Debited: N2,000.00 Desc: POS PURCHASE - Surulere. Bal: N45,000.00.",bank_alert
0,Airtel: You have successfully activated 1.5GB Data Plan. Valid for 30 days. Dial *312# to check your data balance.,telco_info
0,"Bro, abeg transfer N5,000 give me. I dey Enugu like this, money no dey my hand for transport.",personal
0,"MTN: Dear Customer, you have used 80% of your daily data bundle. Dial *323# to buy a top-up.",telco_info
0,Guy how far? You go dey online tonight for the match? Make we talk football.,personal
0,I have arrived at Yaba. Will call you once the meeting is done.,personal
1,"Get instant loan of N17,000 directly to your FirstBank account in 2 minutes! No document needed. Download: bit.ly/ng-loan-51",loan_scam
1,"CONGRATULATIONS! Your mobile number won N661,000 in the 9mobile Promo. Pay N9,000 processing fee to account 0123456789 to receive cash.",advance_fee
1,"ALERT: A transaction of N47,000 was attempted on your Zenith Bank app. If not you, click http://zenith-secure-portal.com to block account.",banking_phishing
1,"Get instant loan of N44,000 directly to your Kuda account in 2 minutes! No document needed. Download: bit.ly/ng-loan-41",loan_scam
0,Good morning ma. Please remember to buy bread and sachet water on your way back from work.,personal
1,URGENT: Your Kuda account has been restricted due to unverified NIN. Call 09031035797 immediately to update your details.,banking_phishing
0,"Kuda: Credit N42,000.00. Desc: NIP/TRANSFER FROM ADAMU. Bal: N215,000.00.",bank_alert
0,"Zenith Bank: Credit N35,000.00. Desc: NIP/TRANSFER FROM EMMANUEL. Bal: N581,000.00.",bank_alert
0,"Kuda: Your One Time Password (OTP) is 760429 for transfer of N5,000.00 to OLUMIDE. Valid for 5 minutes. DO NOT SHARE.",otp
1,DEBT WARNING: ADAMU with phone 08039841286 is a chronic defaulter on PalmCredit. Pay your debt today to avoid publishing your BVN online.,loan_harassment
1,"Federal Govt Empowerment Fund: You are eligible to receive N50,000 relief grant. Claim your grant here: http://fg-empowerment-ng.site",grant_fraud
1,"ALERT: A transaction of N35,000 was attempted on your Access Bank app. If not you, click http://zenith-secure-portal.com to block account.",banking_phishing
1,"Central Bank Investment Scheme: N10,000 gives N30,000 in 24 hours. No loss. Call admin on 08126026118 now.",ponzi
0,"MTN: Dear Customer, you have used 80% of your daily data bundle. Dial *323# to buy a top-up.",telco_info
0,MTN: You have successfully activated 1.5GB Data Plan. Valid for 30 days. Dial *312# to check your data balance.,telco_info
1,"ALERT: A transaction of N47,000 was attempted on your Fidelity app. If not you, click http://access-secure-portal.com to block account.",banking_phishing
0,"Fidelity: Acct 012***9466 Debited: N8,000.00 Desc: POS PURCHASE - Kano. Bal: N28,000.00.",bank_alert
0,"Zenith Bank: Your One Time Password (OTP) is 468845 for transfer of N7,000.00 to EMMANUEL. Valid for 5 minutes. DO NOT SHARE.",otp
1,"Federal Govt Empowerment Fund: You are eligible to receive N50,000 relief grant. Claim your grant here: http://fg-empowerment-ng.site",grant_fraud
1,"Dear customer, your BVN has been flagged for fraud. Kindly text your 11-digit BVN and DOB to 07038328646 to clear your profile.",banking_phishing
1,"CONGRATULATIONS! Your mobile number won N654,000 in the Glo Promo. Pay N8,000 processing fee to account 0123456789 to receive cash.",advance_fee
1,"Dear customer, your BVN has been flagged for fraud. Kindly text your 11-digit BVN and DOB to 08034851420 to clear your profile.",banking_phishing
0,Airtel: You have successfully activated 1.5GB Data Plan. Valid for 30 days. Dial *312# to check your data balance.,telco_info
1,"International Oil Company hiring Field Support Staff in Enugu. Earn N350,000 monthly. Send application details via WhatsApp: 09011098100",fake_job
1,"Credit Alert: N752,000.00 credited to your account from OLUMIDE. Ref: TRX42285747. Call 08164233412 if you did not expect this payment.",fake_alert
1,"Get instant loan of N32,000 directly to your UBA account in 2 minutes! No document needed. Download: bit.ly/ng-loan-88",loan_scam
1,"JOB OFFER: Urgently recruiting Admin Officers at Yaba, Lagos. Salary: N180,000/month. Text YES to 08123899499 for interview invitation.",fake_job
1,"Credit Alert: N171,000.00 credited to your account from ADAMU. Ref: TRX31239305. Call 09036572007 if you did not expect this payment.",fake_alert
1,"Invest N8,000 and get N35,000 in 45 minutes! 100% paying platform guaranteed. Join Telegram: t.me/ng_crypto_doubler",ponzi
0,"Glo: Dear Customer, you have used 80% of your daily data bundle. Dial *323# to buy a top-up.",telco_info
0,Guy how far? You go dey online tonight for the match? Make we talk football.,personal
0,"Glo: Dear Customer, you have used 80% of your daily data bundle. Dial *323# to buy a top-up.",telco_info
0,"Glo: Dear Customer, you have used 80% of your daily data bundle. Dial *323# to buy a top-up.",telco_info
1,DEBT WARNING: SUNDAY with phone 08035833343 is a chronic defaulter on PalmCredit. Pay your debt today to avoid publishing your BVN online.,loan_harassment
0,9mobile: You have successfully activated 1.5GB Data Plan. Valid for 30 days. Dial *312# to check your data balance.,telco_info
1,"Get instant loan of N37,000 directly to your UBA account in 2 minutes! No document needed. Download: bit.ly/ng-loan-66",loan_scam
0,"Access Bank: Acct 012***1477 Debited: N9,000.00 Desc: POS PURCHASE - Lekki. Bal: N27,000.00.",bank_alert
1,"Invest N6,000 and get N17,000 in 45 minutes! 100% paying platform guaranteed. Join Telegram: t.me/ng_crypto_doubler",ponzi
0,Airtel: You have successfully activated 1.5GB Data Plan. Valid for 30 days. Dial *312# to check your data balance.,telco_info
1,"ALERT: A transaction of N28,000 was attempted on your UBA app. If not you, click http://zenith-secure-portal.com to block account.",banking_phishing
1,"JOB OFFER: Urgently recruiting Admin Officers at Yaba, Lagos. Salary: N180,000/month. Text YES to 08127244952 for interview invitation.",fake_job
1,"Central Bank Investment Scheme: N10,000 gives N30,000 in 24 hours. No loss. Call admin on 09032075391 now.",ponzi
0,"MTN: Dear Customer, you have used 80% of your daily data bundle. Dial *323# to buy a top-up.",telco_info
1,"JOB OFFER: Urgently recruiting Admin Officers at Enugu, Lagos. Salary: N180,000/month. Text YES to 08038098971 for interview invitation.",fake_job
1,URGENT: Your OPay account has been restricted due to unverified NIN. Call 08160931957 immediately to update your details.,banking_phishing
0,"Fidelity: Credit N28,000.00. Desc: NIP/TRANSFER FROM EMMANUEL. Bal: N803,000.00.",bank_alert
0,"UBA: Credit N11,000.00. Desc: NIP/TRANSFER FROM ADAMU. Bal: N519,000.00.",bank_alert
1,"International Oil Company hiring Field Support Staff in Enugu. Earn N350,000 monthly. Send application details via WhatsApp: 08124074135",fake_job
1,"CONGRATULATIONS! Your mobile number won N135,000 in the 9mobile Promo. Pay N1,000 processing fee to account 0123456789 to receive cash.",advance_fee
0,"Zenith Bank: Your One Time Password (OTP) is 986079 for transfer of N8,000.00 to KELECHI. Valid for 5 minutes. DO NOT SHARE.",otp
1,DEBT WARNING: BLESSING with phone 08025171827 is a chronic defaulter on QuickLoan. Pay your debt today to avoid publishing your BVN online.,loan_harassment
1,"Get instant loan of N29,000 directly to your GTBank account in 2 minutes! No document needed. Download: bit.ly/ng-loan-97",loan_scam
0,"Airtel: Dear Customer, you have used 80% of your daily data bundle. Dial *323# to buy a top-up.",telco_info
0,Guy how far? You go dey online tonight for the match? Make we talk football.,personal
1,"CONGRATULATIONS! Your mobile number won N413,000 in the MTN Promo. Pay N5,000 processing fee to account 0123456789 to receive cash.",advance_fee
0,Good morning ma. Please remember to buy bread and sachet water on your way back from work.,personal
1,"Get instant loan of N16,000 directly to your FirstBank account in 2 minutes! No document needed. Download: bit.ly/ng-loan-70",loan_scam
0,"9mobile: Dear Customer, you have used 80% of your daily data bundle. Dial *323# to buy a top-up.",telco_info
0,"Airtel: Dear Customer, you have used 80% of your daily data bundle. Dial *323# to buy a top-up.",telco_info
0,"Kuda: Acct 012***1176 Debited: N9,000.00 Desc: POS PURCHASE - Ibadan. Bal: N49,000.00.",bank_alert
0,"PalmPay: Your One Time Password (OTP) is 439813 for transfer of N1,000.00 to IBRAHIM. Valid for 5 minutes. DO NOT SHARE.",otp
1,DEBT WARNING: CHIOMA with phone 09034977689 is a chronic defaulter on FastCash. Pay your debt today to avoid publishing your BVN online.,loan_harassment
1,"Invest N7,000 and get N15,000 in 45 minutes! 100% paying platform guaranteed. Join Telegram: t.me/ng_crypto_doubler",ponzi
1,"International Oil Company hiring Field Support Staff in Surulere. Earn N350,000 monthly. Send application details via WhatsApp: 08128691413",fake_job
1,"Credit Alert: N783,000.00 credited to your account from EMMANUEL. Ref: TRX80052919. Call 08162779606 if you did not expect this payment.",fake_alert
1,"ALERT: A transaction of N22,000 was attempted on your Kuda app. If not you, click http://zenith-secure-portal.com to block account.",banking_phishing
0,Airtel: You have successfully activated 1.5GB Data Plan. Valid for 30 days. Dial *312# to check your data balance.,telco_info
0,Airtel: You have successfully activated 1.5GB Data Plan. Valid for 30 days. Dial *312# to check your data balance.,telco_info
0,"Bro, abeg transfer N4,000 give me. I dey Port Harcourt like this, money no dey my hand for transport.",personal
0,"OPay: Your One Time Password (OTP) is 988326 for transfer of N9,000.00 to EMMANUEL. Valid for 5 minutes. DO NOT SHARE.",otp
0,MTN: You have successfully activated 1.5GB Data Plan. Valid for 30 days. Dial *312# to check your data balance.,telco_info
1,"Invest N8,000 and get N36,000 in 45 minutes! 100% paying platform guaranteed. Join Telegram: t.me/ng_crypto_doubler",ponzi
1,"Invest N5,000 and get N31,000 in 45 minutes! 100% paying platform guaranteed. Join Telegram: t.me/ng_crypto_doubler",ponzi
0,Good morning ma. Please remember to buy bread and sachet water on your way back from work.,personal
0,"PalmPay: Your One Time Password (OTP) is 987024 for transfer of N5,000.00 to SUNDAY. Valid for 5 minutes. DO NOT SHARE.",otp
0,"UBA: Credit N16,000.00. Desc: NIP/TRANSFER FROM CHUKWUEMEKA. Bal: N144,000.00.",bank_alert
1,"Federal Govt Empowerment Fund: You are eligible to receive N50,000 relief grant. Claim your grant here: http://fg-empowerment-ng.site",grant_fraud
1,URGENT: Your UBA account has been restricted due to unverified BVN. Call 09030880501 immediately to update your details.,banking_phishing
1,"CONGRATULATIONS! Your mobile number won N217,000 in the Airtel Promo. Pay N5,000 processing fee to account 0123456789 to receive cash.",advance_fee
0,I have arrived at Lekki. Will call you once the meeting is done.,personal
0,I have arrived at Yaba. Will call you once the meeting is done.,personal
1,"ALERT: A transaction of N18,000 was attempted on your Kuda app. If not you, click http://access-secure-portal.com to block account.",banking_phishing
0,9mobile: You have successfully activated 1.5GB Data Plan. Valid for 30 days. Dial *312# to check your data balance.,telco_info
0,I have arrived at Lekki. Will call you once the meeting is done.,personal
0,Good morning ma. Please remember to buy bread and sachet water on your way back from work.,personal
0,Good morning ma. Please remember to buy bread and sachet water on your way back from work.,personal
0,"Access Bank: Your One Time Password (OTP) is 281732 for transfer of N4,000.00 to BLESSING. Valid for 5 minutes. DO NOT SHARE.",otp
1,"Invest N1,000 and get N35,000 in 45 minutes! 100% paying platform guaranteed. Join Telegram: t.me/ng_crypto_doubler",ponzi
1,"Invest N7,000 and get N21,000 in 45 minutes! 100% paying platform guaranteed. Join Telegram: t.me/ng_crypto_doubler",ponzi
0,"MTN: Dear Customer, you have used 80% of your daily data bundle. Dial *323# to buy a top-up.",telco_info
1,"Credit Alert: N763,000.00 credited to your account from KELECHI. Ref: TRX40141942. Call 08160124710 if you did not expect this payment.",fake_alert
0,"UBA: Acct 012***9224 Debited: N2,000.00 Desc: POS PURCHASE - Yaba. Bal: N41,000.00.",bank_alert
0,9mobile: You have successfully activated 1.5GB Data Plan. Valid for 30 days. Dial *312# to check your data balance.,telco_info
0,Guy how far? You go dey online tonight for the match? Make we talk football.,personal
0,"Bro, abeg transfer N1,000 give me. I dey Port Harcourt like this, money no dey my hand for transport.",personal
1,DEBT WARNING: ADAMU with phone 08127541067 is a chronic defaulter on FastCash. Pay your debt today to avoid publishing your BVN online.,loan_harassment
0,I have arrived at Ikeja. Will call you once the meeting is done.,personal
1,"Federal Govt Empowerment Fund: You are eligible to receive N50,000 relief grant. Claim your grant here: http://fg-empowerment-ng.site",grant_fraud
0,9mobile: You have successfully activated 1.5GB Data Plan. Valid for 30 days. Dial *312# to check your data balance.,telco_info
1,"ALERT: A transaction of N47,000 was attempted on your Fidelity app. If not you, click http://firstbank-secure-portal.com to block account.",banking_phishing
0,I have arrived at Ikeja. Will call you once the meeting is done.,personal
0,Good morning ma. Please remember to buy bread and sachet water on your way back from work.,personal
1,"Invest N6,000 and get N32,000 in 45 minutes! 100% paying platform guaranteed. Join Telegram: t.me/ng_crypto_doubler",ponzi
0,"Bro, abeg transfer N5,000 give me. I dey Abuja like this, money no dey my hand for transport.",personal
0,I have arrived at Surulere. Will call you once the meeting is done.,personal
1,DEBT WARNING: EMMANUEL with phone 08035297516 is a chronic defaulter on QuickLoan. Pay your debt today to avoid publishing your BVN online.,loan_harassment
1,"Get instant loan of N31,000 directly to your Zenith Bank account in 2 minutes! No document needed. Download: bit.ly/ng-loan-45",loan_scam
1,"Federal Govt Empowerment Fund: You are eligible to receive N50,000 relief grant. Claim your grant here: http://fg-empowerment-ng.site",grant_fraud
1,"Dear customer, your BVN has been flagged for fraud. Kindly text your 11-digit BVN and DOB to 09010074189 to clear your profile.",banking_phishing
1,"Federal Govt Empowerment Fund: You are eligible to receive N50,000 relief grant. Claim your grant here: http://fg-empowerment-ng.site",grant_fraud
1,"CONGRATULATIONS! Your mobile number won N590,000 in the Airtel Promo. Pay N5,000 processing fee to account 0123456789 to receive cash.",advance_fee
0,Good morning ma. Please remember to buy bread and sachet water on your way back from work.,personal
1,"JOB OFFER: Urgently recruiting Admin Officers at Enugu, Lagos. Salary: N180,000/month. Text YES to 08029582632 for interview invitation.",fake_job
0,"PalmPay: Acct 012***3923 Debited: N3,000.00 Desc: POS PURCHASE - Abuja. Bal: N25,000.00.",bank_alert
0,Good morning ma. Please remember to buy bread and sachet water on your way back from work.,personal
0,I have arrived at Surulere. Will call you once the meeting is done.,personal
0,"Airtel: Dear Customer, you have used 80% of your daily data bundle. Dial *323# to buy a top-up.",telco_info
1,"International Oil Company hiring Field Support Staff in Lekki. Earn N350,000 monthly. Send application details via WhatsApp: 08126901873",fake_job
1,"Federal Govt Empowerment Fund: You are eligible to receive N50,000 relief grant. Claim your grant here: http://fg-empowerment-ng.site",grant_fraud
0,"Kuda: Credit N50,000.00. Desc: NIP/TRANSFER FROM CHIOMA. Bal: N121,000.00.",bank_alert
0,Guy how far? You go dey online tonight for the match? Make we talk football.,personal
0,Glo: You have successfully activated 1.5GB Data Plan. Valid for 30 days. Dial *312# to check your data balance.,telco_info
1,"Federal Govt Empowerment Fund: You are eligible to receive N50,000 relief grant. Claim your grant here: http://fg-empowerment-ng.site",grant_fraud
0,Guy how far? You go dey online tonight for the match? Make we talk football.,personal
0,Glo: You have successfully activated 1.5GB Data Plan. Valid for 30 days. Dial *312# to check your data balance.,telco_info
1,"International Oil Company hiring Field Support Staff in Ikeja. Earn N350,000 monthly. Send application details via WhatsApp: 09039562094",fake_job
0,"Fidelity: Credit N15,000.00. Desc: NIP/TRANSFER FROM IBRAHIM. Bal: N371,000.00.",bank_alert
1,"Federal Govt Empowerment Fund: You are eligible to receive N50,000 relief grant. Claim your grant here: http://fg-empowerment-ng.site",grant_fraud
0,"Fidelity: Your One Time Password (OTP) is 315910 for transfer of N6,000.00 to CHUKWUEMEKA. Valid for 5 minutes. DO NOT SHARE.",otp
0,Good morning ma. Please remember to buy bread and sachet water on your way back from work.,personal
1,"Federal Govt Empowerment Fund: You are eligible to receive N50,000 relief grant. Claim your grant here: http://fg-empowerment-ng.site",grant_fraud
1,URGENT: Your GTBank account has been restricted due to unverified BVN. Call 07034155967 immediately to update your details.,banking_phishing
0,"UBA: Your One Time Password (OTP) is 385987 for transfer of N4,000.00 to CHUKWUEMEKA. Valid for 5 minutes. DO NOT SHARE.",otp
1,"JOB OFFER: Urgently recruiting Admin Officers at Port Harcourt, Lagos. Salary: N180,000/month. Text YES to 08168257313 for interview invitation.",fake_job
1,"Federal Govt Empowerment Fund: You are eligible to receive N50,000 relief grant. Claim your grant here: http://fg-empowerment-ng.site",grant_fraud
0,"Zenith Bank: Your One Time Password (OTP) is 551385 for transfer of N5,000.00 to SUNDAY. Valid for 5 minutes. DO NOT SHARE.",otp
1,"ALERT: A transaction of N34,000 was attempted on your PalmPay app. If not you, click http://firstbank-secure-portal.com to block account.",banking_phishing
0,"Bro, abeg transfer N2,000 give me. I dey Lekki like this, money no dey my hand for transport.",personal
0,"Kuda: Acct 012***4731 Debited: N1,000.00 Desc: POS PURCHASE - Ibadan. Bal: N32,000.00.",bank_alert
1,"Credit Alert: N636,000.00 credited to your account from CHIOMA. Ref: TRX69040790. Call 09031257804 if you did not expect this payment.",fake_alert
0,9mobile: You have successfully activated 1.5GB Data Plan. Valid for 30 days. Dial *312# to check your data balance.,telco_info
0,"Bro, abeg transfer N4,000 give me. I dey Abuja like this, money no dey my hand for transport.",personal
0,"Bro, abeg transfer N8,000 give me. I dey Ikeja like this, money no dey my hand for transport.",personal
1,"Credit Alert: N344,000.00 credited to your account from ADAMU. Ref: TRX73205626. Call 08129709650 if you did not expect this payment.",fake_alert
1,"Federal Govt Empowerment Fund: You are eligible to receive N50,000 relief grant. Claim your grant here: http://fg-empowerment-ng.site",grant_fraud
0,Good morning ma. Please remember to buy bread and sachet water on your way back from work.,personal
1,URGENT: Your PalmPay account has been restricted due to unverified KYC records. Call 08167464385 immediately to update your details.,banking_phishing
0,Guy how far? You go dey online tonight for the match? Make we talk football.,personal
1,"Central Bank Investment Scheme: N10,000 gives N30,000 in 24 hours. No loss. Call admin on 09033928369 now.",ponzi
1,"Federal Govt Empowerment Fund: You are eligible to receive N50,000 relief grant. Claim your grant here: http://fg-empowerment-ng.site",grant_fraud
0,Good morning ma. Please remember to buy bread and sachet water on your way back from work.,personal
1,DEBT WARNING: CHIOMA with phone 08138298790 is a chronic defaulter on FastCash. Pay your debt today to avoid publishing your BVN online.,loan_harassment
1,"Invest N5,000 and get N25,000 in 45 minutes! 100% paying platform guaranteed. Join Telegram: t.me/ng_crypto_doubler",ponzi
1,"Central Bank Investment Scheme: N10,000 gives N30,000 in 24 hours. No loss. Call admin on 07037421425 now.",ponzi
0,"Zenith Bank: Your One Time Password (OTP) is 135371 for transfer of N6,000.00 to ADAMU. Valid for 5 minutes. DO NOT SHARE.",otp
0,"Glo: Dear Customer, you have used 80% of your daily data bundle. Dial *323# to buy a top-up.",telco_info
1,"Credit Alert: N357,000.00 credited to your account from KELECHI. Ref: TRX16044217. Call 09033975615 if you did not expect this payment.",fake_alert
1,"Federal Govt Empowerment Fund: You are eligible to receive N50,000 relief grant. Claim your grant here: http://fg-empowerment-ng.site",grant_fraud
1,DEBT WARNING: KELECHI with phone 08030811052 is a chronic defaulter on PalmCredit. Pay your debt today to avoid publishing your BVN online.,loan_harassment
0,Good morning ma. Please remember to buy bread and sachet water on your way back from work.,personal
0,"Zenith Bank: Your One Time Password (OTP) is 970536 for transfer of N3,000.00 to IBRAHIM. Valid for 5 minutes. DO NOT SHARE.",otp
0,Glo: You have successfully activated 1.5GB Data Plan. Valid for 30 days. Dial *312# to check your data balance.,telco_info
1,"International Oil Company hiring Field Support Staff in Ikeja. Earn N350,000 monthly. Send application details via WhatsApp: 09038606734",fake_job
1,"ALERT: A transaction of N48,000 was attempted on your UBA app. If not you, click http://gtb-secure-portal.com to block account.",banking_phishing
0,Guy how far? You go dey online tonight for the match? Make we talk football.,personal
1,"Dear customer, your BVN has been flagged for fraud. Kindly text your 11-digit BVN and DOB to 08027425914 to clear your profile.",banking_phishing
0,Good morning ma. Please remember to buy bread and sachet water on your way back from work.,personal
1,"Federal Govt Empowerment Fund: You are eligible to receive N50,000 relief grant. Claim your grant here: http://fg-empowerment-ng.site",grant_fraud
0,"UBA: Acct 012***6668 Debited: N5,000.00 Desc: POS PURCHASE - Lekki. Bal: N35,000.00.",bank_alert
0,"FirstBank: Credit N30,000.00. Desc: NIP/TRANSFER FROM SUNDAY. Bal: N452,000.00.",bank_alert
0,I have arrived at Ibadan. Will call you once the meeting is done.,personal
0,9mobile: You have successfully activated 1.5GB Data Plan. Valid for 30 days. Dial *312# to check your data balance.,telco_info
0,"Glo: Dear Customer, you have used 80% of your daily data bundle. Dial *323# to buy a top-up.",telco_info
0,Guy how far? You go dey online tonight for the match? Make we talk football.,personal
0,"GTBank: Acct 012***4257 Debited: N8,000.00 Desc: POS PURCHASE - Lekki. Bal: N49,000.00.",bank_alert
1,"Central Bank Investment Scheme: N10,000 gives N30,000 in 24 hours. No loss. Call admin on 08138767384 now.",ponzi
1,URGENT: Your GTBank account has been restricted due to unverified NIN. Call 08128160253 immediately to update your details.,banking_phishing
1,"Get instant loan of N37,000 directly to your GTBank account in 2 minutes! No document needed. Download: bit.ly/ng-loan-48",loan_scam
0,"Kuda: Acct 012***7357 Debited: N1,000.00 Desc: POS PURCHASE - Yaba. Bal: N17,000.00.",bank_alert
0,Guy how far? You go dey online tonight for the match? Make we talk football.,personal
0,"UBA: Credit N40,000.00. Desc: NIP/TRANSFER FROM EMMANUEL. Bal: N430,000.00.",bank_alert
1,"Get instant loan of N22,000 directly to your FirstBank account in 2 minutes! No document needed. Download: bit.ly/ng-loan-45",loan_scam
1,"Central Bank Investment Scheme: N10,000 gives N30,000 in 24 hours. No loss. Call admin on 07030790569 now.",ponzi
0,"FirstBank: Credit N50,000.00. Desc: NIP/TRANSFER FROM KELECHI. Bal: N812,000.00.",bank_alert
1,"ALERT: A transaction of N34,000 was attempted on your Access Bank app. If not you, click http://zenith-secure-portal.com to block account.",banking_phishing
1,"Dear customer, your BVN has been flagged for fraud. Kindly text your 11-digit BVN and DOB to 08034559128 to clear your profile.",banking_phishing
0,"Zenith Bank: Your One Time Password (OTP) is 234469 for transfer of N7,000.00 to ADAMU. Valid for 5 minutes. DO NOT SHARE.",otp
0,Airtel: You have successfully activated 1.5GB Data Plan. Valid for 30 days. Dial *312# to check your data balance.,telco_info
1,"CONGRATULATIONS! Your mobile number won N110,000 in the MTN Promo. Pay N7,000 processing fee to account 0123456789 to receive cash.",advance_fee
0,"Access Bank: Acct 012***9569 Debited: N8,000.00 Desc: POS PURCHASE - Abuja. Bal: N10,000.00.",bank_alert
1,"International Oil Company hiring Field Support Staff in Abuja. Earn N350,000 monthly. Send application details via WhatsApp: 08135962458",fake_job
0,Guy how far? You go dey online tonight for the match? Make we talk football.,personal
0,"Glo: Dear Customer, you have used 80% of your daily data bundle. Dial *323# to buy a top-up.",telco_info
0,"Glo: Dear Customer, you have used 80% of your daily data bundle. Dial *323# to buy a top-up.",telco_info
1,DEBT WARNING: KELECHI with phone 08163581821 is a chronic defaulter on QuickLoan. Pay your debt today to avoid publishing your BVN online.,loan_harassment
1,"CONGRATULATIONS! Your mobile number won N495,000 in the MTN Promo. Pay N5,000 processing fee to account 0123456789 to receive cash.",advance_fee
1,"Get instant loan of N48,000 directly to your Access Bank account in 2 minutes! No document needed. Download: bit.ly/ng-loan-51",loan_scam
1,"Federal Govt Empowerment Fund: You are eligible to receive N50,000 relief grant. Claim your grant here: http://fg-empowerment-ng.site",grant_fraud
1,"CONGRATULATIONS! Your mobile number won N777,000 in the Glo Promo. Pay N4,000 processing fee to account 0123456789 to receive cash.",advance_fee
0,"Airtel: Dear Customer, you have used 80% of your daily data bundle. Dial *323# to buy a top-up.",telco_info
1,"JOB OFFER: Urgently recruiting Admin Officers at Abuja, Lagos. Salary: N180,000/month. Text YES to 09038272563 for interview invitation.",fake_job
1,"Central Bank Investment Scheme: N10,000 gives N30,000 in 24 hours. No loss. Call admin on 08120705342 now.",ponzi
1,URGENT: Your OPay account has been restricted due to unverified NIN. Call 08131637050 immediately to update your details.,banking_phishing
0,"Airtel: Dear Customer, you have used 80% of your daily data bundle. Dial *323# to buy a top-up.",telco_info
0,9mobile: You have successfully activated 1.5GB Data Plan. Valid for 30 days. Dial *312# to check your data balance.,telco_info
1,"Credit Alert: N398,000.00 credited to your account from IBRAHIM. Ref: TRX52918647. Call 08038574717 if you did not expect this payment.",fake_alert
0,"MTN: Dear Customer, you have used 80% of your daily data bundle. Dial *323# to buy a top-up.",telco_info
1,"Invest N6,000 and get N46,000 in 45 minutes! 100% paying platform guaranteed. Join Telegram: t.me/ng_crypto_doubler",ponzi
1,"Invest N7,000 and get N49,000 in 45 minutes! 100% paying platform guaranteed. Join Telegram: t.me/ng_crypto_doubler",ponzi
0,I have arrived at Surulere. Will call you once the meeting is done.,personal
0,"Glo: Dear Customer, you have used 80% of your daily data bundle. Dial *323# to buy a top-up.",telco_info
0,"Fidelity: Credit N48,000.00. Desc: NIP/TRANSFER FROM OLUMIDE. Bal: N455,000.00.",bank_alert
0,Good morning ma. Please remember to buy bread and sachet water on your way back from work.,personal
1,"International Oil Company hiring Field Support Staff in Surulere. Earn N350,000 monthly. Send application details via WhatsApp: 08132377567",fake_job
1,"JOB OFFER: Urgently recruiting Admin Officers at Port Harcourt, Lagos. Salary: N180,000/month. Text YES to 08160118360 for interview invitation.",fake_job
1,URGENT: Your GTBank account has been restricted due to unverified NIN. Call 09011245737 immediately to update your details.,banking_phishing
1,"JOB OFFER: Urgently recruiting Admin Officers at Port Harcourt, Lagos. Salary: N180,000/month. Text YES to 08025814888 for interview invitation.",fake_job
0,Glo: You have successfully activated 1.5GB Data Plan. Valid for 30 days. Dial *312# to check your data balance.,telco_info
0,"MTN: Dear Customer, you have used 80% of your daily data bundle. Dial *323# to buy a top-up.",telco_info
1,"Invest N4,000 and get N16,000 in 45 minutes! 100% paying platform guaranteed. Join Telegram: t.me/ng_crypto_doubler",ponzi
1,URGENT: Your Kuda account has been restricted due to unverified NIN. Call 08131318456 immediately to update your details.,banking_phishing
1,"Invest N8,000 and get N21,000 in 45 minutes! 100% paying platform guaranteed. Join Telegram: t.me/ng_crypto_doubler",ponzi
1,"Dear customer, your BVN has been flagged for fraud. Kindly text your 11-digit BVN and DOB to 08030255464 to clear your profile.",banking_phishing
1,"Federal Govt Empowerment Fund: You are eligible to receive N50,000 relief grant. Claim your grant here: http://fg-empowerment-ng.site",grant_fraud
1,"Get instant loan of N16,000 directly to your Zenith Bank account in 2 minutes! No document needed. Download: bit.ly/ng-loan-32",loan_scam
1,DEBT WARNING: OLUMIDE with phone 08160426469 is a chronic defaulter on LendNG. Pay your debt today to avoid publishing your BVN online.,loan_harassment
0,"Kuda: Acct 012***5346 Debited: N7,000.00 Desc: POS PURCHASE - Yaba. Bal: N29,000.00.",bank_alert
1,"Invest N2,000 and get N25,000 in 45 minutes! 100% paying platform guaranteed. Join Telegram: t.me/ng_crypto_doubler",ponzi
1,"Credit Alert: N277,000.00 credited to your account from SUNDAY. Ref: TRX33895240. Call 08021647924 if you did not expect this payment.",fake_alert
1,DEBT WARNING: BLESSING with phone 07035306935 is a chronic defaulter on FastCash. Pay your debt today to avoid publishing your BVN online.,loan_harassment
0,"Bro, abeg transfer N2,000 give me. I dey Kano like this, money no dey my hand for transport.",personal
1,"Get instant loan of N40,000 directly to your PalmPay account in 2 minutes! No document needed. Download: bit.ly/ng-loan-29",loan_scam
0,I have arrived at Ikeja. Will call you once the meeting is done.,personal
1,"CONGRATULATIONS! Your mobile number won N588,000 in the Airtel Promo. Pay N5,000 processing fee to account 0123456789 to receive cash.",advance_fee
1,"Federal Govt Empowerment Fund: You are eligible to receive N50,000 relief grant. Claim your grant here: http://fg-empowerment-ng.site",grant_fraud
0,"Airtel: Dear Customer, you have used 80% of your daily data bundle. Dial *323# to buy a top-up.",telco_info
0,"Glo: Dear Customer, you have used 80% of your daily data bundle. Dial *323# to buy a top-up.",telco_info
1,"CONGRATULATIONS! Your mobile number won N610,000 in the Airtel Promo. Pay N9,000 processing fee to account 0123456789 to receive cash.",advance_fee
1,"Invest N1,000 and get N17,000 in 45 minutes! 100% paying platform guaranteed. Join Telegram: t.me/ng_crypto_doubler",ponzi
0,I have arrived at Yaba. Will call you once the meeting is done.,personal
1,"Invest N7,000 and get N29,000 in 45 minutes! 100% paying platform guaranteed. Join Telegram: t.me/ng_crypto_doubler",ponzi
1,"Invest N5,000 and get N48,000 in 45 minutes! 100% paying platform guaranteed. Join Telegram: t.me/ng_crypto_doubler",ponzi
0,I have arrived at Abuja. Will call you once the meeting is done.,personal
0,"MTN: Dear Customer, you have used 80% of your daily data bundle. Dial *323# to buy a top-up.",telco_info
1,"Invest N9,000 and get N27,000 in 45 minutes! 100% paying platform guaranteed. Join Telegram: t.me/ng_crypto_doubler",ponzi
0,"Bro, abeg transfer N4,000 give me. I dey Abuja like this, money no dey my hand for transport.",personal
0,"Fidelity: Your One Time Password (OTP) is 182704 for transfer of N1,000.00 to IBRAHIM. Valid for 5 minutes. DO NOT SHARE.",otp
1,DEBT WARNING: SUNDAY with phone 08121694353 is a chronic defaulter on PalmCredit. Pay your debt today to avoid publishing your BVN online.,loan_harassment
0,Glo: You have successfully activated 1.5GB Data Plan. Valid for 30 days. Dial *312# to check your data balance.,telco_info
1,DEBT WARNING: OLUMIDE with phone 08035336452 is a chronic defaulter on EasyCredit. Pay your debt today to avoid publishing your BVN online.,loan_harassment
0,"Bro, abeg transfer N5,000 give me. I dey Abuja like this, money no dey my hand for transport.",personal
0,I have arrived at Surulere. Will call you once the meeting is done.,personal
1,"Dear customer, your BVN has been flagged for fraud. Kindly text your 11-digit BVN and DOB to 08160813722 to clear your profile.",banking_phishing
1,"ALERT: A transaction of N33,000 was attempted on your PalmPay app. If not you, click http://firstbank-secure-portal.com to block account.",banking_phishing
1,"International Oil Company hiring Field Support Staff in Yaba. Earn N350,000 monthly. Send application details via WhatsApp: 09018798066",fake_job
0,Good morning ma. Please remember to buy bread and sachet water on your way back from work.,personal
1,"Central Bank Investment Scheme: N10,000 gives N30,000 in 24 hours. No loss. Call admin on 07038531726 now.",ponzi
1,"Credit Alert: N467,000.00 credited to your account from ADAMU. Ref: TRX16670189. Call 08130428632 if you did not expect this payment.",fake_alert
1,"Central Bank Investment Scheme: N10,000 gives N30,000 in 24 hours. No loss. Call admin on 08167852892 now.",ponzi
0,"UBA: Acct 012***1685 Debited: N1,000.00 Desc: POS PURCHASE - Ibadan. Bal: N24,000.00.",bank_alert
0,9mobile: You have successfully activated 1.5GB Data Plan. Valid for 30 days. Dial *312# to check your data balance.,telco_info
1,"JOB OFFER: Urgently recruiting Admin Officers at Ibadan, Lagos. Salary: N180,000/month. Text YES to 08027111423 for interview invitation.",fake_job
1,"Dear customer, your BVN has been flagged for fraud. Kindly text your 11-digit BVN and DOB to 07030287957 to clear your profile.",banking_phishing
1,"Invest N2,000 and get N13,000 in 45 minutes! 100% paying platform guaranteed. Join Telegram: t.me/ng_crypto_doubler",ponzi
0,"Zenith Bank: Your One Time Password (OTP) is 972712 for transfer of N3,000.00 to ADAMU. Valid for 5 minutes. DO NOT SHARE.",otp
0,Good morning ma. Please remember to buy bread and sachet water on your way back from work.,personal
1,DEBT WARNING: BLESSING with phone 08122829335 is a chronic defaulter on FastCash. Pay your debt today to avoid publishing your BVN online.,loan_harassment
0,"PalmPay: Credit N25,000.00. Desc: NIP/TRANSFER FROM SUNDAY. Bal: N308,000.00.",bank_alert
0,"UBA: Your One Time Password (OTP) is 207507 for transfer of N4,000.00 to SUNDAY. Valid for 5 minutes. DO NOT SHARE.",otp
0,I have arrived at Ikeja. Will call you once the meeting is done.,personal
1,"Credit Alert: N803,000.00 credited to your account from EMMANUEL. Ref: TRX64300366. Call 07037943315 if you did not expect this payment.",fake_alert
1,"Federal Govt Empowerment Fund: You are eligible to receive N50,000 relief grant. Claim your grant here: http://fg-empowerment-ng.site",grant_fraud
0,Airtel: You have successfully activated 1.5GB Data Plan. Valid for 30 days. Dial *312# to check your data balance.,telco_info
1,"CONGRATULATIONS! Your mobile number won N266,000 in the Airtel Promo. Pay N5,000 processing fee to account 0123456789 to receive cash.",advance_fee
0,Guy how far? You go dey online tonight for the match? Make we talk football.,personal
0,I have arrived at Enugu. Will call you once the meeting is done.,personal
0,"FirstBank: Credit N37,000.00. Desc: NIP/TRANSFER FROM KELECHI. Bal: N941,000.00.",bank_alert
1,"Invest N6,000 and get N10,000 in 45 minutes! 100% paying platform guaranteed. Join Telegram: t.me/ng_crypto_doubler",ponzi
1,"Get instant loan of N13,000 directly to your UBA account in 2 minutes! No document needed. Download: bit.ly/ng-loan-53",loan_scam
0,"9mobile: Dear Customer, you have used 80% of your daily data bundle. Dial *323# to buy a top-up.",telco_info
0,"UBA: Credit N16,000.00. Desc: NIP/TRANSFER FROM KELECHI. Bal: N219,000.00.",bank_alert
0,"PalmPay: Credit N31,000.00. Desc: NIP/TRANSFER FROM EMMANUEL. Bal: N665,000.00.",bank_alert
1,"Get instant loan of N18,000 directly to your GTBank account in 2 minutes! No document needed. Download: bit.ly/ng-loan-86",loan_scam
0,"Kuda: Credit N14,000.00. Desc: NIP/TRANSFER FROM IBRAHIM. Bal: N490,000.00.",bank_alert
0,"Fidelity: Your One Time Password (OTP) is 818524 for transfer of N3,000.00 to IBRAHIM. Valid for 5 minutes. DO NOT SHARE.",otp
1,"CONGRATULATIONS! Your mobile number won N355,000 in the Glo Promo. Pay N4,000 processing fee to account 0123456789 to receive cash.",advance_fee
1,"Dear customer, your BVN has been flagged for fraud. Kindly text your 11-digit BVN and DOB to 08030496054 to clear your profile.",banking_phishing
1,"Federal Govt Empowerment Fund: You are eligible to receive N50,000 relief grant. Claim your grant here: http://fg-empowerment-ng.site",grant_fraud
0,"Glo: Dear Customer, you have used 80% of your daily data bundle. Dial *323# to buy a top-up.",telco_info
0,Good morning ma. Please remember to buy bread and sachet water on your way back from work.,personal
0,Good morning ma. Please remember to buy bread and sachet water on your way back from work.,personal
1,"JOB OFFER: Urgently recruiting Admin Officers at Surulere, Lagos. Salary: N180,000/month. Text YES to 09031371576 for interview invitation.",fake_job
1,"JOB OFFER: Urgently recruiting Admin Officers at Ikeja, Lagos. Salary: N180,000/month. Text YES to 09017816560 for interview invitation.",fake_job
0,"9mobile: Dear Customer, you have used 80% of your daily data bundle. Dial *323# to buy a top-up.",telco_info
0,9mobile: You have successfully activated 1.5GB Data Plan. Valid for 30 days. Dial *312# to check your data balance.,telco_info
0,"Bro, abeg transfer N8,000 give me. I dey Kano like this, money no dey my hand for transport.",personal
0,9mobile: You have successfully activated 1.5GB Data Plan. Valid for 30 days. Dial *312# to check your data balance.,telco_info
1,"JOB OFFER: Urgently recruiting Admin Officers at Kano, Lagos. Salary: N180,000/month. Text YES to 08039095233 for interview invitation.",fake_job
0,"Bro, abeg transfer N4,000 give me. I dey Yaba like this, money no dey my hand for transport.",personal
1,"International Oil Company hiring Field Support Staff in Lekki. Earn N350,000 monthly. Send application details via WhatsApp: 08124588641",fake_job
1,"Dear customer, your BVN has been flagged for fraud. Kindly text your 11-digit BVN and DOB to 08029067742 to clear your profile.",banking_phishing
0,I have arrived at Surulere. Will call you once the meeting is done.,personal
0,Glo: You have successfully activated 1.5GB Data Plan. Valid for 30 days. Dial *312# to check your data balance.,telco_info
0,"Airtel: Dear Customer, you have used 80% of your daily data bundle. Dial *323# to buy a top-up.",telco_info
0,Airtel: You have successfully activated 1.5GB Data Plan. Valid for 30 days. Dial *312# to check your data balance.,telco_info
1,"Get instant loan of N16,000 directly to your GTBank account in 2 minutes! No document needed. Download: bit.ly/ng-loan-36",loan_scam
1,"JOB OFFER: Urgently recruiting Admin Officers at Ikeja, Lagos. Salary: N180,000/month. Text YES to 08032757454 for interview invitation.",fake_job
0,Guy how far? You go dey online tonight for the match? Make we talk football.,personal
1,"Invest N9,000 and get N38,000 in 45 minutes! 100% paying platform guaranteed. Join Telegram: t.me/ng_crypto_doubler",ponzi
0,Good morning ma. Please remember to buy bread and sachet water on your way back from work.,personal
0,I have arrived at Enugu. Will call you once the meeting is done.,personal
0,"OPay: Credit N28,000.00. Desc: NIP/TRANSFER FROM KELECHI. Bal: N764,000.00.",bank_alert
0,"Bro, abeg transfer N9,000 give me. I dey Ibadan like this, money no dey my hand for transport.",personal
0,Good morning ma. Please remember to buy bread and sachet water on your way back from work.,personal
0,"GTBank: Your One Time Password (OTP) is 126711 for transfer of N7,000.00 to BLESSING. Valid for 5 minutes. DO NOT SHARE.",otp
0,Good morning ma. Please remember to buy bread and sachet water on your way back from work.,personal
1,"Invest N7,000 and get N44,000 in 45 minutes! 100% paying platform guaranteed. Join Telegram: t.me/ng_crypto_doubler",ponzi
0,I have arrived at Abuja. Will call you once the meeting is done.,personal
0,Guy how far? You go dey online tonight for the match? Make we talk football.,personal
0,Guy how far? You go dey online tonight for the match? Make we talk football.,personal
0,MTN: You have successfully activated 1.5GB Data Plan. Valid for 30 days. Dial *312# to check your data balance.,telco_info
1,DEBT WARNING: OLUMIDE with phone 09035193982 is a chronic defaulter on PalmCredit. Pay your debt today to avoid publishing your BVN online.,loan_harassment
1,"CONGRATULATIONS! Your mobile number won N942,000 in the MTN Promo. Pay N8,000 processing fee to account 0123456789 to receive cash.",advance_fee
0,I have arrived at Ibadan. Will call you once the meeting is done.,personal
0,Good morning ma. Please remember to buy bread and sachet water on your way back from work.,personal
0,"Bro, abeg transfer N1,000 give me. I dey Ikeja like this, money no dey my hand for transport.",personal
1,"Central Bank Investment Scheme: N10,000 gives N30,000 in 24 hours. No loss. Call admin on 09013372201 now.",ponzi
0,"Zenith Bank: Your One Time Password (OTP) is 449335 for transfer of N5,000.00 to OLUMIDE. Valid for 5 minutes. DO NOT SHARE.",otp
1,DEBT WARNING: IBRAHIM with phone 08167901043 is a chronic defaulter on EasyCredit. Pay your debt today to avoid publishing your BVN online.,loan_harassment
1,"Invest N3,000 and get N30,000 in 45 minutes! 100% paying platform guaranteed. Join Telegram: t.me/ng_crypto_doubler",ponzi
0,I have arrived at Enugu. Will call you once the meeting is done.,personal
1,"International Oil Company hiring Field Support Staff in Enugu. Earn N350,000 monthly. Send application details via WhatsApp: 09038525317",fake_job
1,"International Oil Company hiring Field Support Staff in Lekki. Earn N350,000 monthly. Send application details via WhatsApp: 09037447868",fake_job
1,"International Oil Company hiring Field Support Staff in Ikeja. Earn N350,000 monthly. Send application details via WhatsApp: 09015770272",fake_job
0,"Bro, abeg transfer N6,000 give me. I dey Port Harcourt like this, money no dey my hand for transport.",personal
0,"Bro, abeg transfer N9,000 give me. I dey Port Harcourt like this, money no dey my hand for transport.",personal
1,"ALERT: A transaction of N34,000 was attempted on your GTBank app. If not you, click http://firstbank-secure-portal.com to block account.",banking_phishing
0,"Bro, abeg transfer N7,000 give me. I dey Yaba like this, money no dey my hand for transport.",personal
1,"Federal Govt Empowerment Fund: You are eligible to receive N50,000 relief grant. Claim your grant here: http://fg-empowerment-ng.site",grant_fraud
0,Good morning ma. Please remember to buy bread and sachet water on your way back from work.,personal
0,9mobile: You have successfully activated 1.5GB Data Plan. Valid for 30 days. Dial *312# to check your data balance.,telco_info
0,Guy how far? You go dey online tonight for the match? Make we talk football.,personal
1,"ALERT: A transaction of N42,000 was attempted on your UBA app. If not you, click http://gtb-secure-portal.com to block account.",banking_phishing
1,"Get instant loan of N43,000 directly to your OPay account in 2 minutes! No document needed. Download: bit.ly/ng-loan-23",loan_scam
1,"Invest N7,000 and get N37,000 in 45 minutes! 100% paying platform guaranteed. Join Telegram: t.me/ng_crypto_doubler",ponzi
0,MTN: You have successfully activated 1.5GB Data Plan. Valid for 30 days. Dial *312# to check your data balance.,telco_info
1,URGENT: Your PalmPay account has been restricted due to unverified BVN. Call 08129070383 immediately to update your details.,banking_phishing
1,"International Oil Company hiring Field Support Staff in Surulere. Earn N350,000 monthly. Send application details via WhatsApp: 08126652824",fake_job
0,Good morning ma. Please remember to buy bread and sachet water on your way back from work.,personal
0,"FirstBank: Acct 012***9708 Debited: N5,000.00 Desc: POS PURCHASE - Ibadan. Bal: N20,000.00.",bank_alert
1,"Credit Alert: N742,000.00 credited to your account from CHUKWUEMEKA. Ref: TRX73482521. Call 09013605497 if you did not expect this payment.",fake_alert
0,I have arrived at Lekki. Will call you once the meeting is done.,personal
1,DEBT WARNING: SUNDAY with phone 08163213305 is a chronic defaulter on FastCash. Pay your debt today to avoid publishing your BVN online.,loan_harassment
1,"Get instant loan of N38,000 directly to your OPay account in 2 minutes! No document needed. Download: bit.ly/ng-loan-62",loan_scam
0,I have arrived at Abuja. Will call you once the meeting is done.,personal
1,"Credit Alert: N366,000.00 credited to your account from OLUMIDE. Ref: TRX46873033. Call 08031014547 if you did not expect this payment.",fake_alert
0,"Fidelity: Your One Time Password (OTP) is 903767 for transfer of N7,000.00 to KELECHI. Valid for 5 minutes. DO NOT SHARE.",otp
0,"Kuda: Your One Time Password (OTP) is 222112 for transfer of N1,000.00 to IBRAHIM. Valid for 5 minutes. DO NOT SHARE.",otp
0,"Bro, abeg transfer N1,000 give me. I dey Enugu like this, money no dey my hand for transport.",personal
1,"Credit Alert: N442,000.00 credited to your account from BLESSING. Ref: TRX79811096. Call 09018240685 if you did not expect this payment.",fake_alert
0,"Bro, abeg transfer N7,000 give me. I dey Abuja like this, money no dey my hand for transport.",personal
0,"UBA: Credit N36,000.00. Desc: NIP/TRANSFER FROM CHIOMA. Bal: N472,000.00.",bank_alert
1,"Federal Govt Empowerment Fund: You are eligible to receive N50,000 relief grant. Claim your grant here: http://fg-empowerment-ng.site",grant_fraud
0,"Airtel: Dear Customer, you have used 80% of your daily data bundle. Dial *323# to buy a top-up.",telco_info
1,"Get instant loan of N27,000 directly to your GTBank account in 2 minutes! No document needed. Download: bit.ly/ng-loan-14",loan_scam
0,9mobile: You have successfully activated 1.5GB Data Plan. Valid for 30 days. Dial *312# to check your data balance.,telco_info
1,"Federal Govt Empowerment Fund: You are eligible to receive N50,000 relief grant. Claim your grant here: http://fg-empowerment-ng.site",grant_fraud
1,DEBT WARNING: CHIOMA with phone 08137345424 is a chronic defaulter on FastCash. Pay your debt today to avoid publishing your BVN online.,loan_harassment
0,"UBA: Acct 012***3138 Debited: N2,000.00 Desc: POS PURCHASE - Enugu. Bal: N39,000.00.",bank_alert
0,Good morning ma. Please remember to buy bread and sachet water on your way back from work.,personal
0,"GTBank: Credit N22,000.00. Desc: NIP/TRANSFER FROM OLUMIDE. Bal: N542,000.00.",bank_alert
0,Good morning ma. Please remember to buy bread and sachet water on your way back from work.,personal
1,"Credit Alert: N725,000.00 credited to your account from EMMANUEL. Ref: TRX16881441. Call 09015447227 if you did not expect this payment.",fake_alert
0,Guy how far? You go dey online tonight for the match? Make we talk football.,personal
1,"Get instant loan of N11,000 directly to your Zenith Bank account in 2 minutes! No document needed. Download: bit.ly/ng-loan-45",loan_scam
1,"Invest N9,000 and get N46,000 in 45 minutes! 100% paying platform guaranteed. Join Telegram: t.me/ng_crypto_doubler",ponzi
0,"Bro, abeg transfer N2,000 give me. I dey Surulere like this, money no dey my hand for transport.",personal
0,"Airtel: Dear Customer, you have used 80% of your daily data bundle. Dial *323# to buy a top-up.",telco_info
0,Good morning ma. Please remember to buy bread and sachet water on your way back from work.,personal
1,"Dear customer, your BVN has been flagged for fraud. Kindly text your 11-digit BVN and DOB to 08163664970 to clear your profile.",banking_phishing
0,"Bro, abeg transfer N1,000 give me. I dey Ibadan like this, money no dey my hand for transport.",personal
1,"Federal Govt Empowerment Fund: You are eligible to receive N50,000 relief grant. Claim your grant here: http://fg-empowerment-ng.site",grant_fraud
1,"Get instant loan of N10,000 directly to your UBA account in 2 minutes! No document needed. Download: bit.ly/ng-loan-47",loan_scam
1,"CONGRATULATIONS! Your mobile number won N247,000 in the Glo Promo. Pay N5,000 processing fee to account 0123456789 to receive cash.",advance_fee
1,URGENT: Your OPay account has been restricted due to unverified NIN. Call 09035861793 immediately to update your details.,banking_phishing
0,"Airtel: Dear Customer, you have used 80% of your daily data bundle. Dial *323# to buy a top-up.",telco_info
1,DEBT WARNING: ADAMU with phone 09037859713 is a chronic defaulter on QuickLoan. Pay your debt today to avoid publishing your BVN online.,loan_harassment
1,"Federal Govt Empowerment Fund: You are eligible to receive N50,000 relief grant. Claim your grant here: http://fg-empowerment-ng.site",grant_fraud
0,9mobile: You have successfully activated 1.5GB Data Plan. Valid for 30 days. Dial *312# to check your data balance.,telco_info
0,Guy how far? You go dey online tonight for the match? Make we talk football.,personal
0,"FirstBank: Acct 012***4224 Debited: N3,000.00 Desc: POS PURCHASE - Ikeja. Bal: N23,000.00.",bank_alert
1,DEBT WARNING: BLESSING with phone 08036472095 is a chronic defaulter on PalmCredit. Pay your debt today to avoid publishing your BVN online.,loan_harassment
0,"Zenith Bank: Acct 012***3906 Debited: N1,000.00 Desc: POS PURCHASE - Abuja. Bal: N25,000.00.",bank_alert
0,"Airtel: Dear Customer, you have used 80% of your daily data bundle. Dial *323# to buy a top-up.",telco_info
1,"Federal Govt Empowerment Fund: You are eligible to receive N50,000 relief grant. Claim your grant here: http://fg-empowerment-ng.site",grant_fraud
1,"CONGRATULATIONS! Your mobile number won N695,000 in the Airtel Promo. Pay N5,000 processing fee to account 0123456789 to receive cash.",advance_fee
0,I have arrived at Abuja. Will call you once the meeting is done.,personal
0,I have arrived at Ibadan. Will call you once the meeting is done.,personal
1,"Federal Govt Empowerment Fund: You are eligible to receive N50,000 relief grant. Claim your grant here: http://fg-empowerment-ng.site",grant_fraud
0,"GTBank: Credit N34,000.00. Desc: NIP/TRANSFER FROM OLUMIDE. Bal: N947,000.00.",bank_alert
1,"Federal Govt Empowerment Fund: You are eligible to receive N50,000 relief grant. Claim your grant here: http://fg-empowerment-ng.site",grant_fraud
0,"Glo: Dear Customer, you have used 80% of your daily data bundle. Dial *323# to buy a top-up.",telco_info
0,"MTN: Dear Customer, you have used 80% of your daily data bundle. Dial *323# to buy a top-up.",telco_info
1,"Credit Alert: N328,000.00 credited to your account from EMMANUEL. Ref: TRX56873002. Call 08164312182 if you did not expect this payment.",fake_alert
1,"JOB OFFER: Urgently recruiting Admin Officers at Port Harcourt, Lagos. Salary: N180,000/month. Text YES to 08137280512 for interview invitation.",fake_job
1,"Credit Alert: N815,000.00 credited to your account from KELECHI. Ref: TRX92241997. Call 08034010414 if you did not expect this payment.",fake_alert
0,Guy how far? You go dey online tonight for the match? Make we talk football.,personal
1,"CONGRATULATIONS! Your mobile number won N886,000 in the 9mobile Promo. Pay N5,000 processing fee to account 0123456789 to receive cash.",advance_fee
1,"ALERT: A transaction of N32,000 was attempted on your Kuda app. If not you, click http://access-secure-portal.com to block account.",banking_phishing
0,"Bro, abeg transfer N9,000 give me. I dey Lekki like this, money no dey my hand for transport.",personal
0,"Bro, abeg transfer N8,000 give me. I dey Port Harcourt like this, money no dey my hand for transport.",personal
1,"JOB OFFER: Urgently recruiting Admin Officers at Yaba, Lagos. Salary: N180,000/month. Text YES to 08132328541 for interview invitation.",fake_job
0,Glo: You have successfully activated 1.5GB Data Plan. Valid for 30 days. Dial *312# to check your data balance.,telco_info
0,"GTBank: Your One Time Password (OTP) is 901549 for transfer of N7,000.00 to CHIOMA. Valid for 5 minutes. DO NOT SHARE.",otp
0,Guy how far? You go dey online tonight for the match? Make we talk football.,personal
0,"Bro, abeg transfer N6,000 give me. I dey Surulere like this, money no dey my hand for transport.",personal
1,"Credit Alert: N347,000.00 credited to your account from CHIOMA. Ref: TRX71557118. Call 08122474098 if you did not expect this payment.",fake_alert
1,"JOB OFFER: Urgently recruiting Admin Officers at Yaba, Lagos. Salary: N180,000/month. Text YES to 09010672823 for interview invitation.",fake_job
0,Glo: You have successfully activated 1.5GB Data Plan. Valid for 30 days. Dial *312# to check your data balance.,telco_info
1,"International Oil Company hiring Field Support Staff in Ikeja. Earn N350,000 monthly. Send application details via WhatsApp: 09031461177",fake_job
1,"CONGRATULATIONS! Your mobile number won N483,000 in the Airtel Promo. Pay N2,000 processing fee to account 0123456789 to receive cash.",advance_fee
0,"FirstBank: Credit N40,000.00. Desc: NIP/TRANSFER FROM EMMANUEL. Bal: N279,000.00.",bank_alert
0,9mobile: You have successfully activated 1.5GB Data Plan. Valid for 30 days. Dial *312# to check your data balance.,telco_info
0,"UBA: Your One Time Password (OTP) is 230001 for transfer of N9,000.00 to SUNDAY. Valid for 5 minutes. DO NOT SHARE.",otp
0,"UBA: Acct 012***3372 Debited: N7,000.00 Desc: POS PURCHASE - Yaba. Bal: N15,000.00.",bank_alert
0,"9mobile: Dear Customer, you have used 80% of your daily data bundle. Dial *323# to buy a top-up.",telco_info
0,"Fidelity: Your One Time Password (OTP) is 544971 for transfer of N5,000.00 to KELECHI. Valid for 5 minutes. DO NOT SHARE.",otp
0,I have arrived at Surulere. Will call you once the meeting is done.,personal
0,"Glo: Dear Customer, you have used 80% of your daily data bundle. Dial *323# to buy a top-up.",telco_info
0,"FirstBank: Acct 012***1434 Debited: N6,000.00 Desc: POS PURCHASE - Yaba. Bal: N26,000.00.",bank_alert
0,Glo: You have successfully activated 1.5GB Data Plan. Valid for 30 days. Dial *312# to check your data balance.,telco_info
0,I have arrived at Lekki. Will call you once the meeting is done.,personal
1,"International Oil Company hiring Field Support Staff in Port Harcourt. Earn N350,000 monthly. Send application details via WhatsApp: 08037127971",fake_job
1,"Dear customer, your BVN has been flagged for fraud. Kindly text your 11-digit BVN and DOB to 09034536292 to clear your profile.",banking_phishing
0,9mobile: You have successfully activated 1.5GB Data Plan. Valid for 30 days. Dial *312# to check your data balance.,telco_info
0,"Access Bank: Credit N35,000.00. Desc: NIP/TRANSFER FROM CHIOMA. Bal: N314,000.00.",bank_alert
1,"Get instant loan of N26,000 directly to your Zenith Bank account in 2 minutes! No document needed. Download: bit.ly/ng-loan-63",loan_scam
1,DEBT WARNING: EMMANUEL with phone 09019119941 is a chronic defaulter on LendNG. Pay your debt today to avoid publishing your BVN online.,loan_harassment
1,"Credit Alert: N227,000.00 credited to your account from ADAMU. Ref: TRX41957026. Call 08166061251 if you did not expect this payment.",fake_alert
0,"PalmPay: Acct 012***5372 Debited: N7,000.00 Desc: POS PURCHASE - Ikeja. Bal: N46,000.00.",bank_alert
1,DEBT WARNING: IBRAHIM with phone 09034482961 is a chronic defaulter on LendNG. Pay your debt today to avoid publishing your BVN online.,loan_harassment
0,"OPay: Acct 012***5656 Debited: N2,000.00 Desc: POS PURCHASE - Yaba. Bal: N37,000.00.",bank_alert
1,"ALERT: A transaction of N26,000 was attempted on your Access Bank app. If not you, click http://access-secure-portal.com to block account.",banking_phishing
0,I have arrived at Ibadan. Will call you once the meeting is done.,personal
1,"JOB OFFER: Urgently recruiting Admin Officers at Ibadan, Lagos. Salary: N180,000/month. Text YES to 08162934172 for interview invitation.",fake_job
0,"Fidelity: Your One Time Password (OTP) is 646219 for transfer of N7,000.00 to EMMANUEL. Valid for 5 minutes. DO NOT SHARE.",otp
1,"CONGRATULATIONS! Your mobile number won N112,000 in the Glo Promo. Pay N6,000 processing fee to account 0123456789 to receive cash.",advance_fee
0,MTN: You have successfully activated 1.5GB Data Plan. Valid for 30 days. Dial *312# to check your data balance.,telco_info
1,"Central Bank Investment Scheme: N10,000 gives N30,000 in 24 hours. No loss. Call admin on 07032178572 now.",ponzi
0,"Zenith Bank: Credit N47,000.00. Desc: NIP/TRANSFER FROM CHUKWUEMEKA. Bal: N391,000.00.",bank_alert
0,Guy how far? You go dey online tonight for the match? Make we talk football.,personal
1,"JOB OFFER: Urgently recruiting Admin Officers at Surulere, Lagos. Salary: N180,000/month. Text YES to 08122071511 for interview invitation.",fake_job
0,"Bro, abeg transfer N1,000 give me. I dey Yaba like this, money no dey my hand for transport.",personal
0,9mobile: You have successfully activated 1.5GB Data Plan. Valid for 30 days. Dial *312# to check your data balance.,telco_info
0,Guy how far? You go dey online tonight for the match? Make we talk football.,personal
1,"Dear customer, your BVN has been flagged for fraud. Kindly text your 11-digit BVN and DOB to 08160322508 to clear your profile.",banking_phishing
1,"International Oil Company hiring Field Support Staff in Surulere. Earn N350,000 monthly. Send application details via WhatsApp: 09012287512",fake_job
0,"9mobile: Dear Customer, you have used 80% of your daily data bundle. Dial *323# to buy a top-up.",telco_info
0,"Access Bank: Credit N15,000.00. Desc: NIP/TRANSFER FROM SUNDAY. Bal: N513,000.00.",bank_alert
1,"Federal Govt Empowerment Fund: You are eligible to receive N50,000 relief grant. Claim your grant here: http://fg-empowerment-ng.site",grant_fraud
0,I have arrived at Kano. Will call you once the meeting is done.,personal
0,"GTBank: Your One Time Password (OTP) is 177532 for transfer of N3,000.00 to BLESSING. Valid for 5 minutes. DO NOT SHARE.",otp
1,"International Oil Company hiring Field Support Staff in Enugu. Earn N350,000 monthly. Send application details via WhatsApp: 08036359312",fake_job
1,"Get instant loan of N30,000 directly to your FirstBank account in 2 minutes! No document needed. Download: bit.ly/ng-loan-68",loan_scam
1,"Get instant loan of N27,000 directly to your Access Bank account in 2 minutes! No document needed. Download: bit.ly/ng-loan-53",loan_scam
0,"UBA: Acct 012***3508 Debited: N3,000.00 Desc: POS PURCHASE - Surulere. Bal: N46,000.00.",bank_alert
1,"Dear customer, your BVN has been flagged for fraud. Kindly text your 11-digit BVN and DOB to 09032480995 to clear your profile.",banking_phishing
0,9mobile: You have successfully activated 1.5GB Data Plan. Valid for 30 days. Dial *312# to check your data balance.,telco_info
1,"ALERT: A transaction of N30,000 was attempted on your PalmPay app. If not you, click http://firstbank-secure-portal.com to block account.",banking_phishing
0,MTN: You have successfully activated 1.5GB Data Plan. Valid for 30 days. Dial *312# to check your data balance.,telco_info
1,"International Oil Company hiring Field Support Staff in Ibadan. Earn N350,000 monthly. Send application details via WhatsApp: 08131219804",fake_job
1,DEBT WARNING: ADAMU with phone 08124279346 is a chronic defaulter on FastCash. Pay your debt today to avoid publishing your BVN online.,loan_harassment
0,I have arrived at Lekki. Will call you once the meeting is done.,personal
0,Glo: You have successfully activated 1.5GB Data Plan. Valid for 30 days. Dial *312# to check your data balance.,telco_info
1,"Credit Alert: N754,000.00 credited to your account from KELECHI. Ref: TRX28458845. Call 08124205125 if you did not expect this payment.",fake_alert
1,"JOB OFFER: Urgently recruiting Admin Officers at Enugu, Lagos. Salary: N180,000/month. Text YES to 08169491790 for interview invitation.",fake_job
1,"Invest N7,000 and get N43,000 in 45 minutes! 100% paying platform guaranteed. Join Telegram: t.me/ng_crypto_doubler",ponzi
0,"Kuda: Your One Time Password (OTP) is 649334 for transfer of N8,000.00 to EMMANUEL. Valid for 5 minutes. DO NOT SHARE.",otp
0,"Fidelity: Credit N15,000.00. Desc: NIP/TRANSFER FROM IBRAHIM. Bal: N791,000.00.",bank_alert
1,"Federal Govt Empowerment Fund: You are eligible to receive N50,000 relief grant. Claim your grant here: http://fg-empowerment-ng.site",grant_fraud
1,"Get instant loan of N49,000 directly to your Access Bank account in 2 minutes! No document needed. Download: bit.ly/ng-loan-42",loan_scam
1,"Get instant loan of N31,000 directly to your Kuda account in 2 minutes! No document needed. Download: bit.ly/ng-loan-10",loan_scam
1,"Get instant loan of N43,000 directly to your PalmPay account in 2 minutes! No document needed. Download: bit.ly/ng-loan-77",loan_scam
1,"Get instant loan of N29,000 directly to your UBA account in 2 minutes! No document needed. Download: bit.ly/ng-loan-97",loan_scam
1,"JOB OFFER: Urgently recruiting Admin Officers at Ibadan, Lagos. Salary: N180,000/month. Text YES to 09011662156 for interview invitation.",fake_job
1,"Federal Govt Empowerment Fund: You are eligible to receive N50,000 relief grant. Claim your grant here: http://fg-empowerment-ng.site",grant_fraud
1,DEBT WARNING: CHUKWUEMEKA with phone 08131507174 is a chronic defaulter on PalmCredit. Pay your debt today to avoid publishing your BVN online.,loan_harassment
1,URGENT: Your Fidelity account has been restricted due to unverified BVN. Call 08024335862 immediately to update your details.,banking_phishing
0,"GTBank: Your One Time Password (OTP) is 979862 for transfer of N6,000.00 to EMMANUEL. Valid for 5 minutes. DO NOT SHARE.",otp
0,"PalmPay: Acct 012***2036 Debited: N4,000.00 Desc: POS PURCHASE - Lekki. Bal: N14,000.00.",bank_alert
0,"Fidelity: Acct 012***2639 Debited: N2,000.00 Desc: POS PURCHASE - Abuja. Bal: N22,000.00.",bank_alert
0,"Fidelity: Your One Time Password (OTP) is 788914 for transfer of N2,000.00 to CHUKWUEMEKA. Valid for 5 minutes. DO NOT SHARE.",otp
1,"Central Bank Investment Scheme: N10,000 gives N30,000 in 24 hours. No loss. Call admin on 08132440793 now.",ponzi
0,"PalmPay: Your One Time Password (OTP) is 800330 for transfer of N2,000.00 to OLUMIDE. Valid for 5 minutes. DO NOT SHARE.",otp
0,"UBA: Credit N26,000.00. Desc: NIP/TRANSFER FROM SUNDAY. Bal: N836,000.00.",bank_alert
0,"Zenith Bank: Credit N23,000.00. Desc: NIP/TRANSFER FROM CHUKWUEMEKA. Bal: N821,000.00.",bank_alert
0,Guy how far? You go dey online tonight for the match? Make we talk football.,personal
1,"Credit Alert: N813,000.00 credited to your account from BLESSING. Ref: TRX84115123. Call 07033269249 if you did not expect this payment.",fake_alert
1,"CONGRATULATIONS! Your mobile number won N382,000 in the 9mobile Promo. Pay N5,000 processing fee to account 0123456789 to receive cash.",advance_fee
1,"Credit Alert: N205,000.00 credited to your account from ADAMU. Ref: TRX64875946. Call 09012241142 if you did not expect this payment.",fake_alert
0,I have arrived at Port Harcourt. Will call you once the meeting is done.,personal
0,I have arrived at Enugu. Will call you once the meeting is done.,personal
0,Guy how far? You go dey online tonight for the match? Make we talk football.,personal
1,"ALERT: A transaction of N33,000 was attempted on your OPay app. If not you, click http://firstbank-secure-portal.com to block account.",banking_phishing
0,"PalmPay: Acct 012***7870 Debited: N5,000.00 Desc: POS PURCHASE - Surulere. Bal: N12,000.00.",bank_alert
1,"CONGRATULATIONS! Your mobile number won N924,000 in the Airtel Promo. Pay N4,000 processing fee to account 0123456789 to receive cash.",advance_fee
1,"International Oil Company hiring Field Support Staff in Enugu. Earn N350,000 monthly. Send application details via WhatsApp: 08031580439",fake_job
1,"ALERT: A transaction of N49,000 was attempted on your PalmPay app. If not you, click http://zenith-secure-portal.com to block account.",banking_phishing
1,"Federal Govt Empowerment Fund: You are eligible to receive N50,000 relief grant. Claim your grant here: http://fg-empowerment-ng.site",grant_fraud
0,9mobile: You have successfully activated 1.5GB Data Plan. Valid for 30 days. Dial *312# to check your data balance.,telco_info
1,URGENT: Your GTBank account has been restricted due to unverified BVN. Call 08169916716 immediately to update your details.,banking_phishing
1,"Invest N4,000 and get N17,000 in 45 minutes! 100% paying platform guaranteed. Join Telegram: t.me/ng_crypto_doubler",ponzi
0,"Bro, abeg transfer N4,000 give me. I dey Kano like this, money no dey my hand for transport.",personal
1,URGENT: Your GTBank account has been restricted due to unverified KYC records. Call 08120823509 immediately to update your details.,banking_phishing
0,"Glo: Dear Customer, you have used 80% of your daily data bundle. Dial *323# to buy a top-up.",telco_info
1,"International Oil Company hiring Field Support Staff in Enugu. Earn N350,000 monthly. Send application details via WhatsApp: 07030958635",fake_job
0,Guy how far? You go dey online tonight for the match? Make we talk football.,personal
0,Guy how far? You go dey online tonight for the match? Make we talk football.,personal
0,"Bro, abeg transfer N3,000 give me. I dey Ibadan like this, money no dey my hand for transport.",personal
1,"Central Bank Investment Scheme: N10,000 gives N30,000 in 24 hours. No loss. Call admin on 08130783716 now.",ponzi
0,I have arrived at Surulere. Will call you once the meeting is done.,personal
1,"Credit Alert: N245,000.00 credited to your account from CHIOMA. Ref: TRX38813033. Call 08122521602 if you did not expect this payment.",fake_alert
1,"International Oil Company hiring Field Support Staff in Ibadan. Earn N350,000 monthly. Send application details via WhatsApp: 09014818674",fake_job
1,"Federal Govt Empowerment Fund: You are eligible to receive N50,000 relief grant. Claim your grant here: http://fg-empowerment-ng.site",grant_fraud
0,"OPay: Your One Time Password (OTP) is 685661 for transfer of N4,000.00 to SUNDAY. Valid for 5 minutes. DO NOT SHARE.",otp
1,"Central Bank Investment Scheme: N10,000 gives N30,000 in 24 hours. No loss. Call admin on 09011905348 now.",ponzi
0,MTN: You have successfully activated 1.5GB Data Plan. Valid for 30 days. Dial *312# to check your data balance.,telco_info
1,"CONGRATULATIONS! Your mobile number won N221,000 in the MTN Promo. Pay N9,000 processing fee to account 0123456789 to receive cash.",advance_fee
0,"FirstBank: Credit N31,000.00. Desc: NIP/TRANSFER FROM SUNDAY. Bal: N310,000.00.",bank_alert
1,"Federal Govt Empowerment Fund: You are eligible to receive N50,000 relief grant. Claim your grant here: http://fg-empowerment-ng.site",grant_fraud
1,"Dear customer, your BVN has been flagged for fraud. Kindly text your 11-digit BVN and DOB to 09013733978 to clear your profile.",banking_phishing
0,I have arrived at Ibadan. Will call you once the meeting is done.,personal
1,"Get instant loan of N20,000 directly to your OPay account in 2 minutes! No document needed. Download: bit.ly/ng-loan-45",loan_scam
1,"ALERT: A transaction of N37,000 was attempted on your Access Bank app. If not you, click http://firstbank-secure-portal.com to block account.",banking_phishing
0,"MTN: Dear Customer, you have used 80% of your daily data bundle. Dial *323# to buy a top-up.",telco_info
1,"Federal Govt Empowerment Fund: You are eligible to receive N50,000 relief grant. Claim your grant here: http://fg-empowerment-ng.site",grant_fraud
0,I have arrived at Port Harcourt. Will call you once the meeting is done.,personal
1,DEBT WARNING: SUNDAY with phone 08125799883 is a chronic defaulter on QuickLoan. Pay your debt today to avoid publishing your BVN online.,loan_harassment
1,URGENT: Your PalmPay account has been restricted due to unverified BVN. Call 08130853686 immediately to update your details.,banking_phishing
1,"Get instant loan of N10,000 directly to your Kuda account in 2 minutes! No document needed. Download: bit.ly/ng-loan-60",loan_scam
0,"Zenith Bank: Credit N13,000.00. Desc: NIP/TRANSFER FROM OLUMIDE. Bal: N208,000.00.",bank_alert
0,Airtel: You have successfully activated 1.5GB Data Plan. Valid for 30 days. Dial *312# to check your data balance.,telco_info
1,"Get instant loan of N13,000 directly to your OPay account in 2 minutes! No document needed. Download: bit.ly/ng-loan-65",loan_scam
1,"Central Bank Investment Scheme: N10,000 gives N30,000 in 24 hours. No loss. Call admin on 08121168460 now.",ponzi
1,"Credit Alert: N153,000.00 credited to your account from ADAMU. Ref: TRX77638983. Call 09037625923 if you did not expect this payment.",fake_alert
1,"Dear customer, your BVN has been flagged for fraud. Kindly text your 11-digit BVN and DOB to 08039997570 to clear your profile.",banking_phishing
1,"Invest N3,000 and get N31,000 in 45 minutes! 100% paying platform guaranteed. Join Telegram: t.me/ng_crypto_doubler",ponzi
1,"Dear customer, your BVN has been flagged for fraud. Kindly text your 11-digit BVN and DOB to 09030312191 to clear your profile.",banking_phishing
0,Glo: You have successfully activated 1.5GB Data Plan. Valid for 30 days. Dial *312# to check your data balance.,telco_info
0,"Fidelity: Acct 012***1848 Debited: N6,000.00 Desc: POS PURCHASE - Ikeja. Bal: N37,000.00.",bank_alert
0,I have arrived at Abuja. Will call you once the meeting is done.,personal
0,"Bro, abeg transfer N7,000 give me. I dey Abuja like this, money no dey my hand for transport.",personal
0,"GTBank: Your One Time Password (OTP) is 460263 for transfer of N1,000.00 to OLUMIDE. Valid for 5 minutes. DO NOT SHARE.",otp
0,Guy how far? You go dey online tonight for the match? Make we talk football.,personal
1,"Invest N7,000 and get N18,000 in 45 minutes! 100% paying platform guaranteed. Join Telegram: t.me/ng_crypto_doubler",ponzi
1,DEBT WARNING: OLUMIDE with phone 08136363813 is a chronic defaulter on QuickLoan. Pay your debt today to avoid publishing your BVN online.,loan_harassment
0,Good morning ma. Please remember to buy bread and sachet water on your way back from work.,personal
1,"Central Bank Investment Scheme: N10,000 gives N30,000 in 24 hours. No loss. Call admin on 08132579816 now.",ponzi
1,"Invest N4,000 and get N37,000 in 45 minutes! 100% paying platform guaranteed. Join Telegram: t.me/ng_crypto_doubler",ponzi
0,"FirstBank: Credit N23,000.00. Desc: NIP/TRANSFER FROM CHUKWUEMEKA. Bal: N275,000.00.",bank_alert
1,"ALERT: A transaction of N17,000 was attempted on your GTBank app. If not you, click http://access-secure-portal.com to block account.",banking_phishing
0,Glo: You have successfully activated 1.5GB Data Plan. Valid for 30 days. Dial *312# to check your data balance.,telco_info
1,"Get instant loan of N12,000 directly to your Kuda account in 2 minutes! No document needed. Download: bit.ly/ng-loan-77",loan_scam
0,Glo: You have successfully activated 1.5GB Data Plan. Valid for 30 days. Dial *312# to check your data balance.,telco_info
1,"ALERT: A transaction of N39,000 was attempted on your OPay app. If not you, click http://zenith-secure-portal.com to block account.",banking_phishing
1,"Get instant loan of N48,000 directly to your Fidelity account in 2 minutes! No document needed. Download: bit.ly/ng-loan-48",loan_scam
0,Guy how far? You go dey online tonight for the match? Make we talk football.,personal
1,"Get instant loan of N24,000 directly to your UBA account in 2 minutes! No document needed. Download: bit.ly/ng-loan-46",loan_scam
1,"Federal Govt Empowerment Fund: You are eligible to receive N50,000 relief grant. Claim your grant here: http://fg-empowerment-ng.site",grant_fraud
0,Guy how far? You go dey online tonight for the match? Make we talk football.,personal
0,Glo: You have successfully activated 1.5GB Data Plan. Valid for 30 days. Dial *312# to check your data balance.,telco_info
1,"International Oil Company hiring Field Support Staff in Kano. Earn N350,000 monthly. Send application details via WhatsApp: 08125205664",fake_job
0,Good morning ma. Please remember to buy bread and sachet water on your way back from work.,personal
0,"Glo: Dear Customer, you have used 80% of your daily data bundle. Dial *323# to buy a top-up.",telco_info
0,"9mobile: Dear Customer, you have used 80% of your daily data bundle. Dial *323# to buy a top-up.",telco_info
0,MTN: You have successfully activated 1.5GB Data Plan. Valid for 30 days. Dial *312# to check your data balance.,telco_info
0,"Glo: Dear Customer, you have used 80% of your daily data bundle. Dial *323# to buy a top-up.",telco_info
0,"OPay: Credit N37,000.00. Desc: NIP/TRANSFER FROM OLUMIDE. Bal: N367,000.00.",bank_alert
0,"Bro, abeg transfer N7,000 give me. I dey Lekki like this, money no dey my hand for transport.",personal
0,"GTBank: Your One Time Password (OTP) is 531414 for transfer of N3,000.00 to ADAMU. Valid for 5 minutes. DO NOT SHARE.",otp
0,Good morning ma. Please remember to buy bread and sachet water on your way back from work.,personal
0,"9mobile: Dear Customer, you have used 80% of your daily data bundle. Dial *323# to buy a top-up.",telco_info
1,"Get instant loan of N32,000 directly to your PalmPay account in 2 minutes! No document needed. Download: bit.ly/ng-loan-92",loan_scam
0,Airtel: You have successfully activated 1.5GB Data Plan. Valid for 30 days. Dial *312# to check your data balance.,telco_info
0,I have arrived at Surulere. Will call you once the meeting is done.,personal
1,"Dear customer, your BVN has been flagged for fraud. Kindly text your 11-digit BVN and DOB to 08120448515 to clear your profile.",banking_phishing
1,DEBT WARNING: BLESSING with phone 08138200003 is a chronic defaulter on FastCash. Pay your debt today to avoid publishing your BVN online.,loan_harassment
1,"JOB OFFER: Urgently recruiting Admin Officers at Enugu, Lagos. Salary: N180,000/month. Text YES to 08169752217 for interview invitation.",fake_job
0,Good morning ma. Please remember to buy bread and sachet water on your way back from work.,personal
0,"PalmPay: Your One Time Password (OTP) is 858499 for transfer of N3,000.00 to CHIOMA. Valid for 5 minutes. DO NOT SHARE.",otp
0,"Kuda: Credit N18,000.00. Desc: NIP/TRANSFER FROM IBRAHIM. Bal: N305,000.00.",bank_alert
1,DEBT WARNING: EMMANUEL with phone 08168519108 is a chronic defaulter on LendNG. Pay your debt today to avoid publishing your BVN online.,loan_harassment
1,"CONGRATULATIONS! Your mobile number won N838,000 in the 9mobile Promo. Pay N3,000 processing fee to account 0123456789 to receive cash.",advance_fee
0,MTN: You have successfully activated 1.5GB Data Plan. Valid for 30 days. Dial *312# to check your data balance.,telco_info
1,"Central Bank Investment Scheme: N10,000 gives N30,000 in 24 hours. No loss. Call admin on 07039032177 now.",ponzi
1,URGENT: Your UBA account has been restricted due to unverified BVN. Call 08028569454 immediately to update your details.,banking_phishing
1,"International Oil Company hiring Field Support Staff in Yaba. Earn N350,000 monthly. Send application details via WhatsApp: 09015476847",fake_job
1,"ALERT: A transaction of N26,000 was attempted on your OPay app. If not you, click http://firstbank-secure-portal.com to block account.",banking_phishing
0,9mobile: You have successfully activated 1.5GB Data Plan. Valid for 30 days. Dial *312# to check your data balance.,telco_info
1,"Credit Alert: N270,000.00 credited to your account from SUNDAY. Ref: TRX58279365. Call 07031944746 if you did not expect this payment.",fake_alert
1,"Central Bank Investment Scheme: N10,000 gives N30,000 in 24 hours. No loss. Call admin on 07030376768 now.",ponzi
1,"Credit Alert: N742,000.00 credited to your account from OLUMIDE. Ref: TRX59153057. Call 07030964293 if you did not expect this payment.",fake_alert
0,Guy how far? You go dey online tonight for the match? Make we talk football.,personal
1,"Federal Govt Empowerment Fund: You are eligible to receive N50,000 relief grant. Claim your grant here: http://fg-empowerment-ng.site",grant_fraud
0,"Bro, abeg transfer N4,000 give me. I dey Abuja like this, money no dey my hand for transport.",personal
1,URGENT: Your Zenith Bank account has been restricted due to unverified BVN. Call 07035588450 immediately to update your details.,banking_phishing
1,"ALERT: A transaction of N18,000 was attempted on your Zenith Bank app. If not you, click http://gtb-secure-portal.com to block account.",banking_phishing
0,"Bro, abeg transfer N1,000 give me. I dey Ikeja like this, money no dey my hand for transport.",personal
1,URGENT: Your UBA account has been restricted due to unverified BVN. Call 07031199255 immediately to update your details.,banking_phishing
0,Guy how far? You go dey online tonight for the match? Make we talk football.,personal
1,URGENT: Your FirstBank account has been restricted due to unverified BVN. Call 08130453194 immediately to update your details.,banking_phishing
1,"Dear customer, your BVN has been flagged for fraud. Kindly text your 11-digit BVN and DOB to 08033163073 to clear your profile.",banking_phishing
0,"Glo: Dear Customer, you have used 80% of your daily data bundle. Dial *323# to buy a top-up.",telco_info
1,"Federal Govt Empowerment Fund: You are eligible to receive N50,000 relief grant. Claim your grant here: http://fg-empowerment-ng.site",grant_fraud
1,"Get instant loan of N24,000 directly to your UBA account in 2 minutes! No document needed. Download: bit.ly/ng-loan-90",loan_scam
1,URGENT: Your PalmPay account has been restricted due to unverified NIN. Call 08164333989 immediately to update your details.,banking_phishing
0,"OPay: Your One Time Password (OTP) is 943885 for transfer of N8,000.00 to SUNDAY. Valid for 5 minutes. DO NOT SHARE.",otp
0,Airtel: You have successfully activated 1.5GB Data Plan. Valid for 30 days. Dial *312# to check your data balance.,telco_info
1,"International Oil Company hiring Field Support Staff in Lekki. Earn N350,000 monthly. Send application details via WhatsApp: 08024550564",fake_job
1,"JOB OFFER: Urgently recruiting Admin Officers at Ikeja, Lagos. Salary: N180,000/month. Text YES to 08160076617 for interview invitation.",fake_job
1,"Invest N7,000 and get N18,000 in 45 minutes! 100% paying platform guaranteed. Join Telegram: t.me/ng_crypto_doubler",ponzi
1,"Invest N3,000 and get N27,000 in 45 minutes! 100% paying platform guaranteed. Join Telegram: t.me/ng_crypto_doubler",ponzi
1,"International Oil Company hiring Field Support Staff in Surulere. Earn N350,000 monthly. Send application details via WhatsApp: 09035337746",fake_job
0,Good morning ma. Please remember to buy bread and sachet water on your way back from work.,personal
1,"Get instant loan of N10,000 directly to your GTBank account in 2 minutes! No document needed. Download: bit.ly/ng-loan-35",loan_scam
1,"Federal Govt Empowerment Fund: You are eligible to receive N50,000 relief grant. Claim your grant here: http://fg-empowerment-ng.site",grant_fraud
0,"Bro, abeg transfer N3,000 give me. I dey Ibadan like this, money no dey my hand for transport.",personal
0,"MTN: Dear Customer, you have used 80% of your daily data bundle. Dial *323# to buy a top-up.",telco_info
1,URGENT: Your OPay account has been restricted due to unverified BVN. Call 07037267326 immediately to update your details.,banking_phishing
0,"OPay: Acct 012***5256 Debited: N5,000.00 Desc: POS PURCHASE - Ibadan. Bal: N21,000.00.",bank_alert
1,DEBT WARNING: SUNDAY with phone 08164470173 is a chronic defaulter on QuickLoan. Pay your debt today to avoid publishing your BVN online.,loan_harassment
1,"Get instant loan of N44,000 directly to your UBA account in 2 minutes! No document needed. Download: bit.ly/ng-loan-62",loan_scam
0,MTN: You have successfully activated 1.5GB Data Plan. Valid for 30 days. Dial *312# to check your data balance.,telco_info
0,Guy how far? You go dey online tonight for the match? Make we talk football.,personal
0,"Kuda: Acct 012***3417 Debited: N3,000.00 Desc: POS PURCHASE - Abuja. Bal: N15,000.00.",bank_alert
0,"Kuda: Your One Time Password (OTP) is 320815 for transfer of N8,000.00 to BLESSING. Valid for 5 minutes. DO NOT SHARE.",otp
1,"Get instant loan of N33,000 directly to your OPay account in 2 minutes! No document needed. Download: bit.ly/ng-loan-29",loan_scam
1,DEBT WARNING: KELECHI with phone 08132553983 is a chronic defaulter on EasyCredit. Pay your debt today to avoid publishing your BVN online.,loan_harassment
0,"GTBank: Your One Time Password (OTP) is 729360 for transfer of N3,000.00 to SUNDAY. Valid for 5 minutes. DO NOT SHARE.",otp
1,"Dear customer, your BVN has been flagged for fraud. Kindly text your 11-digit BVN and DOB to 08137460213 to clear your profile.",banking_phishing
0,MTN: You have successfully activated 1.5GB Data Plan. Valid for 30 days. Dial *312# to check your data balance.,telco_info
0,"Access Bank: Your One Time Password (OTP) is 261684 for transfer of N3,000.00 to KELECHI. Valid for 5 minutes. DO NOT SHARE.",otp
1,"International Oil Company hiring Field Support Staff in Ikeja. Earn N350,000 monthly. Send application details via WhatsApp: 07033800639",fake_job
1,"Central Bank Investment Scheme: N10,000 gives N30,000 in 24 hours. No loss. Call admin on 08160543321 now.",ponzi
0,Good morning ma. Please remember to buy bread and sachet water on your way back from work.,personal
0,"PalmPay: Your One Time Password (OTP) is 900244 for transfer of N5,000.00 to IBRAHIM. Valid for 5 minutes. DO NOT SHARE.",otp
1,"Central Bank Investment Scheme: N10,000 gives N30,000 in 24 hours. No loss. Call admin on 08161988723 now.",ponzi
1,"Central Bank Investment Scheme: N10,000 gives N30,000 in 24 hours. No loss. Call admin on 08123003607 now.",ponzi
0,Airtel: You have successfully activated 1.5GB Data Plan. Valid for 30 days. Dial *312# to check your data balance.,telco_info
0,"Bro, abeg transfer N4,000 give me. I dey Surulere like this, money no dey my hand for transport.",personal
1,"JOB OFFER: Urgently recruiting Admin Officers at Ibadan, Lagos. Salary: N180,000/month. Text YES to 08167021704 for interview invitation.",fake_job
1,URGENT: Your UBA account has been restricted due to unverified NIN. Call 07030495069 immediately to update your details.,banking_phishing
1,"ALERT: A transaction of N41,000 was attempted on your Fidelity app. If not you, click http://gtb-secure-portal.com to block account.",banking_phishing
1,DEBT WARNING: KELECHI with phone 08162232420 is a chronic defaulter on QuickLoan. Pay your debt today to avoid publishing your BVN online.,loan_harassment
0,"Airtel: Dear Customer, you have used 80% of your daily data bundle. Dial *323# to buy a top-up.",telco_info
0,"Glo: Dear Customer, you have used 80% of your daily data bundle. Dial *323# to buy a top-up.",telco_info
1,"CONGRATULATIONS! Your mobile number won N762,000 in the 9mobile Promo. Pay N6,000 processing fee to account 0123456789 to receive cash.",advance_fee
0,I have arrived at Lekki. Will call you once the meeting is done.,personal
0,"Bro, abeg transfer N6,000 give me. I dey Surulere like this, money no dey my hand for transport.",personal
1,DEBT WARNING: IBRAHIM with phone 07039131046 is a chronic defaulter on FastCash. Pay your debt today to avoid publishing your BVN online.,loan_harassment
1,DEBT WARNING: CHIOMA with phone 08020020896 is a chronic defaulter on FastCash. Pay your debt today to avoid publishing your BVN online.,loan_harassment
0,"Airtel: Dear Customer, you have used 80% of your daily data bundle. Dial *323# to buy a top-up.",telco_info
0,Guy how far? You go dey online tonight for the match? Make we talk football.,personal
1,"Central Bank Investment Scheme: N10,000 gives N30,000 in 24 hours. No loss. Call admin on 09018474134 now.",ponzi
0,Guy how far? You go dey online tonight for the match? Make we talk football.,personal
0,"Bro, abeg transfer N2,000 give me. I dey Enugu like this, money no dey my hand for transport.",personal
0,Glo: You have successfully activated 1.5GB Data Plan. Valid for 30 days. Dial *312# to check your data balance.,telco_info
0,I have arrived at Yaba. Will call you once the meeting is done.,personal
1,"Get instant loan of N11,000 directly to your Kuda account in 2 minutes! No document needed. Download: bit.ly/ng-loan-23",loan_scam
0,I have arrived at Kano. Will call you once the meeting is done.,personal
1,"ALERT: A transaction of N12,000 was attempted on your PalmPay app. If not you, click http://firstbank-secure-portal.com to block account.",banking_phishing
1,"Get instant loan of N29,000 directly to your FirstBank account in 2 minutes! No document needed. Download: bit.ly/ng-loan-75",loan_scam
1,"JOB OFFER: Urgently recruiting Admin Officers at Enugu, Lagos. Salary: N180,000/month. Text YES to 09013792806 for interview invitation.",fake_job
1,URGENT: Your Zenith Bank account has been restricted due to unverified NIN. Call 08130121709 immediately to update your details.,banking_phishing
0,Good morning ma. Please remember to buy bread and sachet water on your way back from work.,personal
1,URGENT: Your PalmPay account has been restricted due to unverified NIN. Call 08124191002 immediately to update your details.,banking_phishing
1,DEBT WARNING: EMMANUEL with phone 08163585824 is a chronic defaulter on EasyCredit. Pay your debt today to avoid publishing your BVN online.,loan_harassment
1,"JOB OFFER: Urgently recruiting Admin Officers at Kano, Lagos. Salary: N180,000/month. Text YES to 09037280072 for interview invitation.",fake_job
0,Good morning ma. Please remember to buy bread and sachet water on your way back from work.,personal
1,"Dear customer, your BVN has been flagged for fraud. Kindly text your 11-digit BVN and DOB to 08023797275 to clear your profile.",banking_phishing
1,"Get instant loan of N23,000 directly to your FirstBank account in 2 minutes! No document needed. Download: bit.ly/ng-loan-19",loan_scam
0,Good morning ma. Please remember to buy bread and sachet water on your way back from work.,personal
1,URGENT: Your Fidelity account has been restricted due to unverified BVN. Call 09035027586 immediately to update your details.,banking_phishing
1,"Get instant loan of N16,000 directly to your FirstBank account in 2 minutes! No document needed. Download: bit.ly/ng-loan-86",loan_scam
0,I have arrived at Yaba. Will call you once the meeting is done.,personal
1,"Invest N7,000 and get N37,000 in 45 minutes! 100% paying platform guaranteed. Join Telegram: t.me/ng_crypto_doubler",ponzi
0,"9mobile: Dear Customer, you have used 80% of your daily data bundle. Dial *323# to buy a top-up.",telco_info
1,"Federal Govt Empowerment Fund: You are eligible to receive N50,000 relief grant. Claim your grant here: http://fg-empowerment-ng.site",grant_fraud
1,"JOB OFFER: Urgently recruiting Admin Officers at Ikeja, Lagos. Salary: N180,000/month. Text YES to 08022756104 for interview invitation.",fake_job
1,DEBT WARNING: EMMANUEL with phone 09012114846 is a chronic defaulter on LendNG. Pay your debt today to avoid publishing your BVN online.,loan_harassment
1,"CONGRATULATIONS! Your mobile number won N759,000 in the MTN Promo. Pay N1,000 processing fee to account 0123456789 to receive cash.",advance_fee
1,"Federal Govt Empowerment Fund: You are eligible to receive N50,000 relief grant. Claim your grant here: http://fg-empowerment-ng.site",grant_fraud
1,"Get instant loan of N33,000 directly to your Fidelity account in 2 minutes! No document needed. Download: bit.ly/ng-loan-27",loan_scam
1,DEBT WARNING: KELECHI with phone 08020771199 is a chronic defaulter on LendNG. Pay your debt today to avoid publishing your BVN online.,loan_harassment
1,"Invest N8,000 and get N30,000 in 45 minutes! 100% paying platform guaranteed. Join Telegram: t.me/ng_crypto_doubler",ponzi
1,"Dear customer, your BVN has been flagged for fraud. Kindly text your 11-digit BVN and DOB to 08134989397 to clear your profile.",banking_phishing
1,"Get instant loan of N10,000 directly to your UBA account in 2 minutes! No document needed. Download: bit.ly/ng-loan-38",loan_scam
1,"International Oil Company hiring Field Support Staff in Kano. Earn N350,000 monthly. Send application details via WhatsApp: 08030651168",fake_job
1,URGENT: Your PalmPay account has been restricted due to unverified BVN. Call 08028100705 immediately to update your details.,banking_phishing
0,"Zenith Bank: Acct 012***7129 Debited: N6,000.00 Desc: POS PURCHASE - Kano. Bal: N33,000.00.",bank_alert
1,"Central Bank Investment Scheme: N10,000 gives N30,000 in 24 hours. No loss. Call admin on 08032570162 now.",ponzi
0,"Access Bank: Credit N33,000.00. Desc: NIP/TRANSFER FROM ADAMU. Bal: N232,000.00.",bank_alert
1,"Credit Alert: N728,000.00 credited to your account from ADAMU. Ref: TRX96008285. Call 08023263015 if you did not expect this payment.",fake_alert
1,"Dear customer, your BVN has been flagged for fraud. Kindly text your 11-digit BVN and DOB to 07038038343 to clear your profile.",banking_phishing
1,"Central Bank Investment Scheme: N10,000 gives N30,000 in 24 hours. No loss. Call admin on 07038002540 now.",ponzi
1,"Get instant loan of N16,000 directly to your Zenith Bank account in 2 minutes! No document needed. Download: bit.ly/ng-loan-66",loan_scam
1,"Dear customer, your BVN has been flagged for fraud. Kindly text your 11-digit BVN and DOB to 08167848728 to clear your profile.",banking_phishing
1,"Credit Alert: N812,000.00 credited to your account from ADAMU. Ref: TRX39615919. Call 08120654326 if you did not expect this payment.",fake_alert
1,"CONGRATULATIONS! Your mobile number won N476,000 in the Glo Promo. Pay N5,000 processing fee to account 0123456789 to receive cash.",advance_fee
0,"Access Bank: Credit N44,000.00. Desc: NIP/TRANSFER FROM BLESSING. Bal: N154,000.00.",bank_alert
0,I have arrived at Port Harcourt. Will call you once the meeting is done.,personal
0,"GTBank: Credit N21,000.00. Desc: NIP/TRANSFER FROM IBRAHIM. Bal: N840,000.00.",bank_alert
1,"Get instant loan of N35,000 directly to your FirstBank account in 2 minutes! No document needed. Download: bit.ly/ng-loan-38",loan_scam
0,"Bro, abeg transfer N7,000 give me. I dey Kano like this, money no dey my hand for transport.",personal
0,Guy how far? You go dey online tonight for the match? Make we talk football.,personal
0,"Zenith Bank: Credit N24,000.00. Desc: NIP/TRANSFER FROM IBRAHIM. Bal: N646,000.00.",bank_alert
0,"Access Bank: Your One Time Password (OTP) is 708162 for transfer of N6,000.00 to IBRAHIM. Valid for 5 minutes. DO NOT SHARE.",otp
0,"Zenith Bank: Your One Time Password (OTP) is 845314 for transfer of N3,000.00 to CHUKWUEMEKA. Valid for 5 minutes. DO NOT SHARE.",otp
1,"International Oil Company hiring Field Support Staff in Surulere. Earn N350,000 monthly. Send application details via WhatsApp: 08024353554",fake_job
1,"Invest N5,000 and get N16,000 in 45 minutes! 100% paying platform guaranteed. Join Telegram: t.me/ng_crypto_doubler",ponzi
1,"ALERT: A transaction of N15,000 was attempted on your FirstBank app. If not you, click http://access-secure-portal.com to block account.",banking_phishing
0,"UBA: Your One Time Password (OTP) is 714890 for transfer of N7,000.00 to SUNDAY. Valid for 5 minutes. DO NOT SHARE.",otp
0,"Kuda: Credit N24,000.00. Desc: NIP/TRANSFER FROM BLESSING. Bal: N511,000.00.",bank_alert
1,"Dear customer, your BVN has been flagged for fraud. Kindly text your 11-digit BVN and DOB to 08167395166 to clear your profile.",banking_phishing
0,Guy how far? You go dey online tonight for the match? Make we talk football.,personal
1,"Invest N4,000 and get N14,000 in 45 minutes! 100% paying platform guaranteed. Join Telegram: t.me/ng_crypto_doubler",ponzi
1,"Credit Alert: N215,000.00 credited to your account from OLUMIDE. Ref: TRX58375646. Call 09012088147 if you did not expect this payment.",fake_alert
0,"Bro, abeg transfer N3,000 give me. I dey Enugu like this, money no dey my hand for transport.",personal
0,Guy how far? You go dey online tonight for the match? Make we talk football.,personal
0,MTN: You have successfully activated 1.5GB Data Plan. Valid for 30 days. Dial *312# to check your data balance.,telco_info
0,"Access Bank: Acct 012***8841 Debited: N8,000.00 Desc: POS PURCHASE - Surulere. Bal: N21,000.00.",bank_alert
0,I have arrived at Lekki. Will call you once the meeting is done.,personal
0,"GTBank: Acct 012***8051 Debited: N1,000.00 Desc: POS PURCHASE - Ikeja. Bal: N14,000.00.",bank_alert
0,"UBA: Your One Time Password (OTP) is 955267 for transfer of N3,000.00 to EMMANUEL. Valid for 5 minutes. DO NOT SHARE.",otp
1,DEBT WARNING: IBRAHIM with phone 08163189397 is a chronic defaulter on FastCash. Pay your debt today to avoid publishing your BVN online.,loan_harassment
1,URGENT: Your Fidelity account has been restricted due to unverified KYC records. Call 09032016555 immediately to update your details.,banking_phishing
1,"CONGRATULATIONS! Your mobile number won N101,000 in the Glo Promo. Pay N5,000 processing fee to account 0123456789 to receive cash.",advance_fee
0,"Fidelity: Credit N36,000.00. Desc: NIP/TRANSFER FROM ADAMU. Bal: N822,000.00.",bank_alert
1,DEBT WARNING: ADAMU with phone 08165505624 is a chronic defaulter on FastCash. Pay your debt today to avoid publishing your BVN online.,loan_harassment
1,"CONGRATULATIONS! Your mobile number won N779,000 in the Airtel Promo. Pay N1,000 processing fee to account 0123456789 to receive cash.",advance_fee
0,"FirstBank: Your One Time Password (OTP) is 156504 for transfer of N5,000.00 to KELECHI. Valid for 5 minutes. DO NOT SHARE.",otp
0,"UBA: Credit N35,000.00. Desc: NIP/TRANSFER FROM ADAMU. Bal: N926,000.00.",bank_alert
0,"OPay: Your One Time Password (OTP) is 375402 for transfer of N3,000.00 to CHUKWUEMEKA. Valid for 5 minutes. DO NOT SHARE.",otp
0,I have arrived at Surulere. Will call you once the meeting is done.,personal
0,"Bro, abeg transfer N9,000 give me. I dey Surulere like this, money no dey my hand for transport.",personal
0,"FirstBank: Your One Time Password (OTP) is 539507 for transfer of N2,000.00 to OLUMIDE. Valid for 5 minutes. DO NOT SHARE.",otp
1,URGENT: Your Fidelity account has been restricted due to unverified BVN. Call 08137810539 immediately to update your details.,banking_phishing
1,"JOB OFFER: Urgently recruiting Admin Officers at Port Harcourt, Lagos. Salary: N180,000/month. Text YES to 09013322273 for interview invitation.",fake_job
1,DEBT WARNING: SUNDAY with phone 07034804873 is a chronic defaulter on EasyCredit. Pay your debt today to avoid publishing your BVN online.,loan_harassment
1,"Federal Govt Empowerment Fund: You are eligible to receive N50,000 relief grant. Claim your grant here: http://fg-empowerment-ng.site",grant_fraud
0,Guy how far? You go dey online tonight for the match? Make we talk football.,personal
1,"ALERT: A transaction of N37,000 was attempted on your OPay app. If not you, click http://zenith-secure-portal.com to block account.",banking_phishing
0,"MTN: Dear Customer, you have used 80% of your daily data bundle. Dial *323# to buy a top-up.",telco_info
0,"9mobile: Dear Customer, you have used 80% of your daily data bundle. Dial *323# to buy a top-up.",telco_info
0,"Fidelity: Your One Time Password (OTP) is 818514 for transfer of N9,000.00 to EMMANUEL. Valid for 5 minutes. DO NOT SHARE.",otp
1,"Dear customer, your BVN has been flagged for fraud. Kindly text your 11-digit BVN and DOB to 08123739304 to clear your profile.",banking_phishing
0,"UBA: Credit N32,000.00. Desc: NIP/TRANSFER FROM IBRAHIM. Bal: N167,000.00.",bank_alert
0,Guy how far? You go dey online tonight for the match? Make we talk football.,personal
0,"UBA: Acct 012***6374 Debited: N2,000.00 Desc: POS PURCHASE - Port Harcourt. Bal: N50,000.00.",bank_alert
0,Good morning ma. Please remember to buy bread and sachet water on your way back from work.,personal
1,"Central Bank Investment Scheme: N10,000 gives N30,000 in 24 hours. No loss. Call admin on 07033729903 now.",ponzi
0,"Kuda: Your One Time Password (OTP) is 915520 for transfer of N7,000.00 to CHUKWUEMEKA. Valid for 5 minutes. DO NOT SHARE.",otp
1,"JOB OFFER: Urgently recruiting Admin Officers at Surulere, Lagos. Salary: N180,000/month. Text YES to 09016149784 for interview invitation.",fake_job
1,"Central Bank Investment Scheme: N10,000 gives N30,000 in 24 hours. No loss. Call admin on 08127733125 now.",ponzi
1,"Dear customer, your BVN has been flagged for fraud. Kindly text your 11-digit BVN and DOB to 08028082954 to clear your profile.",banking_phishing
0,"GTBank: Acct 012***8984 Debited: N6,000.00 Desc: POS PURCHASE - Ibadan. Bal: N32,000.00.",bank_alert
1,DEBT WARNING: SUNDAY with phone 08035384803 is a chronic defaulter on EasyCredit. Pay your debt today to avoid publishing your BVN online.,loan_harassment
1,URGENT: Your Access Bank account has been restricted due to unverified BVN. Call 09012320420 immediately to update your details.,banking_phishing
0,Guy how far? You go dey online tonight for the match? Make we talk football.,personal
0,"Kuda: Credit N38,000.00. Desc: NIP/TRANSFER FROM KELECHI. Bal: N250,000.00.",bank_alert
1,"Dear customer, your BVN has been flagged for fraud. Kindly text your 11-digit BVN and DOB to 07035422492 to clear your profile.",banking_phishing
0,"FirstBank: Acct 012***3367 Debited: N2,000.00 Desc: POS PURCHASE - Kano. Bal: N28,000.00.",bank_alert
1,"Dear customer, your BVN has been flagged for fraud. Kindly text your 11-digit BVN and DOB to 08031482347 to clear your profile.",banking_phishing
1,"Credit Alert: N922,000.00 credited to your account from ADAMU. Ref: TRX17530937. Call 08133606203 if you did not expect this payment.",fake_alert
0,"Bro, abeg transfer N3,000 give me. I dey Ibadan like this, money no dey my hand for transport.",personal
1,"Get instant loan of N14,000 directly to your UBA account in 2 minutes! No document needed. Download: bit.ly/ng-loan-81",loan_scam
1,URGENT: Your FirstBank account has been restricted due to unverified KYC records. Call 09032638965 immediately to update your details.,banking_phishing
1,"Credit Alert: N753,000.00 credited to your account from IBRAHIM. Ref: TRX35828453. Call 07036892704 if you did not expect this payment.",fake_alert
1,DEBT WARNING: KELECHI with phone 09015786796 is a chronic defaulter on EasyCredit. Pay your debt today to avoid publishing your BVN online.,loan_harassment
0,"Bro, abeg transfer N9,000 give me. I dey Enugu like this, money no dey my hand for transport.",personal
1,"Dear customer, your BVN has been flagged for fraud. Kindly text your 11-digit BVN and DOB to 09017965628 to clear your profile.",banking_phishing
1,DEBT WARNING: CHIOMA with phone 09032047148 is a chronic defaulter on EasyCredit. Pay your debt today to avoid publishing your BVN online.,loan_harassment
1,"Federal Govt Empowerment Fund: You are eligible to receive N50,000 relief grant. Claim your grant here: http://fg-empowerment-ng.site",grant_fraud
0,Good morning ma. Please remember to buy bread and sachet water on your way back from work.,personal
0,"Airtel: Dear Customer, you have used 80% of your daily data bundle. Dial *323# to buy a top-up.",telco_info
1,"CONGRATULATIONS! Your mobile number won N852,000 in the Glo Promo. Pay N5,000 processing fee to account 0123456789 to receive cash.",advance_fee
0,"9mobile: Dear Customer, you have used 80% of your daily data bundle. Dial *323# to buy a top-up.",telco_info
0,Good morning ma. Please remember to buy bread and sachet water on your way back from work.,personal
0,"Bro, abeg transfer N9,000 give me. I dey Ikeja like this, money no dey my hand for transport.",personal
1,URGENT: Your Zenith Bank account has been restricted due to unverified BVN. Call 09015593558 immediately to update your details.,banking_phishing
1,"ALERT: A transaction of N17,000 was attempted on your GTBank app. If not you, click http://gtb-secure-portal.com to block account.",banking_phishing
0,I have arrived at Kano. Will call you once the meeting is done.,personal
0,I have arrived at Port Harcourt. Will call you once the meeting is done.,personal
0,Good morning ma. Please remember to buy bread and sachet water on your way back from work.,personal
1,"Dear customer, your BVN has been flagged for fraud. Kindly text your 11-digit BVN and DOB to 07036933356 to clear your profile.",banking_phishing
0,"Access Bank: Your One Time Password (OTP) is 566559 for transfer of N8,000.00 to EMMANUEL. Valid for 5 minutes. DO NOT SHARE.",otp
0,"OPay: Your One Time Password (OTP) is 984719 for transfer of N8,000.00 to CHUKWUEMEKA. Valid for 5 minutes. DO NOT SHARE.",otp
0,Guy how far? You go dey online tonight for the match? Make we talk football.,personal
0,Glo: You have successfully activated 1.5GB Data Plan. Valid for 30 days. Dial *312# to check your data balance.,telco_info
1,"Get instant loan of N28,000 directly to your PalmPay account in 2 minutes! No document needed. Download: bit.ly/ng-loan-71",loan_scam
1,"Credit Alert: N559,000.00 credited to your account from EMMANUEL. Ref: TRX14734412. Call 08135026528 if you did not expect this payment.",fake_alert
1,"ALERT: A transaction of N12,000 was attempted on your OPay app. If not you, click http://access-secure-portal.com to block account.",banking_phishing
1,"Federal Govt Empowerment Fund: You are eligible to receive N50,000 relief grant. Claim your grant here: http://fg-empowerment-ng.site",grant_fraud
0,"PalmPay: Your One Time Password (OTP) is 867594 for transfer of N7,000.00 to CHIOMA. Valid for 5 minutes. DO NOT SHARE.",otp
1,"Credit Alert: N539,000.00 credited to your account from SUNDAY. Ref: TRX17455509. Call 08021529270 if you did not expect this payment.",fake_alert
0,"Bro, abeg transfer N2,000 give me. I dey Enugu like this, money no dey my hand for transport.",personal
1,"Central Bank Investment Scheme: N10,000 gives N30,000 in 24 hours. No loss. Call admin on 09012289890 now.",ponzi
0,"Fidelity: Acct 012***4773 Debited: N2,000.00 Desc: POS PURCHASE - Yaba. Bal: N40,000.00.",bank_alert
0,"Bro, abeg transfer N4,000 give me. I dey Surulere like this, money no dey my hand for transport.",personal
1,"JOB OFFER: Urgently recruiting Admin Officers at Ikeja, Lagos. Salary: N180,000/month. Text YES to 07035072962 for interview invitation.",fake_job
0,"Airtel: Dear Customer, you have used 80% of your daily data bundle. Dial *323# to buy a top-up.",telco_info
1,"Central Bank Investment Scheme: N10,000 gives N30,000 in 24 hours. No loss. Call admin on 09032157740 now.",ponzi
1,DEBT WARNING: ADAMU with phone 08038319126 is a chronic defaulter on QuickLoan. Pay your debt today to avoid publishing your BVN online.,loan_harassment
0,"FirstBank: Credit N10,000.00. Desc: NIP/TRANSFER FROM BLESSING. Bal: N750,000.00.",bank_alert
0,"UBA: Acct 012***5563 Debited: N1,000.00 Desc: POS PURCHASE - Yaba. Bal: N44,000.00.",bank_alert
1,"Credit Alert: N906,000.00 credited to your account from IBRAHIM. Ref: TRX61089768. Call 07035031180 if you did not expect this payment.",fake_alert
0,Guy how far? You go dey online tonight for the match? Make we talk football.,personal
1,"JOB OFFER: Urgently recruiting Admin Officers at Enugu, Lagos. Salary: N180,000/month. Text YES to 08160367988 for interview invitation.",fake_job
1,"JOB OFFER: Urgently recruiting Admin Officers at Lekki, Lagos. Salary: N180,000/month. Text YES to 08027005371 for interview invitation.",fake_job
0,"GTBank: Acct 012***2237 Debited: N1,000.00 Desc: POS PURCHASE - Port Harcourt. Bal: N30,000.00.",bank_alert
1,"International Oil Company hiring Field Support Staff in Enugu. Earn N350,000 monthly. Send application details via WhatsApp: 07032654168",fake_job
0,I have arrived at Ikeja. Will call you once the meeting is done.,personal
1,"Dear customer, your BVN has been flagged for fraud. Kindly text your 11-digit BVN and DOB to 07033414671 to clear your profile.",banking_phishing
1,"Invest N6,000 and get N36,000 in 45 minutes! 100% paying platform guaranteed. Join Telegram: t.me/ng_crypto_doubler",ponzi
0,"Zenith Bank: Acct 012***2072 Debited: N7,000.00 Desc: POS PURCHASE - Enugu. Bal: N50,000.00.",bank_alert
1,URGENT: Your UBA account has been restricted due to unverified BVN. Call 08122090014 immediately to update your details.,banking_phishing
0,MTN: You have successfully activated 1.5GB Data Plan. Valid for 30 days. Dial *312# to check your data balance.,telco_info
0,MTN: You have successfully activated 1.5GB Data Plan. Valid for 30 days. Dial *312# to check your data balance.,telco_info
1,"CONGRATULATIONS! Your mobile number won N436,000 in the MTN Promo. Pay N4,000 processing fee to account 0123456789 to receive cash.",advance_fee
0,"OPay: Acct 012***7265 Debited: N9,000.00 Desc: POS PURCHASE - Enugu. Bal: N22,000.00.",bank_alert
0,"OPay: Credit N12,000.00. Desc: NIP/TRANSFER FROM CHUKWUEMEKA. Bal: N755,000.00.",bank_alert
0,Good morning ma. Please remember to buy bread and sachet water on your way back from work.,personal
1,"International Oil Company hiring Field Support Staff in Port Harcourt. Earn N350,000 monthly. Send application details via WhatsApp: 08026244106",fake_job
1,URGENT: Your FirstBank account has been restricted due to unverified NIN. Call 08025853089 immediately to update your details.,banking_phishing
1,"Get instant loan of N15,000 directly to your OPay account in 2 minutes! No document needed. Download: bit.ly/ng-loan-27",loan_scam
0,I have arrived at Ibadan. Will call you once the meeting is done.,personal
1,"Invest N4,000 and get N50,000 in 45 minutes! 100% paying platform guaranteed. Join Telegram: t.me/ng_crypto_doubler",ponzi
1,"International Oil Company hiring Field Support Staff in Yaba. Earn N350,000 monthly. Send application details via WhatsApp: 08168652941",fake_job
1,"Credit Alert: N890,000.00 credited to your account from IBRAHIM. Ref: TRX66274951. Call 08167897761 if you did not expect this payment.",fake_alert
0,"Glo: Dear Customer, you have used 80% of your daily data bundle. Dial *323# to buy a top-up.",telco_info
0,Good morning ma. Please remember to buy bread and sachet water on your way back from work.,personal
1,"Federal Govt Empowerment Fund: You are eligible to receive N50,000 relief grant. Claim your grant here: http://fg-empowerment-ng.site",grant_fraud
1,"Get instant loan of N34,000 directly to your Fidelity account in 2 minutes! No document needed. Download: bit.ly/ng-loan-11",loan_scam
1,"Get instant loan of N34,000 directly to your UBA account in 2 minutes! No document needed. Download: bit.ly/ng-loan-37",loan_scam
0,I have arrived at Kano. Will call you once the meeting is done.,personal
1,"Get instant loan of N32,000 directly to your UBA account in 2 minutes! No document needed. Download: bit.ly/ng-loan-26",loan_scam
1,URGENT: Your Kuda account has been restricted due to unverified BVN. Call 08128946830 immediately to update your details.,banking_phishing
1,"CONGRATULATIONS! Your mobile number won N777,000 in the MTN Promo. Pay N4,000 processing fee to account 0123456789 to receive cash.",advance_fee
0,"GTBank: Credit N11,000.00. Desc: NIP/TRANSFER FROM CHIOMA. Bal: N386,000.00.",bank_alert
0,"OPay: Your One Time Password (OTP) is 607562 for transfer of N3,000.00 to EMMANUEL. Valid for 5 minutes. DO NOT SHARE.",otp
0,"Kuda: Credit N16,000.00. Desc: NIP/TRANSFER FROM EMMANUEL. Bal: N493,000.00.",bank_alert
0,Good morning ma. Please remember to buy bread and sachet water on your way back from work.,personal
0,"Access Bank: Your One Time Password (OTP) is 459129 for transfer of N6,000.00 to IBRAHIM. Valid for 5 minutes. DO NOT SHARE.",otp
1,"Get instant loan of N46,000 directly to your OPay account in 2 minutes! No document needed. Download: bit.ly/ng-loan-51",loan_scam
0,"PalmPay: Your One Time Password (OTP) is 196837 for transfer of N2,000.00 to OLUMIDE. Valid for 5 minutes. DO NOT SHARE.",otp
1,"Federal Govt Empowerment Fund: You are eligible to receive N50,000 relief grant. Claim your grant here: http://fg-empowerment-ng.site",grant_fraud
0,I have arrived at Port Harcourt. Will call you once the meeting is done.,personal
1,"Dear customer, your BVN has been flagged for fraud. Kindly text your 11-digit BVN and DOB to 09035693259 to clear your profile.",banking_phishing
0,I have arrived at Lekki. Will call you once the meeting is done.,personal
0,I have arrived at Enugu. Will call you once the meeting is done.,personal
0,Good morning ma. Please remember to buy bread and sachet water on your way back from work.,personal
0,"Glo: Dear Customer, you have used 80% of your daily data bundle. Dial *323# to buy a top-up.",telco_info
0,"OPay: Your One Time Password (OTP) is 326428 for transfer of N3,000.00 to SUNDAY. Valid for 5 minutes. DO NOT SHARE.",otp
0,"GTBank: Your One Time Password (OTP) is 713838 for transfer of N3,000.00 to BLESSING. Valid for 5 minutes. DO NOT SHARE.",otp
0,Good morning ma. Please remember to buy bread and sachet water on your way back from work.,personal
1,URGENT: Your PalmPay account has been restricted due to unverified KYC records. Call 09013598515 immediately to update your details.,banking_phishing
1,"JOB OFFER: Urgently recruiting Admin Officers at Enugu, Lagos. Salary: N180,000/month. Text YES to 09039000191 for interview invitation.",fake_job
1,"Federal Govt Empowerment Fund: You are eligible to receive N50,000 relief grant. Claim your grant here: http://fg-empowerment-ng.site",grant_fraud
0,"MTN: Dear Customer, you have used 80% of your daily data bundle. Dial *323# to buy a top-up.",telco_info
0,Good morning ma. Please remember to buy bread and sachet water on your way back from work.,personal
0,Good morning ma. Please remember to buy bread and sachet water on your way back from work.,personal
1,"Federal Govt Empowerment Fund: You are eligible to receive N50,000 relief grant. Claim your grant here: http://fg-empowerment-ng.site",grant_fraud
0,Good morning ma. Please remember to buy bread and sachet water on your way back from work.,personal
1,"Invest N1,000 and get N32,000 in 45 minutes! 100% paying platform guaranteed. Join Telegram: t.me/ng_crypto_doubler",ponzi
0,"OPay: Your One Time Password (OTP) is 929357 for transfer of N3,000.00 to OLUMIDE. Valid for 5 minutes. DO NOT SHARE.",otp
1,URGENT: Your Zenith Bank account has been restricted due to unverified NIN. Call 09036227192 immediately to update your details.,banking_phishing
0,9mobile: You have successfully activated 1.5GB Data Plan. Valid for 30 days. Dial *312# to check your data balance.,telco_info
0,Guy how far? You go dey online tonight for the match? Make we talk football.,personal
0,I have arrived at Surulere. Will call you once the meeting is done.,personal
0,Airtel: You have successfully activated 1.5GB Data Plan. Valid for 30 days. Dial *312# to check your data balance.,telco_info
1,"Central Bank Investment Scheme: N10,000 gives N30,000 in 24 hours. No loss. Call admin on 08135979780 now.",ponzi
0,"Zenith Bank: Credit N49,000.00. Desc: NIP/TRANSFER FROM BLESSING. Bal: N639,000.00.",bank_alert
1,"Federal Govt Empowerment Fund: You are eligible to receive N50,000 relief grant. Claim your grant here: http://fg-empowerment-ng.site",grant_fraud
1,"CONGRATULATIONS! Your mobile number won N104,000 in the MTN Promo. Pay N4,000 processing fee to account 0123456789 to receive cash.",advance_fee
1,"International Oil Company hiring Field Support Staff in Ibadan. Earn N350,000 monthly. Send application details via WhatsApp: 09034650456",fake_job
1,"Dear customer, your BVN has been flagged for fraud. Kindly text your 11-digit BVN and DOB to 09012771131 to clear your profile.",banking_phishing
0,"FirstBank: Credit N28,000.00. Desc: NIP/TRANSFER FROM CHUKWUEMEKA. Bal: N553,000.00.",bank_alert
0,"Bro, abeg transfer N7,000 give me. I dey Ibadan like this, money no dey my hand for transport.",personal
1,"Federal Govt Empowerment Fund: You are eligible to receive N50,000 relief grant. Claim your grant here: http://fg-empowerment-ng.site",grant_fraud
1,"Get instant loan of N34,000 directly to your Access Bank account in 2 minutes! No document needed. Download: bit.ly/ng-loan-60",loan_scam
1,DEBT WARNING: EMMANUEL with phone 08133956322 is a chronic defaulter on FastCash. Pay your debt today to avoid publishing your BVN online.,loan_harassment
0,"Bro, abeg transfer N7,000 give me. I dey Enugu like this, money no dey my hand for transport.",personal
1,DEBT WARNING: BLESSING with phone 08122173284 is a chronic defaulter on PalmCredit. Pay your debt today to avoid publishing your BVN online.,loan_harassment
0,"UBA: Credit N48,000.00. Desc: NIP/TRANSFER FROM SUNDAY. Bal: N920,000.00.",bank_alert
0,"Zenith Bank: Your One Time Password (OTP) is 733332 for transfer of N8,000.00 to ADAMU. Valid for 5 minutes. DO NOT SHARE.",otp
0,MTN: You have successfully activated 1.5GB Data Plan. Valid for 30 days. Dial *312# to check your data balance.,telco_info
1,"Federal Govt Empowerment Fund: You are eligible to receive N50,000 relief grant. Claim your grant here: http://fg-empowerment-ng.site",grant_fraud
0,"Bro, abeg transfer N6,000 give me. I dey Yaba like this, money no dey my hand for transport.",personal
0,Airtel: You have successfully activated 1.5GB Data Plan. Valid for 30 days. Dial *312# to check your data balance.,telco_info
0,Guy how far? You go dey online tonight for the match? Make we talk football.,personal
1,"ALERT: A transaction of N42,000 was attempted on your Access Bank app. If not you, click http://access-secure-portal.com to block account.",banking_phishing
1,"Credit Alert: N943,000.00 credited to your account from BLESSING. Ref: TRX51086072. Call 08033354216 if you did not expect this payment.",fake_alert
0,"Bro, abeg transfer N2,000 give me. I dey Lekki like this, money no dey my hand for transport.",personal
1,"JOB OFFER: Urgently recruiting Admin Officers at Abuja, Lagos. Salary: N180,000/month. Text YES to 08168713315 for interview invitation.",fake_job
0,Guy how far? You go dey online tonight for the match? Make we talk football.,personal
1,DEBT WARNING: OLUMIDE with phone 07037365003 is a chronic defaulter on EasyCredit. Pay your debt today to avoid publishing your BVN online.,loan_harassment
0,Glo: You have successfully activated 1.5GB Data Plan. Valid for 30 days. Dial *312# to check your data balance.,telco_info
0,"9mobile: Dear Customer, you have used 80% of your daily data bundle. Dial *323# to buy a top-up.",telco_info
0,"Bro, abeg transfer N8,000 give me. I dey Enugu like this, money no dey my hand for transport.",personal
0,Guy how far? You go dey online tonight for the match? Make we talk football.,personal
0,"PalmPay: Credit N36,000.00. Desc: NIP/TRANSFER FROM BLESSING. Bal: N275,000.00.",bank_alert
0,"Access Bank: Acct 012***2620 Debited: N9,000.00 Desc: POS PURCHASE - Yaba. Bal: N44,000.00.",bank_alert
0,"Zenith Bank: Acct 012***6740 Debited: N6,000.00 Desc: POS PURCHASE - Enugu. Bal: N26,000.00.",bank_alert
1,"Dear customer, your BVN has been flagged for fraud. Kindly text your 11-digit BVN and DOB to 08022185273 to clear your profile.",banking_phishing
1,"JOB OFFER: Urgently recruiting Admin Officers at Yaba, Lagos. Salary: N180,000/month. Text YES to 09039689286 for interview invitation.",fake_job
0,I have arrived at Port Harcourt. Will call you once the meeting is done.,personal
1,DEBT WARNING: CHIOMA with phone 08139503978 is a chronic defaulter on EasyCredit. Pay your debt today to avoid publishing your BVN online.,loan_harassment
1,"Credit Alert: N534,000.00 credited to your account from CHIOMA. Ref: TRX51502325. Call 08124881603 if you did not expect this payment.",fake_alert
1,"Get instant loan of N18,000 directly to your OPay account in 2 minutes! No document needed. Download: bit.ly/ng-loan-90",loan_scam
1,DEBT WARNING: IBRAHIM with phone 08121648342 is a chronic defaulter on QuickLoan. Pay your debt today to avoid publishing your BVN online.,loan_harassment
0,Airtel: You have successfully activated 1.5GB Data Plan. Valid for 30 days. Dial *312# to check your data balance.,telco_info
1,"Invest N9,000 and get N48,000 in 45 minutes! 100% paying platform guaranteed. Join Telegram: t.me/ng_crypto_doubler",ponzi
0,Airtel: You have successfully activated 1.5GB Data Plan. Valid for 30 days. Dial *312# to check your data balance.,telco_info
0,"Airtel: Dear Customer, you have used 80% of your daily data bundle. Dial *323# to buy a top-up.",telco_info
0,"FirstBank: Credit N21,000.00. Desc: NIP/TRANSFER FROM BLESSING. Bal: N825,000.00.",bank_alert
0,"Bro, abeg transfer N2,000 give me. I dey Yaba like this, money no dey my hand for transport.",personal
1,"Credit Alert: N884,000.00 credited to your account from KELECHI. Ref: TRX54292840. Call 08029942505 if you did not expect this payment.",fake_alert
0,"Fidelity: Your One Time Password (OTP) is 564223 for transfer of N5,000.00 to SUNDAY. Valid for 5 minutes. DO NOT SHARE.",otp
1,URGENT: Your FirstBank account has been restricted due to unverified NIN. Call 09033309947 immediately to update your details.,banking_phishing
1,"Get instant loan of N13,000 directly to your UBA account in 2 minutes! No document needed. Download: bit.ly/ng-loan-26",loan_scam
1,"CONGRATULATIONS! Your mobile number won N716,000 in the Airtel Promo. Pay N5,000 processing fee to account 0123456789 to receive cash.",advance_fee
1,"JOB OFFER: Urgently recruiting Admin Officers at Ikeja, Lagos. Salary: N180,000/month. Text YES to 08161243658 for interview invitation.",fake_job
0,"GTBank: Credit N43,000.00. Desc: NIP/TRANSFER FROM KELECHI. Bal: N464,000.00.",bank_alert
1,"Get instant loan of N43,000 directly to your PalmPay account in 2 minutes! No document needed. Download: bit.ly/ng-loan-27",loan_scam
0,"9mobile: Dear Customer, you have used 80% of your daily data bundle. Dial *323# to buy a top-up.",telco_info
1,"Federal Govt Empowerment Fund: You are eligible to receive N50,000 relief grant. Claim your grant here: http://fg-empowerment-ng.site",grant_fraud
0,"Zenith Bank: Credit N45,000.00. Desc: NIP/TRANSFER FROM KELECHI. Bal: N511,000.00.",bank_alert
1,"International Oil Company hiring Field Support Staff in Ikeja. Earn N350,000 monthly. Send application details via WhatsApp: 08166810132",fake_job
0,Guy how far? You go dey online tonight for the match? Make we talk football.,personal
1,"ALERT: A transaction of N11,000 was attempted on your PalmPay app. If not you, click http://zenith-secure-portal.com to block account.",banking_phishing
1,"International Oil Company hiring Field Support Staff in Ibadan. Earn N350,000 monthly. Send application details via WhatsApp: 09012027989",fake_job
1,"Central Bank Investment Scheme: N10,000 gives N30,000 in 24 hours. No loss. Call admin on 08120133205 now.",ponzi
0,I have arrived at Kano. Will call you once the meeting is done.,personal
1,"International Oil Company hiring Field Support Staff in Ikeja. Earn N350,000 monthly. Send application details via WhatsApp: 08026981555",fake_job
0,"Kuda: Acct 012***2007 Debited: N9,000.00 Desc: POS PURCHASE - Surulere. Bal: N19,000.00.",bank_alert
0,"MTN: Dear Customer, you have used 80% of your daily data bundle. Dial *323# to buy a top-up.",telco_info
1,DEBT WARNING: CHUKWUEMEKA with phone 08126000110 is a chronic defaulter on LendNG. Pay your debt today to avoid publishing your BVN online.,loan_harassment
0,"Kuda: Credit N50,000.00. Desc: NIP/TRANSFER FROM BLESSING. Bal: N509,000.00.",bank_alert
1,"Invest N3,000 and get N31,000 in 45 minutes! 100% paying platform guaranteed. Join Telegram: t.me/ng_crypto_doubler",ponzi
1,"Get instant loan of N36,000 directly to your FirstBank account in 2 minutes! No document needed. Download: bit.ly/ng-loan-58",loan_scam
0,"FirstBank: Acct 012***6264 Debited: N6,000.00 Desc: POS PURCHASE - Abuja. Bal: N35,000.00.",bank_alert
0,MTN: You have successfully activated 1.5GB Data Plan. Valid for 30 days. Dial *312# to check your data balance.,telco_info
1,"Invest N3,000 and get N47,000 in 45 minutes! 100% paying platform guaranteed. Join Telegram: t.me/ng_crypto_doubler",ponzi
1,"Federal Govt Empowerment Fund: You are eligible to receive N50,000 relief grant. Claim your grant here: http://fg-empowerment-ng.site",grant_fraud
1,"ALERT: A transaction of N35,000 was attempted on your UBA app. If not you, click http://gtb-secure-portal.com to block account.",banking_phishing
0,"Bro, abeg transfer N2,000 give me. I dey Surulere like this, money no dey my hand for transport.",personal
0,Guy how far? You go dey online tonight for the match? Make we talk football.,personal
0,"Access Bank: Your One Time Password (OTP) is 271742 for transfer of N8,000.00 to BLESSING. Valid for 5 minutes. DO NOT SHARE.",otp
1,"Dear customer, your BVN has been flagged for fraud. Kindly text your 11-digit BVN and DOB to 07039775933 to clear your profile.",banking_phishing
1,"CONGRATULATIONS! Your mobile number won N930,000 in the MTN Promo. Pay N2,000 processing fee to account 0123456789 to receive cash.",advance_fee
0,"Access Bank: Acct 012***3153 Debited: N1,000.00 Desc: POS PURCHASE - Abuja. Bal: N18,000.00.",bank_alert
0,"Airtel: Dear Customer, you have used 80% of your daily data bundle. Dial *323# to buy a top-up.",telco_info
1,"Federal Govt Empowerment Fund: You are eligible to receive N50,000 relief grant. Claim your grant here: http://fg-empowerment-ng.site",grant_fraud
1,"International Oil Company hiring Field Support Staff in Kano. Earn N350,000 monthly. Send application details via WhatsApp: 08136504602",fake_job
1,"Get instant loan of N38,000 directly to your FirstBank account in 2 minutes! No document needed. Download: bit.ly/ng-loan-26",loan_scam
1,"International Oil Company hiring Field Support Staff in Lekki. Earn N350,000 monthly. Send application details via WhatsApp: 08028507972",fake_job
1,"Get instant loan of N12,000 directly to your Zenith Bank account in 2 minutes! No document needed. Download: bit.ly/ng-loan-18",loan_scam
0,9mobile: You have successfully activated 1.5GB Data Plan. Valid for 30 days. Dial *312# to check your data balance.,telco_info
1,"International Oil Company hiring Field Support Staff in Lekki. Earn N350,000 monthly. Send application details via WhatsApp: 07033969078",fake_job
1,URGENT: Your Kuda account has been restricted due to unverified BVN. Call 08033988636 immediately to update your details.,banking_phishing
1,"CONGRATULATIONS! Your mobile number won N168,000 in the 9mobile Promo. Pay N7,000 processing fee to account 0123456789 to receive cash.",advance_fee
0,"OPay: Acct 012***7082 Debited: N9,000.00 Desc: POS PURCHASE - Ikeja. Bal: N19,000.00.",bank_alert
1,"Federal Govt Empowerment Fund: You are eligible to receive N50,000 relief grant. Claim your grant here: http://fg-empowerment-ng.site",grant_fraud
1,"ALERT: A transaction of N14,000 was attempted on your Zenith Bank app. If not you, click http://access-secure-portal.com to block account.",banking_phishing
1,DEBT WARNING: BLESSING with phone 08131755592 is a chronic defaulter on PalmCredit. Pay your debt today to avoid publishing your BVN online.,loan_harassment
0,"Bro, abeg transfer N9,000 give me. I dey Ibadan like this, money no dey my hand for transport.",personal
0,"Kuda: Acct 012***1206 Debited: N5,000.00 Desc: POS PURCHASE - Lekki. Bal: N49,000.00.",bank_alert
0,Glo: You have successfully activated 1.5GB Data Plan. Valid for 30 days. Dial *312# to check your data balance.,telco_info
0,Guy how far? You go dey online tonight for the match? Make we talk football.,personal
0,"Airtel: Dear Customer, you have used 80% of your daily data bundle. Dial *323# to buy a top-up.",telco_info
0,Airtel: You have successfully activated 1.5GB Data Plan. Valid for 30 days. Dial *312# to check your data balance.,telco_info
1,"CONGRATULATIONS! Your mobile number won N410,000 in the Airtel Promo. Pay N1,000 processing fee to account 0123456789 to receive cash.",advance_fee
0,"FirstBank: Credit N40,000.00. Desc: NIP/TRANSFER FROM ADAMU. Bal: N774,000.00.",bank_alert
0,"Fidelity: Your One Time Password (OTP) is 348255 for transfer of N2,000.00 to EMMANUEL. Valid for 5 minutes. DO NOT SHARE.",otp
1,DEBT WARNING: ADAMU with phone 08029906563 is a chronic defaulter on FastCash. Pay your debt today to avoid publishing your BVN online.,loan_harassment
1,"Credit Alert: N746,000.00 credited to your account from BLESSING. Ref: TRX24599424. Call 08032076123 if you did not expect this payment.",fake_alert
1,DEBT WARNING: CHUKWUEMEKA with phone 08025516607 is a chronic defaulter on FastCash. Pay your debt today to avoid publishing your BVN online.,loan_harassment
1,"ALERT: A transaction of N48,000 was attempted on your GTBank app. If not you, click http://firstbank-secure-portal.com to block account.",banking_phishing
0,"Airtel: Dear Customer, you have used 80% of your daily data bundle. Dial *323# to buy a top-up.",telco_info
1,"JOB OFFER: Urgently recruiting Admin Officers at Surulere, Lagos. Salary: N180,000/month. Text YES to 09031915770 for interview invitation.",fake_job
1,"Credit Alert: N367,000.00 credited to your account from KELECHI. Ref: TRX86995890. Call 09033595708 if you did not expect this payment.",fake_alert
1,"ALERT: A transaction of N10,000 was attempted on your UBA app. If not you, click http://firstbank-secure-portal.com to block account.",banking_phishing
1,URGENT: Your Zenith Bank account has been restricted due to unverified KYC records. Call 09031862869 immediately to update your details.,banking_phishing
0,"Bro, abeg transfer N7,000 give me. I dey Lekki like this, money no dey my hand for transport.",personal
1,"Get instant loan of N31,000 directly to your Kuda account in 2 minutes! No document needed. Download: bit.ly/ng-loan-15",loan_scam
1,"Central Bank Investment Scheme: N10,000 gives N30,000 in 24 hours. No loss. Call admin on 08039100695 now.",ponzi
1,"JOB OFFER: Urgently recruiting Admin Officers at Kano, Lagos. Salary: N180,000/month. Text YES to 08123179556 for interview invitation.",fake_job
0,"FirstBank: Credit N32,000.00. Desc: NIP/TRANSFER FROM EMMANUEL. Bal: N624,000.00.",bank_alert
0,Guy how far? You go dey online tonight for the match? Make we talk football.,personal
1,"Get instant loan of N28,000 directly to your PalmPay account in 2 minutes! No document needed. Download: bit.ly/ng-loan-27",loan_scam
1,"JOB OFFER: Urgently recruiting Admin Officers at Yaba, Lagos. Salary: N180,000/month. Text YES to 08034128177 for interview invitation.",fake_job
1,"Invest N2,000 and get N30,000 in 45 minutes! 100% paying platform guaranteed. Join Telegram: t.me/ng_crypto_doubler",ponzi
0,"GTBank: Credit N33,000.00. Desc: NIP/TRANSFER FROM EMMANUEL. Bal: N291,000.00.",bank_alert
0,"PalmPay: Credit N15,000.00. Desc: NIP/TRANSFER FROM IBRAHIM. Bal: N105,000.00.",bank_alert
0,"Bro, abeg transfer N5,000 give me. I dey Surulere like this, money no dey my hand for transport.",personal
1,"Get instant loan of N20,000 directly to your GTBank account in 2 minutes! No document needed. Download: bit.ly/ng-loan-57",loan_scam
1,"Get instant loan of N44,000 directly to your Access Bank account in 2 minutes! No document needed. Download: bit.ly/ng-loan-72",loan_scam
1,"Get instant loan of N21,000 directly to your Fidelity account in 2 minutes! No document needed. Download: bit.ly/ng-loan-34",loan_scam
1,"Dear customer, your BVN has been flagged for fraud. Kindly text your 11-digit BVN and DOB to 08035277035 to clear your profile.",banking_phishing
1,"Credit Alert: N755,000.00 credited to your account from OLUMIDE. Ref: TRX95158534. Call 08037760429 if you did not expect this payment.",fake_alert
1,"Credit Alert: N873,000.00 credited to your account from ADAMU. Ref: TRX28237898. Call 08163608055 if you did not expect this payment.",fake_alert
0,"Access Bank: Your One Time Password (OTP) is 616440 for transfer of N1,000.00 to EMMANUEL. Valid for 5 minutes. DO NOT SHARE.",otp
0,"FirstBank: Acct 012***9608 Debited: N6,000.00 Desc: POS PURCHASE - Yaba. Bal: N42,000.00.",bank_alert
0,I have arrived at Ikeja. Will call you once the meeting is done.,personal
1,URGENT: Your Fidelity account has been restricted due to unverified NIN. Call 07033944101 immediately to update your details.,banking_phishing
1,"CONGRATULATIONS! Your mobile number won N839,000 in the MTN Promo. Pay N3,000 processing fee to account 0123456789 to receive cash.",advance_fee
1,"International Oil Company hiring Field Support Staff in Port Harcourt. Earn N350,000 monthly. Send application details via WhatsApp: 08166030409",fake_job
0,"UBA: Your One Time Password (OTP) is 816888 for transfer of N8,000.00 to OLUMIDE. Valid for 5 minutes. DO NOT SHARE.",otp
1,DEBT WARNING: ADAMU with phone 07034492095 is a chronic defaulter on FastCash. Pay your debt today to avoid publishing your BVN online.,loan_harassment
0,Good morning ma. Please remember to buy bread and sachet water on your way back from work.,personal
0,"PalmPay: Credit N12,000.00. Desc: NIP/TRANSFER FROM CHUKWUEMEKA. Bal: N286,000.00.",bank_alert
1,"Get instant loan of N34,000 directly to your GTBank account in 2 minutes! No document needed. Download: bit.ly/ng-loan-18",loan_scam
0,"Fidelity: Credit N19,000.00. Desc: NIP/TRANSFER FROM IBRAHIM. Bal: N113,000.00.",bank_alert
1,"International Oil Company hiring Field Support Staff in Enugu. Earn N350,000 monthly. Send application details via WhatsApp: 07030606783",fake_job
0,"Zenith Bank: Your One Time Password (OTP) is 761488 for transfer of N5,000.00 to OLUMIDE. Valid for 5 minutes. DO NOT SHARE.",otp
1,URGENT: Your FirstBank account has been restricted due to unverified BVN. Call 08120034994 immediately to update your details.,banking_phishing
0,"GTBank: Your One Time Password (OTP) is 827818 for transfer of N1,000.00 to EMMANUEL. Valid for 5 minutes. DO NOT SHARE.",otp
0,9mobile: You have successfully activated 1.5GB Data Plan. Valid for 30 days. Dial *312# to check your data balance.,telco_info
0,"Glo: Dear Customer, you have used 80% of your daily data bundle. Dial *323# to buy a top-up.",telco_info
1,"JOB OFFER: Urgently recruiting Admin Officers at Surulere, Lagos. Salary: N180,000/month. Text YES to 08026508113 for interview invitation.",fake_job
0,Guy how far? You go dey online tonight for the match? Make we talk football.,personal
0,"Bro, abeg transfer N1,000 give me. I dey Lekki like this, money no dey my hand for transport.",personal
0,"Bro, abeg transfer N5,000 give me. I dey Lekki like this, money no dey my hand for transport.",personal
1,"Dear customer, your BVN has been flagged for fraud. Kindly text your 11-digit BVN and DOB to 08163286871 to clear your profile.",banking_phishing
1,"Invest N6,000 and get N19,000 in 45 minutes! 100% paying platform guaranteed. Join Telegram: t.me/ng_crypto_doubler",ponzi
0,"Access Bank: Your One Time Password (OTP) is 192830 for transfer of N8,000.00 to SUNDAY. Valid for 5 minutes. DO NOT SHARE.",otp
1,"Central Bank Investment Scheme: N10,000 gives N30,000 in 24 hours. No loss. Call admin on 08127715685 now.",ponzi
1,"Invest N7,000 and get N33,000 in 45 minutes! 100% paying platform guaranteed. Join Telegram: t.me/ng_crypto_doubler",ponzi
0,I have arrived at Kano. Will call you once the meeting is done.,personal
0,"MTN: Dear Customer, you have used 80% of your daily data bundle. Dial *323# to buy a top-up.",telco_info
0,"9mobile: Dear Customer, you have used 80% of your daily data bundle. Dial *323# to buy a top-up.",telco_info
1,"International Oil Company hiring Field Support Staff in Port Harcourt. Earn N350,000 monthly. Send application details via WhatsApp: 08036686609",fake_job
0,Guy how far? You go dey online tonight for the match? Make we talk football.,personal
1,URGENT: Your UBA account has been restricted due to unverified NIN. Call 08124522924 immediately to update your details.,banking_phishing
0,"Airtel: Dear Customer, you have used 80% of your daily data bundle. Dial *323# to buy a top-up.",telco_info
0,Guy how far? You go dey online tonight for the match? Make we talk football.,personal
1,"Central Bank Investment Scheme: N10,000 gives N30,000 in 24 hours. No loss. Call admin on 09013596623 now.",ponzi
0,"Zenith Bank: Your One Time Password (OTP) is 535771 for transfer of N4,000.00 to SUNDAY. Valid for 5 minutes. DO NOT SHARE.",otp
1,"Central Bank Investment Scheme: N10,000 gives N30,000 in 24 hours. No loss. Call admin on 08029742694 now.",ponzi
0,"Kuda: Credit N24,000.00. Desc: NIP/TRANSFER FROM SUNDAY. Bal: N461,000.00.",bank_alert
0,"Kuda: Acct 012***9771 Debited: N5,000.00 Desc: POS PURCHASE - Port Harcourt. Bal: N49,000.00.",bank_alert
0,"Fidelity: Your One Time Password (OTP) is 120002 for transfer of N4,000.00 to IBRAHIM. Valid for 5 minutes. DO NOT SHARE.",otp
0,Guy how far? You go dey online tonight for the match? Make we talk football.,personal
0,I have arrived at Enugu. Will call you once the meeting is done.,personal
0,"Airtel: Dear Customer, you have used 80% of your daily data bundle. Dial *323# to buy a top-up.",telco_info
0,Good morning ma. Please remember to buy bread and sachet water on your way back from work.,personal
1,"Get instant loan of N13,000 directly to your GTBank account in 2 minutes! No document needed. Download: bit.ly/ng-loan-87",loan_scam
0,"UBA: Your One Time Password (OTP) is 949736 for transfer of N2,000.00 to CHIOMA. Valid for 5 minutes. DO NOT SHARE.",otp
0,Guy how far? You go dey online tonight for the match? Make we talk football.,personal
0,9mobile: You have successfully activated 1.5GB Data Plan. Valid for 30 days. Dial *312# to check your data balance.,telco_info
1,"CONGRATULATIONS! Your mobile number won N608,000 in the Glo Promo. Pay N4,000 processing fee to account 0123456789 to receive cash.",advance_fee
1,"Credit Alert: N126,000.00 credited to your account from OLUMIDE. Ref: TRX28114011. Call 08127322699 if you did not expect this payment.",fake_alert
0,I have arrived at Abuja. Will call you once the meeting is done.,personal
1,URGENT: Your Access Bank account has been restricted due to unverified BVN. Call 09014098569 immediately to update your details.,banking_phishing
1,"Get instant loan of N34,000 directly to your GTBank account in 2 minutes! No document needed. Download: bit.ly/ng-loan-87",loan_scam
0,Guy how far? You go dey online tonight for the match? Make we talk football.,personal
0,"Glo: Dear Customer, you have used 80% of your daily data bundle. Dial *323# to buy a top-up.",telco_info
0,"MTN: Dear Customer, you have used 80% of your daily data bundle. Dial *323# to buy a top-up.",telco_info
0,"Bro, abeg transfer N2,000 give me. I dey Yaba like this, money no dey my hand for transport.",personal
1,"Invest N6,000 and get N22,000 in 45 minutes! 100% paying platform guaranteed. Join Telegram: t.me/ng_crypto_doubler",ponzi
0,Good morning ma. Please remember to buy bread and sachet water on your way back from work.,personal
0,9mobile: You have successfully activated 1.5GB Data Plan. Valid for 30 days. Dial *312# to check your data balance.,telco_info
1,"Credit Alert: N241,000.00 credited to your account from EMMANUEL. Ref: TRX44901404. Call 08038894801 if you did not expect this payment.",fake_alert
0,MTN: You have successfully activated 1.5GB Data Plan. Valid for 30 days. Dial *312# to check your data balance.,telco_info
0,"GTBank: Your One Time Password (OTP) is 560814 for transfer of N6,000.00 to SUNDAY. Valid for 5 minutes. DO NOT SHARE.",otp
0,"Bro, abeg transfer N9,000 give me. I dey Ikeja like this, money no dey my hand for transport.",personal
0,"GTBank: Credit N44,000.00. Desc: NIP/TRANSFER FROM CHIOMA. Bal: N939,000.00.",bank_alert
0,"PalmPay: Acct 012***5092 Debited: N4,000.00 Desc: POS PURCHASE - Ibadan. Bal: N22,000.00.",bank_alert
0,Airtel: You have successfully activated 1.5GB Data Plan. Valid for 30 days. Dial *312# to check your data balance.,telco_info
0,"Kuda: Your One Time Password (OTP) is 475011 for transfer of N5,000.00 to IBRAHIM. Valid for 5 minutes. DO NOT SHARE.",otp
1,"CONGRATULATIONS! Your mobile number won N351,000 in the 9mobile Promo. Pay N4,000 processing fee to account 0123456789 to receive cash.",advance_fee
0,"Bro, abeg transfer N5,000 give me. I dey Enugu like this, money no dey my hand for transport.",personal
1,"ALERT: A transaction of N38,000 was attempted on your UBA app. If not you, click http://zenith-secure-portal.com to block account.",banking_phishing
1,"Invest N1,000 and get N12,000 in 45 minutes! 100% paying platform guaranteed. Join Telegram: t.me/ng_crypto_doubler",ponzi
0,"Fidelity: Your One Time Password (OTP) is 786589 for transfer of N9,000.00 to CHIOMA. Valid for 5 minutes. DO NOT SHARE.",otp
1,"Invest N9,000 and get N20,000 in 45 minutes! 100% paying platform guaranteed. Join Telegram: t.me/ng_crypto_doubler",ponzi
1,"Federal Govt Empowerment Fund: You are eligible to receive N50,000 relief grant. Claim your grant here: http://fg-empowerment-ng.site",grant_fraud
1,DEBT WARNING: OLUMIDE with phone 07035934010 is a chronic defaulter on LendNG. Pay your debt today to avoid publishing your BVN online.,loan_harassment
1,"Credit Alert: N675,000.00 credited to your account from CHUKWUEMEKA. Ref: TRX12879605. Call 07033913497 if you did not expect this payment.",fake_alert
0,I have arrived at Ikeja. Will call you once the meeting is done.,personal
0,Guy how far? You go dey online tonight for the match? Make we talk football.,personal
0,Good morning ma. Please remember to buy bread and sachet water on your way back from work.,personal
1,"CONGRATULATIONS! Your mobile number won N221,000 in the 9mobile Promo. Pay N2,000 processing fee to account 0123456789 to receive cash.",advance_fee
1,"Dear customer, your BVN has been flagged for fraud. Kindly text your 11-digit BVN and DOB to 09019676561 to clear your profile.",banking_phishing
0,"PalmPay: Credit N42,000.00. Desc: NIP/TRANSFER FROM EMMANUEL. Bal: N266,000.00.",bank_alert
1,URGENT: Your FirstBank account has been restricted due to unverified KYC records. Call 08025076283 immediately to update your details.,banking_phishing
0,"UBA: Your One Time Password (OTP) is 362426 for transfer of N2,000.00 to CHIOMA. Valid for 5 minutes. DO NOT SHARE.",otp
0,I have arrived at Ibadan. Will call you once the meeting is done.,personal
0,"Fidelity: Acct 012***8006 Debited: N1,000.00 Desc: POS PURCHASE - Port Harcourt. Bal: N44,000.00.",bank_alert
0,9mobile: You have successfully activated 1.5GB Data Plan. Valid for 30 days. Dial *312# to check your data balance.,telco_info
1,"Dear customer, your BVN has been flagged for fraud. Kindly text your 11-digit BVN and DOB to 08128250994 to clear your profile.",banking_phishing
0,"PalmPay: Credit N35,000.00. Desc: NIP/TRANSFER FROM CHIOMA. Bal: N528,000.00.",bank_alert
1,"ALERT: A transaction of N43,000 was attempted on your FirstBank app. If not you, click http://access-secure-portal.com to block account.",banking_phishing
0,Guy how far? You go dey online tonight for the match? Make we talk football.,personal
0,"Airtel: Dear Customer, you have used 80% of your daily data bundle. Dial *323# to buy a top-up.",telco_info
1,"CONGRATULATIONS! Your mobile number won N770,000 in the 9mobile Promo. Pay N3,000 processing fee to account 0123456789 to receive cash.",advance_fee
0,"Fidelity: Credit N42,000.00. Desc: NIP/TRANSFER FROM SUNDAY. Bal: N333,000.00.",bank_alert
0,I have arrived at Port Harcourt. Will call you once the meeting is done.,personal
0,Guy how far? You go dey online tonight for the match? Make we talk football.,personal
1,"International Oil Company hiring Field Support Staff in Port Harcourt. Earn N350,000 monthly. Send application details via WhatsApp: 08167879565",fake_job
0,"Kuda: Your One Time Password (OTP) is 333399 for transfer of N4,000.00 to EMMANUEL. Valid for 5 minutes. DO NOT SHARE.",otp
0,"Airtel: Dear Customer, you have used 80% of your daily data bundle. Dial *323# to buy a top-up.",telco_info
0,"9mobile: Dear Customer, you have used 80% of your daily data bundle. Dial *323# to buy a top-up.",telco_info
1,"Invest N2,000 and get N13,000 in 45 minutes! 100% paying platform guaranteed. Join Telegram: t.me/ng_crypto_doubler",ponzi
1,"Dear customer, your BVN has been flagged for fraud. Kindly text your 11-digit BVN and DOB to 07033056960 to clear your profile.",banking_phishing
0,"9mobile: Dear Customer, you have used 80% of your daily data bundle. Dial *323# to buy a top-up.",telco_info
0,"Access Bank: Credit N47,000.00. Desc: NIP/TRANSFER FROM IBRAHIM. Bal: N784,000.00.",bank_alert
1,"Credit Alert: N430,000.00 credited to your account from ADAMU. Ref: TRX68166614. Call 09019959241 if you did not expect this payment.",fake_alert
1,"Credit Alert: N460,000.00 credited to your account from IBRAHIM. Ref: TRX47999194. Call 08126719961 if you did not expect this payment.",fake_alert
0,"Zenith Bank: Credit N42,000.00. Desc: NIP/TRANSFER FROM OLUMIDE. Bal: N196,000.00.",bank_alert
0,"UBA: Acct 012***7880 Debited: N2,000.00 Desc: POS PURCHASE - Kano. Bal: N19,000.00.",bank_alert
1,"Federal Govt Empowerment Fund: You are eligible to receive N50,000 relief grant. Claim your grant here: http://fg-empowerment-ng.site",grant_fraud
1,URGENT: Your PalmPay account has been restricted due to unverified BVN. Call 08039635159 immediately to update your details.,banking_phishing
0,I have arrived at Lekki. Will call you once the meeting is done.,personal
1,URGENT: Your OPay account has been restricted due to unverified NIN. Call 09030222742 immediately to update your details.,banking_phishing
1,"Central Bank Investment Scheme: N10,000 gives N30,000 in 24 hours. No loss. Call admin on 09033914183 now.",ponzi
1,"Central Bank Investment Scheme: N10,000 gives N30,000 in 24 hours. No loss. Call admin on 09011972855 now.",ponzi
0,Guy how far? You go dey online tonight for the match? Make we talk football.,personal
0,"UBA: Credit N50,000.00. Desc: NIP/TRANSFER FROM ADAMU. Bal: N574,000.00.",bank_alert
1,URGENT: Your GTBank account has been restricted due to unverified KYC records. Call 08024639102 immediately to update your details.,banking_phishing
0,I have arrived at Yaba. Will call you once the meeting is done.,personal
0,Guy how far? You go dey online tonight for the match? Make we talk football.,personal
1,"Invest N7,000 and get N40,000 in 45 minutes! 100% paying platform guaranteed. Join Telegram: t.me/ng_crypto_doubler",ponzi
0,Guy how far? You go dey online tonight for the match? Make we talk football.,personal
1,"Federal Govt Empowerment Fund: You are eligible to receive N50,000 relief grant. Claim your grant here: http://fg-empowerment-ng.site",grant_fraud
1,"Central Bank Investment Scheme: N10,000 gives N30,000 in 24 hours. No loss. Call admin on 09015850959 now.",ponzi
1,DEBT WARNING: ADAMU with phone 08160529508 is a chronic defaulter on PalmCredit. Pay your debt today to avoid publishing your BVN online.,loan_harassment
0,"Airtel: Dear Customer, you have used 80% of your daily data bundle. Dial *323# to buy a top-up.",telco_info
0,"Bro, abeg transfer N9,000 give me. I dey Ibadan like this, money no dey my hand for transport.",personal
0,I have arrived at Lekki. Will call you once the meeting is done.,personal
1,"Dear customer, your BVN has been flagged for fraud. Kindly text your 11-digit BVN and DOB to 09019919776 to clear your profile.",banking_phishing
1,"Get instant loan of N18,000 directly to your UBA account in 2 minutes! No document needed. Download: bit.ly/ng-loan-12",loan_scam
0,"MTN: Dear Customer, you have used 80% of your daily data bundle. Dial *323# to buy a top-up.",telco_info
0,"Bro, abeg transfer N3,000 give me. I dey Kano like this, money no dey my hand for transport.",personal
1,"ALERT: A transaction of N22,000 was attempted on your PalmPay app. If not you, click http://zenith-secure-portal.com to block account.",banking_phishing
0,"Fidelity: Your One Time Password (OTP) is 548240 for transfer of N9,000.00 to BLESSING. Valid for 5 minutes. DO NOT SHARE.",otp
0,"OPay: Your One Time Password (OTP) is 617594 for transfer of N5,000.00 to IBRAHIM. Valid for 5 minutes. DO NOT SHARE.",otp
1,"CONGRATULATIONS! Your mobile number won N694,000 in the Airtel Promo. Pay N2,000 processing fee to account 0123456789 to receive cash.",advance_fee
0,"Airtel: Dear Customer, you have used 80% of your daily data bundle. Dial *323# to buy a top-up.",telco_info
0,"UBA: Your One Time Password (OTP) is 885551 for transfer of N6,000.00 to IBRAHIM. Valid for 5 minutes. DO NOT SHARE.",otp
0,"OPay: Credit N50,000.00. Desc: NIP/TRANSFER FROM CHIOMA. Bal: N322,000.00.",bank_alert
1,"Central Bank Investment Scheme: N10,000 gives N30,000 in 24 hours. No loss. Call admin on 09012058028 now.",ponzi
0,"GTBank: Your One Time Password (OTP) is 321960 for transfer of N1,000.00 to IBRAHIM. Valid for 5 minutes. DO NOT SHARE.",otp
1,"ALERT: A transaction of N49,000 was attempted on your Fidelity app. If not you, click http://firstbank-secure-portal.com to block account.",banking_phishing
0,"Access Bank: Your One Time Password (OTP) is 985367 for transfer of N2,000.00 to SUNDAY. Valid for 5 minutes. DO NOT SHARE.",otp
0,"UBA: Your One Time Password (OTP) is 696822 for transfer of N7,000.00 to CHIOMA. Valid for 5 minutes. DO NOT SHARE.",otp
1,"Central Bank Investment Scheme: N10,000 gives N30,000 in 24 hours. No loss. Call admin on 09035451224 now.",ponzi
0,"PalmPay: Your One Time Password (OTP) is 259620 for transfer of N3,000.00 to CHUKWUEMEKA. Valid for 5 minutes. DO NOT SHARE.",otp
1,"Federal Govt Empowerment Fund: You are eligible to receive N50,000 relief grant. Claim your grant here: http://fg-empowerment-ng.site",grant_fraud
0,"9mobile: Dear Customer, you have used 80% of your daily data bundle. Dial *323# to buy a top-up.",telco_info
1,"International Oil Company hiring Field Support Staff in Lekki. Earn N350,000 monthly. Send application details via WhatsApp: 07034649566",fake_job
1,"Invest N2,000 and get N37,000 in 45 minutes! 100% paying platform guaranteed. Join Telegram: t.me/ng_crypto_doubler",ponzi
0,"Access Bank: Your One Time Password (OTP) is 754986 for transfer of N1,000.00 to BLESSING. Valid for 5 minutes. DO NOT SHARE.",otp
0,"Airtel: Dear Customer, you have used 80% of your daily data bundle. Dial *323# to buy a top-up.",telco_info
1,"Credit Alert: N710,000.00 credited to your account from ADAMU. Ref: TRX19858751. Call 08023384472 if you did not expect this payment.",fake_alert
0,"Airtel: Dear Customer, you have used 80% of your daily data bundle. Dial *323# to buy a top-up.",telco_info
1,URGENT: Your UBA account has been restricted due to unverified KYC records. Call 08025178273 immediately to update your details.,banking_phishing
0,"FirstBank: Credit N47,000.00. Desc: NIP/TRANSFER FROM SUNDAY. Bal: N372,000.00.",bank_alert
1,"Federal Govt Empowerment Fund: You are eligible to receive N50,000 relief grant. Claim your grant here: http://fg-empowerment-ng.site",grant_fraud
0,Guy how far? You go dey online tonight for the match? Make we talk football.,personal
1,"International Oil Company hiring Field Support Staff in Enugu. Earn N350,000 monthly. Send application details via WhatsApp: 07035962635",fake_job
1,"Credit Alert: N723,000.00 credited to your account from EMMANUEL. Ref: TRX49429976. Call 09037814082 if you did not expect this payment.",fake_alert
0,"Bro, abeg transfer N7,000 give me. I dey Kano like this, money no dey my hand for transport.",personal
1,"Credit Alert: N367,000.00 credited to your account from OLUMIDE. Ref: TRX33469734. Call 08162503856 if you did not expect this payment.",fake_alert
0,Glo: You have successfully activated 1.5GB Data Plan. Valid for 30 days. Dial *312# to check your data balance.,telco_info
0,I have arrived at Ikeja. Will call you once the meeting is done.,personal
1,"CONGRATULATIONS! Your mobile number won N620,000 in the Airtel Promo. Pay N3,000 processing fee to account 0123456789 to receive cash.",advance_fee
1,"International Oil Company hiring Field Support Staff in Lekki. Earn N350,000 monthly. Send application details via WhatsApp: 08027982134",fake_job
1,"Invest N3,000 and get N28,000 in 45 minutes! 100% paying platform guaranteed. Join Telegram: t.me/ng_crypto_doubler",ponzi
0,"Bro, abeg transfer N7,000 give me. I dey Kano like this, money no dey my hand for transport.",personal
1,"Central Bank Investment Scheme: N10,000 gives N30,000 in 24 hours. No loss. Call admin on 08026355578 now.",ponzi
1,"Get instant loan of N19,000 directly to your Fidelity account in 2 minutes! No document needed. Download: bit.ly/ng-loan-36",loan_scam
1,"Federal Govt Empowerment Fund: You are eligible to receive N50,000 relief grant. Claim your grant here: http://fg-empowerment-ng.site",grant_fraud
1,"Credit Alert: N535,000.00 credited to your account from IBRAHIM. Ref: TRX84285882. Call 08031436349 if you did not expect this payment.",fake_alert
0,"UBA: Your One Time Password (OTP) is 440942 for transfer of N9,000.00 to CHUKWUEMEKA. Valid for 5 minutes. DO NOT SHARE.",otp
1,"Dear customer, your BVN has been flagged for fraud. Kindly text your 11-digit BVN and DOB to 08137671052 to clear your profile.",banking_phishing
0,Guy how far? You go dey online tonight for the match? Make we talk football.,personal
0,"Glo: Dear Customer, you have used 80% of your daily data bundle. Dial *323# to buy a top-up.",telco_info
0,"UBA: Credit N15,000.00. Desc: NIP/TRANSFER FROM CHIOMA. Bal: N624,000.00.",bank_alert
1,"Credit Alert: N262,000.00 credited to your account from IBRAHIM. Ref: TRX91419966. Call 09014071499 if you did not expect this payment.",fake_alert
1,"Get instant loan of N28,000 directly to your FirstBank account in 2 minutes! No document needed. Download: bit.ly/ng-loan-61",loan_scam
1,"International Oil Company hiring Field Support Staff in Lekki. Earn N350,000 monthly. Send application details via WhatsApp: 08021838425",fake_job
1,"Dear customer, your BVN has been flagged for fraud. Kindly text your 11-digit BVN and DOB to 08032321298 to clear your profile.",banking_phishing
1,"Central Bank Investment Scheme: N10,000 gives N30,000 in 24 hours. No loss. Call admin on 09039495888 now.",ponzi
0,Airtel: You have successfully activated 1.5GB Data Plan. Valid for 30 days. Dial *312# to check your data balance.,telco_info
0,Good morning ma. Please remember to buy bread and sachet water on your way back from work.,personal
1,"CONGRATULATIONS! Your mobile number won N156,000 in the 9mobile Promo. Pay N2,000 processing fee to account 0123456789 to receive cash.",advance_fee
1,"JOB OFFER: Urgently recruiting Admin Officers at Kano, Lagos. Salary: N180,000/month. Text YES to 08129367785 for interview invitation.",fake_job
1,"JOB OFFER: Urgently recruiting Admin Officers at Yaba, Lagos. Salary: N180,000/month. Text YES to 08167306260 for interview invitation.",fake_job
1,"Invest N9,000 and get N10,000 in 45 minutes! 100% paying platform guaranteed. Join Telegram: t.me/ng_crypto_doubler",ponzi
0,I have arrived at Port Harcourt. Will call you once the meeting is done.,personal
1,DEBT WARNING: OLUMIDE with phone 08030537893 is a chronic defaulter on LendNG. Pay your debt today to avoid publishing your BVN online.,loan_harassment
0,"Bro, abeg transfer N2,000 give me. I dey Ikeja like this, money no dey my hand for transport.",personal
1,DEBT WARNING: CHUKWUEMEKA with phone 08125144648 is a chronic defaulter on EasyCredit. Pay your debt today to avoid publishing your BVN online.,loan_harassment
1,"Get instant loan of N47,000 directly to your FirstBank account in 2 minutes! No document needed. Download: bit.ly/ng-loan-80",loan_scam
0,Good morning ma. Please remember to buy bread and sachet water on your way back from work.,personal
1,"Credit Alert: N509,000.00 credited to your account from OLUMIDE. Ref: TRX47888143. Call 08162853533 if you did not expect this payment.",fake_alert
0,"Glo: Dear Customer, you have used 80% of your daily data bundle. Dial *323# to buy a top-up.",telco_info
0,I have arrived at Ikeja. Will call you once the meeting is done.,personal
0,Good morning ma. Please remember to buy bread and sachet water on your way back from work.,personal
0,Glo: You have successfully activated 1.5GB Data Plan. Valid for 30 days. Dial *312# to check your data balance.,telco_info
0,"Zenith Bank: Acct 012***3183 Debited: N6,000.00 Desc: POS PURCHASE - Surulere. Bal: N42,000.00.",bank_alert
1,URGENT: Your GTBank account has been restricted due to unverified KYC records. Call 08038477954 immediately to update your details.,banking_phishing
0,"UBA: Your One Time Password (OTP) is 749512 for transfer of N3,000.00 to IBRAHIM. Valid for 5 minutes. DO NOT SHARE.",otp
0,Guy how far? You go dey online tonight for the match? Make we talk football.,personal
1,"International Oil Company hiring Field Support Staff in Surulere. Earn N350,000 monthly. Send application details via WhatsApp: 07035108858",fake_job
1,"Central Bank Investment Scheme: N10,000 gives N30,000 in 24 hours. No loss. Call admin on 08033475601 now.",ponzi
0,Glo: You have successfully activated 1.5GB Data Plan. Valid for 30 days. Dial *312# to check your data balance.,telco_info
0,Airtel: You have successfully activated 1.5GB Data Plan. Valid for 30 days. Dial *312# to check your data balance.,telco_info
0,"Kuda: Acct 012***3800 Debited: N1,000.00 Desc: POS PURCHASE - Yaba. Bal: N13,000.00.",bank_alert
1,"Central Bank Investment Scheme: N10,000 gives N30,000 in 24 hours. No loss. Call admin on 07033167040 now.",ponzi
0,Good morning ma. Please remember to buy bread and sachet water on your way back from work.,personal
1,"Credit Alert: N700,000.00 credited to your account from CHUKWUEMEKA. Ref: TRX58077149. Call 08166799368 if you did not expect this payment.",fake_alert
1,"ALERT: A transaction of N45,000 was attempted on your Fidelity app. If not you, click http://zenith-secure-portal.com to block account.",banking_phishing
0,"9mobile: Dear Customer, you have used 80% of your daily data bundle. Dial *323# to buy a top-up.",telco_info
1,"Get instant loan of N41,000 directly to your PalmPay account in 2 minutes! No document needed. Download: bit.ly/ng-loan-19",loan_scam
0,Guy how far? You go dey online tonight for the match? Make we talk football.,personal
1,"Credit Alert: N167,000.00 credited to your account from CHUKWUEMEKA. Ref: TRX30213583. Call 08021000515 if you did not expect this payment.",fake_alert
1,"Invest N2,000 and get N18,000 in 45 minutes! 100% paying platform guaranteed. Join Telegram: t.me/ng_crypto_doubler",ponzi
1,"JOB OFFER: Urgently recruiting Admin Officers at Ikeja, Lagos. Salary: N180,000/month. Text YES to 08032692782 for interview invitation.",fake_job
1,"Central Bank Investment Scheme: N10,000 gives N30,000 in 24 hours. No loss. Call admin on 08133152352 now.",ponzi
1,"Central Bank Investment Scheme: N10,000 gives N30,000 in 24 hours. No loss. Call admin on 07038160717 now.",ponzi
1,"Dear customer, your BVN has been flagged for fraud. Kindly text your 11-digit BVN and DOB to 08020193353 to clear your profile.",banking_phishing
1,"Invest N7,000 and get N33,000 in 45 minutes! 100% paying platform guaranteed. Join Telegram: t.me/ng_crypto_doubler",ponzi
0,"MTN: Dear Customer, you have used 80% of your daily data bundle. Dial *323# to buy a top-up.",telco_info
1,"Central Bank Investment Scheme: N10,000 gives N30,000 in 24 hours. No loss. Call admin on 08123607417 now.",ponzi
1,"Invest N7,000 and get N36,000 in 45 minutes! 100% paying platform guaranteed. Join Telegram: t.me/ng_crypto_doubler",ponzi
1,"Federal Govt Empowerment Fund: You are eligible to receive N50,000 relief grant. Claim your grant here: http://fg-empowerment-ng.site",grant_fraud
1,"Invest N2,000 and get N21,000 in 45 minutes! 100% paying platform guaranteed. Join Telegram: t.me/ng_crypto_doubler",ponzi
1,"Central Bank Investment Scheme: N10,000 gives N30,000 in 24 hours. No loss. Call admin on 08135444589 now.",ponzi
0,I have arrived at Ikeja. Will call you once the meeting is done.,personal
0,Guy how far? You go dey online tonight for the match? Make we talk football.,personal
1,"International Oil Company hiring Field Support Staff in Surulere. Earn N350,000 monthly. Send application details via WhatsApp: 09038023407",fake_job
0,"PalmPay: Credit N34,000.00. Desc: NIP/TRANSFER FROM SUNDAY. Bal: N422,000.00.",bank_alert
1,"JOB OFFER: Urgently recruiting Admin Officers at Yaba, Lagos. Salary: N180,000/month. Text YES to 08021246488 for interview invitation.",fake_job
1,"JOB OFFER: Urgently recruiting Admin Officers at Enugu, Lagos. Salary: N180,000/month. Text YES to 09034085858 for interview invitation.",fake_job
1,"Federal Govt Empowerment Fund: You are eligible to receive N50,000 relief grant. Claim your grant here: http://fg-empowerment-ng.site",grant_fraud
0,"Access Bank: Acct 012***8455 Debited: N5,000.00 Desc: POS PURCHASE - Ikeja. Bal: N48,000.00.",bank_alert
1,"Get instant loan of N44,000 directly to your Zenith Bank account in 2 minutes! No document needed. Download: bit.ly/ng-loan-95",loan_scam
0,"PalmPay: Acct 012***1474 Debited: N5,000.00 Desc: POS PURCHASE - Kano. Bal: N15,000.00.",bank_alert
1,URGENT: Your UBA account has been restricted due to unverified NIN. Call 08120744722 immediately to update your details.,banking_phishing
1,"Get instant loan of N28,000 directly to your OPay account in 2 minutes! No document needed. Download: bit.ly/ng-loan-91",loan_scam
1,"International Oil Company hiring Field Support Staff in Ikeja. Earn N350,000 monthly. Send application details via WhatsApp: 08128876468",fake_job
1,"Central Bank Investment Scheme: N10,000 gives N30,000 in 24 hours. No loss. Call admin on 08028623937 now.",ponzi
0,Guy how far? You go dey online tonight for the match? Make we talk football.,personal
1,"Central Bank Investment Scheme: N10,000 gives N30,000 in 24 hours. No loss. Call admin on 08131992550 now.",ponzi
1,"ALERT: A transaction of N27,000 was attempted on your Kuda app. If not you, click http://firstbank-secure-portal.com to block account.",banking_phishing
1,"Invest N8,000 and get N24,000 in 45 minutes! 100% paying platform guaranteed. Join Telegram: t.me/ng_crypto_doubler",ponzi
0,"MTN: Dear Customer, you have used 80% of your daily data bundle. Dial *323# to buy a top-up.",telco_info
0,"Bro, abeg transfer N8,000 give me. I dey Yaba like this, money no dey my hand for transport.",personal
0,"Bro, abeg transfer N8,000 give me. I dey Abuja like this, money no dey my hand for transport.",personal
1,"Federal Govt Empowerment Fund: You are eligible to receive N50,000 relief grant. Claim your grant here: http://fg-empowerment-ng.site",grant_fraud
1,"International Oil Company hiring Field Support Staff in Abuja. Earn N350,000 monthly. Send application details via WhatsApp: 09015284003",fake_job
0,I have arrived at Port Harcourt. Will call you once the meeting is done.,personal
1,"Invest N6,000 and get N36,000 in 45 minutes! 100% paying platform guaranteed. Join Telegram: t.me/ng_crypto_doubler",ponzi
1,"Federal Govt Empowerment Fund: You are eligible to receive N50,000 relief grant. Claim your grant here: http://fg-empowerment-ng.site",grant_fraud
0,"FirstBank: Your One Time Password (OTP) is 460489 for transfer of N4,000.00 to CHUKWUEMEKA. Valid for 5 minutes. DO NOT SHARE.",otp
0,"Kuda: Acct 012***5227 Debited: N1,000.00 Desc: POS PURCHASE - Ikeja. Bal: N48,000.00.",bank_alert
0,"OPay: Your One Time Password (OTP) is 553991 for transfer of N9,000.00 to CHUKWUEMEKA. Valid for 5 minutes. DO NOT SHARE.",otp
0,Good morning ma. Please remember to buy bread and sachet water on your way back from work.,personal
0,Good morning ma. Please remember to buy bread and sachet water on your way back from work.,personal
1,"Central Bank Investment Scheme: N10,000 gives N30,000 in 24 hours. No loss. Call admin on 08132019703 now.",ponzi
0,"Glo: Dear Customer, you have used 80% of your daily data bundle. Dial *323# to buy a top-up.",telco_info
1,"Get instant loan of N43,000 directly to your Fidelity account in 2 minutes! No document needed. Download: bit.ly/ng-loan-53",loan_scam
0,Guy how far? You go dey online tonight for the match? Make we talk football.,personal
1,"Invest N6,000 and get N41,000 in 45 minutes! 100% paying platform guaranteed. Join Telegram: t.me/ng_crypto_doubler",ponzi
0,Guy how far? You go dey online tonight for the match? Make we talk football.,personal
0,"Airtel: Dear Customer, you have used 80% of your daily data bundle. Dial *323# to buy a top-up.",telco_info
1,"CONGRATULATIONS! Your mobile number won N863,000 in the Glo Promo. Pay N7,000 processing fee to account 0123456789 to receive cash.",advance_fee
1,DEBT WARNING: CHUKWUEMEKA with phone 08125979270 is a chronic defaulter on PalmCredit. Pay your debt today to avoid publishing your BVN online.,loan_harassment
0,"Airtel: Dear Customer, you have used 80% of your daily data bundle. Dial *323# to buy a top-up.",telco_info
1,"Dear customer, your BVN has been flagged for fraud. Kindly text your 11-digit BVN and DOB to 08035841680 to clear your profile.",banking_phishing
1,"JOB OFFER: Urgently recruiting Admin Officers at Surulere, Lagos. Salary: N180,000/month. Text YES to 08162363628 for interview invitation.",fake_job
0,"Bro, abeg transfer N6,000 give me. I dey Abuja like this, money no dey my hand for transport.",personal
0,Glo: You have successfully activated 1.5GB Data Plan. Valid for 30 days. Dial *312# to check your data balance.,telco_info
0,Good morning ma. Please remember to buy bread and sachet water on your way back from work.,personal
0,"9mobile: Dear Customer, you have used 80% of your daily data bundle. Dial *323# to buy a top-up.",telco_info
1,"International Oil Company hiring Field Support Staff in Lekki. Earn N350,000 monthly. Send application details via WhatsApp: 08036904389",fake_job
0,I have arrived at Kano. Will call you once the meeting is done.,personal
1,"ALERT: A transaction of N48,000 was attempted on your Access Bank app. If not you, click http://access-secure-portal.com to block account.",banking_phishing
0,"OPay: Your One Time Password (OTP) is 219709 for transfer of N1,000.00 to ADAMU. Valid for 5 minutes. DO NOT SHARE.",otp
0,I have arrived at Kano. Will call you once the meeting is done.,personal
0,I have arrived at Kano. Will call you once the meeting is done.,personal
0,"Zenith Bank: Acct 012***6465 Debited: N1,000.00 Desc: POS PURCHASE - Ibadan. Bal: N31,000.00.",bank_alert
1,URGENT: Your GTBank account has been restricted due to unverified BVN. Call 08122355220 immediately to update your details.,banking_phishing
0,"Bro, abeg transfer N7,000 give me. I dey Surulere like this, money no dey my hand for transport.",personal
1,"Central Bank Investment Scheme: N10,000 gives N30,000 in 24 hours. No loss. Call admin on 08169005783 now.",ponzi
1,"Federal Govt Empowerment Fund: You are eligible to receive N50,000 relief grant. Claim your grant here: http://fg-empowerment-ng.site",grant_fraud
0,"UBA: Your One Time Password (OTP) is 843232 for transfer of N3,000.00 to CHIOMA. Valid for 5 minutes. DO NOT SHARE.",otp
1,"ALERT: A transaction of N47,000 was attempted on your Fidelity app. If not you, click http://zenith-secure-portal.com to block account.",banking_phishing
0,Guy how far? You go dey online tonight for the match? Make we talk football.,personal
1,"Get instant loan of N49,000 directly to your OPay account in 2 minutes! No document needed. Download: bit.ly/ng-loan-29",loan_scam
0,"FirstBank: Credit N11,000.00. Desc: NIP/TRANSFER FROM ADAMU. Bal: N471,000.00.",bank_alert
1,"Federal Govt Empowerment Fund: You are eligible to receive N50,000 relief grant. Claim your grant here: http://fg-empowerment-ng.site",grant_fraud
1,"Credit Alert: N629,000.00 credited to your account from IBRAHIM. Ref: TRX84186213. Call 09015309627 if you did not expect this payment.",fake_alert
0,Guy how far? You go dey online tonight for the match? Make we talk football.,personal
1,"International Oil Company hiring Field Support Staff in Lekki. Earn N350,000 monthly. Send application details via WhatsApp: 09033273112",fake_job
1,"Credit Alert: N900,000.00 credited to your account from OLUMIDE. Ref: TRX64651149. Call 08124809624 if you did not expect this payment.",fake_alert
0,"Glo: Dear Customer, you have used 80% of your daily data bundle. Dial *323# to buy a top-up.",telco_info
0,MTN: You have successfully activated 1.5GB Data Plan. Valid for 30 days. Dial *312# to check your data balance.,telco_info
0,"9mobile: Dear Customer, you have used 80% of your daily data bundle. Dial *323# to buy a top-up.",telco_info
0,"Bro, abeg transfer N5,000 give me. I dey Abuja like this, money no dey my hand for transport.",personal
0,Airtel: You have successfully activated 1.5GB Data Plan. Valid for 30 days. Dial *312# to check your data balance.,telco_info
0,Glo: You have successfully activated 1.5GB Data Plan. Valid for 30 days. Dial *312# to check your data balance.,telco_info
1,"Central Bank Investment Scheme: N10,000 gives N30,000 in 24 hours. No loss. Call admin on 08125507868 now.",ponzi
0,I have arrived at Enugu. Will call you once the meeting is done.,personal
1,DEBT WARNING: BLESSING with phone 08169832323 is a chronic defaulter on LendNG. Pay your debt today to avoid publishing your BVN online.,loan_harassment
1,"ALERT: A transaction of N10,000 was attempted on your OPay app. If not you, click http://zenith-secure-portal.com to block account.",banking_phishing
1,"Federal Govt Empowerment Fund: You are eligible to receive N50,000 relief grant. Claim your grant here: http://fg-empowerment-ng.site",grant_fraud
0,"GTBank: Your One Time Password (OTP) is 905066 for transfer of N6,000.00 to OLUMIDE. Valid for 5 minutes. DO NOT SHARE.",otp
0,I have arrived at Yaba. Will call you once the meeting is done.,personal
1,"International Oil Company hiring Field Support Staff in Abuja. Earn N350,000 monthly. Send application details via WhatsApp: 09015791805",fake_job
0,"Bro, abeg transfer N7,000 give me. I dey Ikeja like this, money no dey my hand for transport.",personal
0,"UBA: Credit N38,000.00. Desc: NIP/TRANSFER FROM CHIOMA. Bal: N366,000.00.",bank_alert
1,"Central Bank Investment Scheme: N10,000 gives N30,000 in 24 hours. No loss. Call admin on 08133773129 now.",ponzi
1,"Invest N2,000 and get N29,000 in 45 minutes! 100% paying platform guaranteed. Join Telegram: t.me/ng_crypto_doubler",ponzi
1,"Get instant loan of N47,000 directly to your PalmPay account in 2 minutes! No document needed. Download: bit.ly/ng-loan-63",loan_scam
1,"International Oil Company hiring Field Support Staff in Yaba. Earn N350,000 monthly. Send application details via WhatsApp: 08020448177",fake_job
0,Good morning ma. Please remember to buy bread and sachet water on your way back from work.,personal
1,DEBT WARNING: KELECHI with phone 09033572989 is a chronic defaulter on FastCash. Pay your debt today to avoid publishing your BVN online.,loan_harassment
1,"ALERT: A transaction of N44,000 was attempted on your Fidelity app. If not you, click http://gtb-secure-portal.com to block account.",banking_phishing
1,"CONGRATULATIONS! Your mobile number won N549,000 in the 9mobile Promo. Pay N1,000 processing fee to account 0123456789 to receive cash.",advance_fee
0,Guy how far? You go dey online tonight for the match? Make we talk football.,personal
0,Guy how far? You go dey online tonight for the match? Make we talk football.,personal
1,"Credit Alert: N881,000.00 credited to your account from OLUMIDE. Ref: TRX67651904. Call 08022233865 if you did not expect this payment.",fake_alert
0,MTN: You have successfully activated 1.5GB Data Plan. Valid for 30 days. Dial *312# to check your data balance.,telco_info
1,"Central Bank Investment Scheme: N10,000 gives N30,000 in 24 hours. No loss. Call admin on 08128269934 now.",ponzi
1,"CONGRATULATIONS! Your mobile number won N297,000 in the Airtel Promo. Pay N3,000 processing fee to account 0123456789 to receive cash.",advance_fee
1,"Get instant loan of N30,000 directly to your Fidelity account in 2 minutes! No document needed. Download: bit.ly/ng-loan-27",loan_scam
0,Good morning ma. Please remember to buy bread and sachet water on your way back from work.,personal
0,I have arrived at Enugu. Will call you once the meeting is done.,personal
0,"Access Bank: Credit N27,000.00. Desc: NIP/TRANSFER FROM CHUKWUEMEKA. Bal: N699,000.00.",bank_alert
1,"Invest N8,000 and get N41,000 in 45 minutes! 100% paying platform guaranteed. Join Telegram: t.me/ng_crypto_doubler",ponzi
1,"Central Bank Investment Scheme: N10,000 gives N30,000 in 24 hours. No loss. Call admin on 07030242403 now.",ponzi
1,DEBT WARNING: IBRAHIM with phone 08122473126 is a chronic defaulter on LendNG. Pay your debt today to avoid publishing your BVN online.,loan_harassment
1,"Central Bank Investment Scheme: N10,000 gives N30,000 in 24 hours. No loss. Call admin on 08160769864 now.",ponzi
0,Glo: You have successfully activated 1.5GB Data Plan. Valid for 30 days. Dial *312# to check your data balance.,telco_info
0,"MTN: Dear Customer, you have used 80% of your daily data bundle. Dial *323# to buy a top-up.",telco_info
0,9mobile: You have successfully activated 1.5GB Data Plan. Valid for 30 days. Dial *312# to check your data balance.,telco_info
1,"Federal Govt Empowerment Fund: You are eligible to receive N50,000 relief grant. Claim your grant here: http://fg-empowerment-ng.site",grant_fraud
0,"PalmPay: Acct 012***5166 Debited: N8,000.00 Desc: POS PURCHASE - Kano. Bal: N23,000.00.",bank_alert
0,Guy how far? You go dey online tonight for the match? Make we talk football.,personal
1,"ALERT: A transaction of N42,000 was attempted on your Fidelity app. If not you, click http://firstbank-secure-portal.com to block account.",banking_phishing
1,DEBT WARNING: BLESSING with phone 09030083476 is a chronic defaulter on QuickLoan. Pay your debt today to avoid publishing your BVN online.,loan_harassment
1,"JOB OFFER: Urgently recruiting Admin Officers at Lekki, Lagos. Salary: N180,000/month. Text YES to 08120297021 for interview invitation.",fake_job
0,I have arrived at Surulere. Will call you once the meeting is done.,personal
1,"Central Bank Investment Scheme: N10,000 gives N30,000 in 24 hours. No loss. Call admin on 08021667329 now.",ponzi
1,"CONGRATULATIONS! Your mobile number won N691,000 in the 9mobile Promo. Pay N1,000 processing fee to account 0123456789 to receive cash.",advance_fee
1,"Credit Alert: N715,000.00 credited to your account from BLESSING. Ref: TRX16689317. Call 08034247960 if you did not expect this payment.",fake_alert
1,"Invest N6,000 and get N42,000 in 45 minutes! 100% paying platform guaranteed. Join Telegram: t.me/ng_crypto_doubler",ponzi
0,"Access Bank: Your One Time Password (OTP) is 298792 for transfer of N4,000.00 to CHUKWUEMEKA. Valid for 5 minutes. DO NOT SHARE.",otp
1,"Get instant loan of N14,000 directly to your FirstBank account in 2 minutes! No document needed. Download: bit.ly/ng-loan-79",loan_scam
0,"MTN: Dear Customer, you have used 80% of your daily data bundle. Dial *323# to buy a top-up.",telco_info
1,"Federal Govt Empowerment Fund: You are eligible to receive N50,000 relief grant. Claim your grant here: http://fg-empowerment-ng.site",grant_fraud
0,"Bro, abeg transfer N5,000 give me. I dey Kano like this, money no dey my hand for transport.",personal
1,"Credit Alert: N535,000.00 credited to your account from OLUMIDE. Ref: TRX29041068. Call 09034752864 if you did not expect this payment.",fake_alert
0,I have arrived at Port Harcourt. Will call you once the meeting is done.,personal
0,"Zenith Bank: Acct 012***2162 Debited: N7,000.00 Desc: POS PURCHASE - Kano. Bal: N29,000.00.",bank_alert
1,"Federal Govt Empowerment Fund: You are eligible to receive N50,000 relief grant. Claim your grant here: http://fg-empowerment-ng.site",grant_fraud
1,"CONGRATULATIONS! Your mobile number won N711,000 in the 9mobile Promo. Pay N1,000 processing fee to account 0123456789 to receive cash.",advance_fee
1,"Central Bank Investment Scheme: N10,000 gives N30,000 in 24 hours. No loss. Call admin on 09030079740 now.",ponzi
1,"JOB OFFER: Urgently recruiting Admin Officers at Enugu, Lagos. Salary: N180,000/month. Text YES to 08027845875 for interview invitation.",fake_job
1,URGENT: Your OPay account has been restricted due to unverified BVN. Call 08037121138 immediately to update your details.,banking_phishing
1,"ALERT: A transaction of N33,000 was attempted on your FirstBank app. If not you, click http://gtb-secure-portal.com to block account.",banking_phishing
0,MTN: You have successfully activated 1.5GB Data Plan. Valid for 30 days. Dial *312# to check your data balance.,telco_info
0,"Bro, abeg transfer N2,000 give me. I dey Kano like this, money no dey my hand for transport.",personal
1,URGENT: Your FirstBank account has been restricted due to unverified KYC records. Call 08039928610 immediately to update your details.,banking_phishing
0,Good morning ma. Please remember to buy bread and sachet water on your way back from work.,personal
1,"Invest N5,000 and get N11,000 in 45 minutes! 100% paying platform guaranteed. Join Telegram: t.me/ng_crypto_doubler",ponzi
0,Good morning ma. Please remember to buy bread and sachet water on your way back from work.,personal
0,"Access Bank: Credit N45,000.00. Desc: NIP/TRANSFER FROM BLESSING. Bal: N616,000.00.",bank_alert
1,"Dear customer, your BVN has been flagged for fraud. Kindly text your 11-digit BVN and DOB to 08129662991 to clear your profile.",banking_phishing
1,"JOB OFFER: Urgently recruiting Admin Officers at Ikeja, Lagos. Salary: N180,000/month. Text YES to 08123477146 for interview invitation.",fake_job
0,"FirstBank: Your One Time Password (OTP) is 185514 for transfer of N6,000.00 to IBRAHIM. Valid for 5 minutes. DO NOT SHARE.",otp
1,DEBT WARNING: ADAMU with phone 09035133861 is a chronic defaulter on EasyCredit. Pay your debt today to avoid publishing your BVN online.,loan_harassment
1,DEBT WARNING: EMMANUEL with phone 07032823344 is a chronic defaulter on EasyCredit. Pay your debt today to avoid publishing your BVN online.,loan_harassment
0,"MTN: Dear Customer, you have used 80% of your daily data bundle. Dial *323# to buy a top-up.",telco_info
0,"FirstBank: Credit N13,000.00. Desc: NIP/TRANSFER FROM CHUKWUEMEKA. Bal: N585,000.00.",bank_alert
1,DEBT WARNING: IBRAHIM with phone 08037185331 is a chronic defaulter on PalmCredit. Pay your debt today to avoid publishing your BVN online.,loan_harassment
0,"Bro, abeg transfer N7,000 give me. I dey Lekki like this, money no dey my hand for transport.",personal
0,"UBA: Your One Time Password (OTP) is 446535 for transfer of N9,000.00 to CHIOMA. Valid for 5 minutes. DO NOT SHARE.",otp
1,"CONGRATULATIONS! Your mobile number won N794,000 in the Glo Promo. Pay N8,000 processing fee to account 0123456789 to receive cash.",advance_fee
0,Good morning ma. Please remember to buy bread and sachet water on your way back from work.,personal
0,"Zenith Bank: Acct 012***8402 Debited: N9,000.00 Desc: POS PURCHASE - Kano. Bal: N40,000.00.",bank_alert
1,"Central Bank Investment Scheme: N10,000 gives N30,000 in 24 hours. No loss. Call admin on 09015444792 now.",ponzi
0,"Kuda: Acct 012***8835 Debited: N9,000.00 Desc: POS PURCHASE - Lekki. Bal: N18,000.00.",bank_alert
0,"Bro, abeg transfer N3,000 give me. I dey Enugu like this, money no dey my hand for transport.",personal
0,"UBA: Credit N35,000.00. Desc: NIP/TRANSFER FROM CHIOMA. Bal: N474,000.00.",bank_alert
0,"GTBank: Credit N30,000.00. Desc: NIP/TRANSFER FROM EMMANUEL. Bal: N310,000.00.",bank_alert
1,"International Oil Company hiring Field Support Staff in Port Harcourt. Earn N350,000 monthly. Send application details via WhatsApp: 08137105392",fake_job
1,"Central Bank Investment Scheme: N10,000 gives N30,000 in 24 hours. No loss. Call admin on 08123398454 now.",ponzi
0,Good morning ma. Please remember to buy bread and sachet water on your way back from work.,personal
1,"CONGRATULATIONS! Your mobile number won N248,000 in the Airtel Promo. Pay N3,000 processing fee to account 0123456789 to receive cash.",advance_fee
0,Guy how far? You go dey online tonight for the match? Make we talk football.,personal
1,"International Oil Company hiring Field Support Staff in Kano. Earn N350,000 monthly. Send application details via WhatsApp: 09019514186",fake_job
0,"Kuda: Credit N16,000.00. Desc: NIP/TRANSFER FROM IBRAHIM. Bal: N492,000.00.",bank_alert
0,"GTBank: Your One Time Password (OTP) is 525167 for transfer of N3,000.00 to CHIOMA. Valid for 5 minutes. DO NOT SHARE.",otp
0,Airtel: You have successfully activated 1.5GB Data Plan. Valid for 30 days. Dial *312# to check your data balance.,telco_info
0,Good morning ma. Please remember to buy bread and sachet water on your way back from work.,personal
1,"JOB OFFER: Urgently recruiting Admin Officers at Surulere, Lagos. Salary: N180,000/month. Text YES to 09030102569 for interview invitation.",fake_job
0,"Bro, abeg transfer N2,000 give me. I dey Surulere like this, money no dey my hand for transport.",personal
0,Good morning ma. Please remember to buy bread and sachet water on your way back from work.,personal
1,"Get instant loan of N17,000 directly to your Access Bank account in 2 minutes! No document needed. Download: bit.ly/ng-loan-12",loan_scam
0,Good morning ma. Please remember to buy bread and sachet water on your way back from work.,personal
1,"ALERT: A transaction of N46,000 was attempted on your FirstBank app. If not you, click http://zenith-secure-portal.com to block account.",banking_phishing
1,"Get instant loan of N44,000 directly to your GTBank account in 2 minutes! No document needed. Download: bit.ly/ng-loan-66",loan_scam
1,"ALERT: A transaction of N40,000 was attempted on your UBA app. If not you, click http://access-secure-portal.com to block account.",banking_phishing
0,"Airtel: Dear Customer, you have used 80% of your daily data bundle. Dial *323# to buy a top-up.",telco_info
1,"Invest N4,000 and get N11,000 in 45 minutes! 100% paying platform guaranteed. Join Telegram: t.me/ng_crypto_doubler",ponzi
1,"Credit Alert: N249,000.00 credited to your account from SUNDAY. Ref: TRX41063097. Call 08022930431 if you did not expect this payment.",fake_alert
1,"JOB OFFER: Urgently recruiting Admin Officers at Abuja, Lagos. Salary: N180,000/month. Text YES to 09032159183 for interview invitation.",fake_job
1,"International Oil Company hiring Field Support Staff in Ibadan. Earn N350,000 monthly. Send application details via WhatsApp: 07033470149",fake_job
1,"Invest N8,000 and get N48,000 in 45 minutes! 100% paying platform guaranteed. Join Telegram: t.me/ng_crypto_doubler",ponzi
1,"Federal Govt Empowerment Fund: You are eligible to receive N50,000 relief grant. Claim your grant here: http://fg-empowerment-ng.site",grant_fraud
1,"Get instant loan of N40,000 directly to your OPay account in 2 minutes! No document needed. Download: bit.ly/ng-loan-39",loan_scam
1,"Central Bank Investment Scheme: N10,000 gives N30,000 in 24 hours. No loss. Call admin on 08162483259 now.",ponzi
0,9mobile: You have successfully activated 1.5GB Data Plan. Valid for 30 days. Dial *312# to check your data balance.,telco_info
1,"Get instant loan of N14,000 directly to your FirstBank account in 2 minutes! No document needed. Download: bit.ly/ng-loan-41",loan_scam
0,"OPay: Acct 012***6636 Debited: N5,000.00 Desc: POS PURCHASE - Surulere. Bal: N38,000.00.",bank_alert
0,"Glo: Dear Customer, you have used 80% of your daily data bundle. Dial *323# to buy a top-up.",telco_info
0,I have arrived at Kano. Will call you once the meeting is done.,personal
1,"Federal Govt Empowerment Fund: You are eligible to receive N50,000 relief grant. Claim your grant here: http://fg-empowerment-ng.site",grant_fraud
1,"International Oil Company hiring Field Support Staff in Yaba. Earn N350,000 monthly. Send application details via WhatsApp: 09034093099",fake_job
0,"GTBank: Acct 012***9256 Debited: N5,000.00 Desc: POS PURCHASE - Abuja. Bal: N32,000.00.",bank_alert
0,"Airtel: Dear Customer, you have used 80% of your daily data bundle. Dial *323# to buy a top-up.",telco_info
1,DEBT WARNING: CHUKWUEMEKA with phone 09018294863 is a chronic defaulter on QuickLoan. Pay your debt today to avoid publishing your BVN online.,loan_harassment
1,"ALERT: A transaction of N36,000 was attempted on your PalmPay app. If not you, click http://access-secure-portal.com to block account.",banking_phishing
0,9mobile: You have successfully activated 1.5GB Data Plan. Valid for 30 days. Dial *312# to check your data balance.,telco_info
0,"Access Bank: Your One Time Password (OTP) is 282055 for transfer of N2,000.00 to EMMANUEL. Valid for 5 minutes. DO NOT SHARE.",otp
1,"Credit Alert: N181,000.00 credited to your account from OLUMIDE. Ref: TRX18461026. Call 08020995872 if you did not expect this payment.",fake_alert
1,"International Oil Company hiring Field Support Staff in Ibadan. Earn N350,000 monthly. Send application details via WhatsApp: 08034828148",fake_job
0,MTN: You have successfully activated 1.5GB Data Plan. Valid for 30 days. Dial *312# to check your data balance.,telco_info
0,I have arrived at Kano. Will call you once the meeting is done.,personal
0,Guy how far? You go dey online tonight for the match? Make we talk football.,personal
0,Guy how far? You go dey online tonight for the match? Make we talk football.,personal
1,"Dear customer, your BVN has been flagged for fraud. Kindly text your 11-digit BVN and DOB to 08039358717 to clear your profile.",banking_phishing
0,I have arrived at Surulere. Will call you once the meeting is done.,personal
1,"Central Bank Investment Scheme: N10,000 gives N30,000 in 24 hours. No loss. Call admin on 09031863239 now.",ponzi
1,"Credit Alert: N378,000.00 credited to your account from CHUKWUEMEKA. Ref: TRX94765944. Call 08028670244 if you did not expect this payment.",fake_alert
0,"Zenith Bank: Credit N27,000.00. Desc: NIP/TRANSFER FROM OLUMIDE. Bal: N765,000.00.",bank_alert
1,"Invest N2,000 and get N29,000 in 45 minutes! 100% paying platform guaranteed. Join Telegram: t.me/ng_crypto_doubler",ponzi
1,"CONGRATULATIONS! Your mobile number won N278,000 in the Airtel Promo. Pay N1,000 processing fee to account 0123456789 to receive cash.",advance_fee
1,"JOB OFFER: Urgently recruiting Admin Officers at Abuja, Lagos. Salary: N180,000/month. Text YES to 09033952574 for interview invitation.",fake_job
0,"FirstBank: Acct 012***3742 Debited: N7,000.00 Desc: POS PURCHASE - Yaba. Bal: N45,000.00.",bank_alert
1,"International Oil Company hiring Field Support Staff in Kano. Earn N350,000 monthly. Send application details via WhatsApp: 09033550666",fake_job
0,"Fidelity: Acct 012***7741 Debited: N5,000.00 Desc: POS PURCHASE - Enugu. Bal: N49,000.00.",bank_alert
0,"Bro, abeg transfer N5,000 give me. I dey Yaba like this, money no dey my hand for transport.",personal
1,"Dear customer, your BVN has been flagged for fraud. Kindly text your 11-digit BVN and DOB to 08029878333 to clear your profile.",banking_phishing
0,"Bro, abeg transfer N3,000 give me. I dey Ikeja like this, money no dey my hand for transport.",personal
0,"PalmPay: Your One Time Password (OTP) is 830439 for transfer of N2,000.00 to KELECHI. Valid for 5 minutes. DO NOT SHARE.",otp
0,"Bro, abeg transfer N3,000 give me. I dey Surulere like this, money no dey my hand for transport.",personal
0,"9mobile: Dear Customer, you have used 80% of your daily data bundle. Dial *323# to buy a top-up.",telco_info
1,"CONGRATULATIONS! Your mobile number won N523,000 in the 9mobile Promo. Pay N2,000 processing fee to account 0123456789 to receive cash.",advance_fee
1,"Get instant loan of N36,000 directly to your PalmPay account in 2 minutes! No document needed. Download: bit.ly/ng-loan-70",loan_scam
1,"ALERT: A transaction of N11,000 was attempted on your Kuda app. If not you, click http://gtb-secure-portal.com to block account.",banking_phishing
0,"UBA: Acct 012***4247 Debited: N9,000.00 Desc: POS PURCHASE - Kano. Bal: N44,000.00.",bank_alert
0,"Bro, abeg transfer N7,000 give me. I dey Surulere like this, money no dey my hand for transport.",personal
1,"Credit Alert: N206,000.00 credited to your account from ADAMU. Ref: TRX56278607. Call 08036706540 if you did not expect this payment.",fake_alert
1,"Federal Govt Empowerment Fund: You are eligible to receive N50,000 relief grant. Claim your grant here: http://fg-empowerment-ng.site",grant_fraud
1,"Central Bank Investment Scheme: N10,000 gives N30,000 in 24 hours. No loss. Call admin on 08039478306 now.",ponzi
0,"FirstBank: Your One Time Password (OTP) is 126920 for transfer of N1,000.00 to CHIOMA. Valid for 5 minutes. DO NOT SHARE.",otp
0,MTN: You have successfully activated 1.5GB Data Plan. Valid for 30 days. Dial *312# to check your data balance.,telco_info
1,"Dear customer, your BVN has been flagged for fraud. Kindly text your 11-digit BVN and DOB to 08039520046 to clear your profile.",banking_phishing
0,I have arrived at Ibadan. Will call you once the meeting is done.,personal
0,I have arrived at Enugu. Will call you once the meeting is done.,personal
1,"JOB OFFER: Urgently recruiting Admin Officers at Yaba, Lagos. Salary: N180,000/month. Text YES to 07034742123 for interview invitation.",fake_job
